user_id,game_id,difficulty_level,score,accuracy,completion_time,mistakes,attempts,completed,timestamp,cognitive_area,mistake_rate,performance_score,recommended_difficulty
U001,routine_order,easy,90,90.44,28,1,9,True,2026-06-19 00:16:19.175681,sequencing,0.111,89.96,medium
U001,routine_order,hard,70,71.79,82,3,12,True,2026-07-19 21:16:19.176594,sequencing,0.25,71.72,hard
U001,pattern_recall,medium,90,91.62,68,1,13,True,2026-07-13 13:16:19.177003,attention,0.077,91.11,hard
U001,routine_order,medium,80,79.22,41,2,11,False,2026-09-07 18:16:19.177360,sequencing,0.182,80.05,hard
U001,routine_order,hard,70,63.0,81,3,9,True,2026-07-12 16:16:19.177868,sequencing,0.333,66.54,hard
U001,memory_match,hard,84,65.14,56,2,6,True,2026-09-08 17:16:19.178326,memory,0.333,73.0,hard
U001,pattern_recall,medium,80,72.39,51,2,6,True,2026-08-07 13:16:19.178563,attention,0.333,74.3,medium
U001,pattern_recall,medium,60,67.93,64,4,11,True,2026-07-10 15:16:19.178676,attention,0.364,63.89,medium
U001,memory_match,easy,92,92.74,29,1,14,False,2026-07-12 10:16:19.178765,memory,0.071,92.48,medium
U001,memory_match,easy,92,90.82,46,1,7,True,2026-09-05 13:16:19.178849,memory,0.143,90.27,medium
U001,routine_order,medium,60,61.92,63,4,11,True,2026-06-14 18:16:19.178930,sequencing,0.364,61.49,medium
U001,routine_order,medium,80,76.28,62,2,9,False,2026-09-07 22:16:19.179017,sequencing,0.222,78.07,medium
U001,memory_match,medium,60,69.2,40,5,15,True,2026-08-26 13:16:19.179097,memory,0.333,65.02,medium
U001,memory_match,hard,84,69.87,66,2,8,True,2026-09-06 18:16:19.179175,memory,0.25,76.55,hard
U001,routine_order,hard,90,83.78,64,1,8,True,2026-07-01 04:16:19.179255,sequencing,0.125,87.01,hard
U001,pattern_recall,medium,70,62.33,61,3,9,True,2026-08-13 11:16:19.179351,attention,0.333,66.27,medium
U001,pattern_recall,medium,90,90.72,52,1,13,True,2026-09-09 03:16:19.179428,attention,0.077,90.75,hard
U001,memory_match,easy,68,76.3,29,4,15,True,2026-08-04 22:16:19.179505,memory,0.267,72.38,easy
U001,routine_order,medium,80,81.53,48,2,10,True,2026-06-14 14:16:19.179580,sequencing,0.2,80.61,hard
U001,memory_match,medium,92,76.81,30,1,5,True,2026-07-16 06:16:19.179658,memory,0.2,83.52,hard
U001,routine_order,easy,80,84.36,39,2,11,True,2026-09-09 04:16:19.179734,sequencing,0.182,82.1,medium
U001,pattern_recall,medium,50,52.01,68,5,10,True,2026-07-04 00:16:19.179815,attention,0.5,50.8,easy
U001,routine_order,hard,80,76.28,63,2,9,True,2026-07-02 01:16:19.179930,sequencing,0.222,78.07,hard
U001,routine_order,hard,70,59.09,63,3,7,True,2026-07-13 19:16:19.180014,sequencing,0.429,63.06,hard
U001,routine_order,medium,60,61.49,51,4,11,True,2026-08-08 15:16:19.180090,sequencing,0.364,61.32,medium
U001,routine_order,medium,80,81.82,61,2,13,True,2026-08-18 13:16:19.180165,sequencing,0.154,81.65,hard
U001,routine_order,hard,70,79.44,76,3,13,True,2026-09-08 22:16:19.180250,sequencing,0.231,75.16,hard
U001,pattern_recall,easy,80,87.6,44,2,13,True,2026-08-22 07:16:19.180327,attention,0.154,83.96,medium
U001,routine_order,medium,70,83.18,65,3,15,True,2026-08-05 17:16:19.180406,sequencing,0.2,77.27,medium
U001,pattern_recall,hard,70,74.67,68,3,13,True,2026-06-20 21:16:19.180483,attention,0.231,73.25,hard
U002,pattern_recall,hard,80,57.09,78,2,5,True,2026-08-27 02:16:19.180570,attention,0.4,66.84,hard
U002,routine_order,hard,70,77.22,93,3,15,True,2026-08-19 09:16:19.180649,sequencing,0.2,74.89,hard
U002,pattern_recall,medium,70,76.89,55,3,12,True,2026-08-20 22:16:19.180722,attention,0.25,73.76,medium
U002,routine_order,easy,90,91.26,25,1,7,True,2026-07-08 06:16:19.180797,sequencing,0.143,89.64,medium
U002,memory_match,medium,84,75.76,59,2,9,True,2026-07-12 22:16:19.180872,memory,0.222,79.46,medium
U002,routine_order,easy,100,95.46,31,0,7,True,2026-08-16 13:16:19.181546,sequencing,0.0,98.18,medium
U002,routine_order,medium,80,83.3,71,2,12,True,2026-07-25 01:16:19.181692,sequencing,0.167,81.98,hard
U002,routine_order,medium,60,68.45,38,4,14,True,2026-08-08 14:16:19.181784,sequencing,0.286,65.66,medium
U002,routine_order,medium,60,63.22,39,4,11,True,2026-07-21 23:16:19.181876,sequencing,0.364,62.01,medium
U002,memory_match,medium,84,71.44,48,2,7,True,2026-07-06 00:16:19.181977,memory,0.286,76.46,medium
U002,routine_order,medium,70,67.87,45,3,10,True,2026-06-16 06:16:19.182095,sequencing,0.3,69.15,medium
U002,pattern_recall,medium,80,80.54,27,2,9,True,2026-07-19 11:16:19.182181,attention,0.222,79.78,medium
U002,memory_match,hard,92,92.89,92,1,11,True,2026-08-25 10:16:19.182262,memory,0.091,92.14,hard
U002,pattern_recall,medium,90,87.48,42,1,7,True,2026-07-17 18:16:19.182340,attention,0.143,88.13,hard
U002,pattern_recall,easy,90,83.64,25,1,9,True,2026-09-09 08:16:19.182418,attention,0.111,87.24,medium
U002,pattern_recall,medium,80,78.84,57,2,11,True,2026-07-03 01:16:19.182497,attention,0.182,79.9,medium
U002,memory_match,hard,84,69.87,63,2,7,True,2026-07-15 09:16:19.182577,memory,0.286,75.83,hard
U002,memory_match,hard,60,66.63,92,5,14,True,2026-06-17 16:16:19.182653,memory,0.357,63.51,hard
U002,memory_match,medium,52,57.05,34,6,14,True,2026-08-07 03:16:19.182731,memory,0.429,55.04,easy
U002,routine_order,medium,90,77.59,78,1,5,True,2026-09-06 07:16:19.182812,sequencing,0.2,83.04,hard
U002,routine_order,medium,70,77.7,45,3,15,True,2026-08-29 05:16:19.182888,sequencing,0.2,75.08,medium
U002,routine_order,easy,100,100.0,12,0,9,True,2026-07-07 22:16:19.182967,sequencing,0.0,100.0,medium
U002,pattern_recall,hard,90,71.81,63,1,5,True,2026-08-15 13:16:19.183045,attention,0.2,80.72,hard
U002,pattern_recall,medium,80,71.11,60,2,8,True,2026-06-26 23:16:19.183124,attention,0.25,75.44,medium
U002,memory_match,easy,92,85.51,41,1,9,True,2026-07-08 20:16:19.183200,memory,0.111,88.78,medium
U002,memory_match,hard,60,51.12,55,5,11,True,2026-08-18 18:16:19.183275,memory,0.455,55.35,medium
U002,memory_match,hard,76,77.25,80,3,13,True,2026-07-10 03:16:19.183354,memory,0.231,76.68,hard
U002,memory_match,medium,84,71.1,46,2,8,True,2026-08-22 11:16:19.183435,memory,0.25,77.04,medium
U002,memory_match,hard,84,70.04,73,2,8,True,2026-08-25 02:16:19.183514,memory,0.25,76.62,hard
U002,memory_match,hard,84,80.24,96,2,9,True,2026-08-18 07:16:19.183591,memory,0.222,81.26,hard
U003,memory_match,hard,76,68.88,59,3,11,False,2026-09-05 20:16:19.183676,memory,0.273,72.49,hard
U003,routine_order,easy,70,76.75,31,3,13,True,2026-08-24 17:16:19.183752,sequencing,0.231,74.08,easy
U003,routine_order,medium,80,72.67,52,2,6,True,2026-07-06 18:16:19.183829,sequencing,0.333,74.41,medium
U003,memory_match,easy,92,89.46,17,1,5,True,2026-08-24 16:16:19.183931,memory,0.2,88.58,medium
U003,memory_match,easy,84,78.36,51,2,7,True,2026-07-18 16:16:19.184019,memory,0.286,79.22,easy
U003,routine_order,medium,60,73.98,50,4,14,True,2026-06-30 14:16:19.184103,sequencing,0.286,67.87,medium
U003,routine_order,easy,70,73.96,44,3,13,True,2026-08-15 23:16:19.184186,sequencing,0.231,72.96,easy
U003,memory_match,medium,92,90.59,47,1,9,True,2026-06-17 12:16:19.184279,memory,0.111,90.82,hard
U003,memory_match,hard,60,64.28,73,5,13,True,2026-08-26 22:16:19.184370,memory,0.385,62.01,hard
U003,memory_match,medium,84,85.72,52,2,13,True,2026-06-28 07:16:19.184456,memory,0.154,84.81,hard
U003,pattern_recall,easy,70,76.6,28,3,14,True,2026-07-12 05:16:19.184534,attention,0.214,74.36,easy
U003,memory_match,easy,92,81.77,15,1,5,True,2026-06-18 10:16:19.184610,memory,0.2,85.51,medium
U003,memory_match,easy,76,71.8,57,3,12,True,2026-09-05 00:16:19.184693,memory,0.25,74.12,easy
U003,memory_match,medium,76,79.95,37,3,13,False,2026-08-14 06:16:19.184771,memory,0.231,77.76,medium
U003,memory_match,easy,84,60.48,24,2,5,True,2026-07-17 17:16:19.184852,memory,0.4,69.79,easy
U003,memory_match,easy,100,100.0,39,0,9,True,2026-06-19 06:16:19.184927,memory,0.0,100.0,medium
U003,memory_match,medium,84,70.43,41,2,8,True,2026-08-09 21:16:19.185007,memory,0.25,76.77,medium
U003,routine_order,hard,70,71.42,95,3,10,True,2026-07-22 11:16:19.185088,sequencing,0.3,70.57,hard
U003,memory_match,medium,84,81.14,66,2,11,True,2026-06-17 09:16:19.185166,memory,0.182,82.42,hard
U003,pattern_recall,hard,80,64.66,66,2,6,True,2026-06-20 08:16:19.185242,attention,0.333,71.2,hard
U003,routine_order,hard,70,66.31,79,3,10,True,2026-06-23 00:16:19.185316,sequencing,0.3,68.52,hard
U003,pattern_recall,hard,70,78.69,78,3,14,True,2026-06-28 06:16:19.185392,attention,0.214,75.2,hard
U003,memory_match,medium,52,61.77,64,6,15,True,2026-06-27 04:16:19.185466,memory,0.4,57.51,easy
U003,routine_order,easy,100,100.0,22,0,15,True,2026-09-02 19:16:19.185539,sequencing,0.0,100.0,medium
U003,memory_match,hard,84,69.44,83,2,6,True,2026-07-21 04:16:19.185612,memory,0.333,74.72,hard
U003,memory_match,easy,76,72.2,19,3,10,True,2026-09-09 18:16:19.185685,memory,0.3,73.28,easy
U003,memory_match,medium,60,64.82,36,5,14,True,2026-06-16 08:16:19.185766,memory,0.357,62.79,medium
U003,pattern_recall,hard,90,77.51,63,1,5,True,2026-07-20 08:16:19.185854,attention,0.2,83.0,hard
U003,routine_order,hard,70,68.65,71,3,11,True,2026-09-08 10:16:19.185975,sequencing,0.273,70.0,hard
U003,pattern_recall,medium,80,85.67,56,2,15,True,2026-08-23 17:16:19.186065,attention,0.133,83.61,hard
U004,routine_order,hard,60,60.89,59,4,9,True,2026-08-02 06:16:19.186151,sequencing,0.444,59.48,medium
U004,routine_order,medium,80,69.27,46,2,5,True,2026-08-16 19:16:19.186229,sequencing,0.4,71.71,medium
U004,pattern_recall,hard,70,66.02,96,3,8,True,2026-08-07 08:16:19.186307,attention,0.375,66.91,hard
U004,memory_match,hard,68,53.77,56,4,8,True,2026-07-12 23:16:19.186383,memory,0.5,58.71,medium
U004,routine_order,easy,90,89.97,33,1,9,True,2026-07-02 17:16:19.186457,sequencing,0.111,89.77,medium
U004,routine_order,medium,70,71.08,40,3,12,True,2026-09-07 04:16:19.186845,sequencing,0.25,71.43,medium
U004,routine_order,easy,90,88.9,34,1,8,True,2026-07-21 21:16:19.187079,sequencing,0.125,89.06,medium
U004,routine_order,hard,60,52.31,77,4,9,True,2026-07-04 04:16:19.187695,sequencing,0.444,56.04,medium
U004,memory_match,easy,100,100.0,38,0,10,True,2026-08-30 19:16:19.187940,memory,0.0,100.0,medium
U004,memory_match,hard,52,51.7,85,6,12,True,2026-08-18 13:16:19.188048,memory,0.5,51.48,medium
U004,pattern_recall,easy,80,79.17,38,2,9,True,2026-09-01 12:16:19.188142,attention,0.222,79.23,easy
U004,routine_order,medium,80,59.3,38,2,5,True,2026-07-12 11:16:19.188272,sequencing,0.4,67.72,medium
U004,pattern_recall,medium,90,71.92,35,1,5,True,2026-08-19 15:16:19.188362,attention,0.2,80.77,hard
U004,routine_order,easy,90,92.63,43,1,7,True,2026-09-05 04:16:19.188451,sequencing,0.143,90.19,medium
U004,routine_order,medium,40,54.92,54,6,14,True,2026-08-01 15:16:19.188569,sequencing,0.429,49.39,easy
U004,routine_order,medium,90,79.5,60,1,5,True,2026-08-26 22:16:19.188659,sequencing,0.2,83.8,hard
U004,memory_match,easy,84,82.61,45,2,9,True,2026-07-21 16:16:19.188758,memory,0.222,82.2,medium
U004,routine_order,medium,70,78.65,57,3,12,True,2026-08-26 08:16:19.188910,sequencing,0.25,74.46,medium
U004,memory_match,easy,100,94.66,36,0,8,False,2026-07-15 22:16:19.189013,memory,0.0,97.86,medium
U004,memory_match,easy,84,80.03,40,2,8,True,2026-08-31 18:16:19.189109,memory,0.25,80.61,medium
U004,routine_order,medium,90,87.38,44,1,8,True,2026-07-19 23:16:19.189192,sequencing,0.125,88.45,hard
U004,routine_order,easy,80,74.81,71,2,8,True,2026-09-08 04:16:19.189275,sequencing,0.25,76.92,easy
U004,routine_order,medium,50,69.26,35,5,15,False,2026-08-03 17:16:19.189354,sequencing,0.333,61.04,medium
U004,routine_order,hard,70,77.14,52,3,14,True,2026-07-10 05:16:19.189604,sequencing,0.214,74.58,hard
U004,memory_match,easy,92,86.09,44,1,8,True,2026-08-04 15:16:19.189721,memory,0.125,88.74,medium
U004,routine_order,medium,60,70.97,66,4,13,True,2026-08-12 09:16:19.189805,sequencing,0.308,66.23,medium
U004,memory_match,medium,84,70.73,44,2,8,True,2026-07-15 22:16:19.189887,memory,0.25,76.89,medium
U004,routine_order,medium,100,100.0,56,0,9,True,2026-07-19 14:16:19.189965,sequencing,0.0,100.0,hard
U004,pattern_recall,easy,90,93.52,10,1,15,True,2026-09-03 05:16:19.190040,attention,0.067,92.07,medium
U004,routine_order,medium,70,78.61,59,3,15,True,2026-07-21 01:16:19.190114,sequencing,0.2,75.44,medium
U005,memory_match,hard,76,79.39,62,3,15,True,2026-08-13 05:16:19.190210,memory,0.2,78.16,hard
U005,memory_match,easy,84,82.31,22,2,12,True,2026-09-09 10:16:19.190320,memory,0.167,83.18,medium
U005,pattern_recall,hard,90,82.5,66,1,5,True,2026-08-11 07:16:19.190409,attention,0.2,85.0,hard
U005,routine_order,medium,90,87.4,38,1,6,True,2026-08-03 04:16:19.190520,sequencing,0.167,87.62,hard
U005,routine_order,easy,90,79.32,32,1,7,True,2026-06-28 04:16:19.190613,sequencing,0.143,84.87,medium
U005,pattern_recall,medium,80,73.38,49,2,6,True,2026-09-02 22:16:19.190694,attention,0.333,74.69,medium
U005,memory_match,hard,60,61.29,63,5,12,True,2026-07-05 04:16:19.190776,memory,0.417,60.18,hard
U005,memory_match,hard,76,77.62,77,3,12,True,2026-07-26 12:16:19.190854,memory,0.25,76.45,hard
U005,memory_match,medium,84,70.43,39,2,6,True,2026-09-03 22:16:19.190930,memory,0.333,75.11,medium
U005,routine_order,easy,80,68.3,56,2,6,True,2026-07-03 03:16:19.191008,sequencing,0.333,72.66,easy
U005,routine_order,medium,70,72.41,63,3,11,True,2026-09-05 18:16:19.191081,sequencing,0.273,71.5,medium
U005,pattern_recall,medium,90,86.5,46,1,7,True,2026-06-16 11:16:19.191155,attention,0.143,87.74,hard
U005,memory_match,medium,84,79.84,50,2,11,True,2026-06-21 05:16:19.191228,memory,0.182,81.9,hard
U005,routine_order,easy,80,88.08,14,2,13,True,2026-08-19 12:16:19.191308,sequencing,0.154,84.15,medium
U005,pattern_recall,medium,60,64.12,51,4,11,True,2026-07-02 05:16:19.191386,attention,0.364,62.37,medium
U005,memory_match,medium,84,60.7,57,2,5,True,2026-06-26 00:16:19.191463,memory,0.4,69.88,medium
U005,memory_match,medium,76,72.76,42,3,10,True,2026-08-29 10:16:19.191544,memory,0.3,73.5,medium
U005,memory_match,easy,60,66.59,20,5,14,True,2026-09-08 01:16:19.191621,memory,0.357,63.5,easy
U005,routine_order,easy,80,86.87,26,2,14,True,2026-08-30 15:16:19.191695,sequencing,0.143,83.89,medium
U005,routine_order,easy,90,92.48,53,1,10,True,2026-08-17 01:16:19.191817,sequencing,0.1,90.99,medium
U005,pattern_recall,easy,70,67.45,34,3,8,True,2026-06-21 10:16:19.191924,attention,0.375,67.48,easy
U005,routine_order,medium,60,72.2,78,4,13,True,2026-08-24 22:16:19.192000,sequencing,0.308,66.72,medium
U005,memory_match,easy,84,78.73,57,2,11,True,2026-07-28 04:16:19.192074,memory,0.182,81.45,medium
U005,pattern_recall,medium,40,59.37,64,6,15,True,2026-07-11 06:16:19.192150,attention,0.4,51.75,easy
U005,pattern_recall,easy,70,71.81,32,3,12,True,2026-08-20 06:16:19.192222,attention,0.25,71.72,easy
U005,routine_order,easy,90,93.34,41,1,13,True,2026-08-29 08:16:19.192295,sequencing,0.077,91.8,medium
U005,routine_order,medium,70,78.45,45,3,14,True,2026-08-24 00:16:19.192372,sequencing,0.214,75.1,medium
U005,pattern_recall,easy,70,65.48,32,3,9,True,2026-07-24 15:16:19.192444,attention,0.333,67.53,easy
U005,pattern_recall,hard,70,68.6,78,3,8,True,2026-08-23 13:16:19.192538,attention,0.375,67.94,hard
U005,routine_order,easy,80,72.26,52,2,6,True,2026-07-29 15:16:19.192630,sequencing,0.333,74.24,easy
U006,pattern_recall,hard,80,83.44,47,2,12,True,2026-06-16 10:16:19.192714,attention,0.167,82.04,hard
U006,pattern_recall,easy,90,87.67,46,1,6,True,2026-07-30 21:16:19.192789,attention,0.167,87.73,medium
U006,pattern_recall,hard,80,69.82,83,2,7,True,2026-07-26 03:16:19.192864,attention,0.286,74.21,hard
U006,memory_match,medium,100,100.0,42,0,13,True,2026-08-16 16:16:19.192939,memory,0.0,100.0,hard
U006,memory_match,easy,84,80.8,32,2,12,True,2026-07-04 05:16:19.193013,memory,0.167,82.58,medium
U006,pattern_recall,easy,90,84.65,38,1,5,True,2026-07-04 11:16:19.193088,attention,0.2,85.86,medium
U006,routine_order,medium,70,70.51,60,3,10,False,2026-07-09 09:16:19.193165,sequencing,0.3,70.2,medium
U006,routine_order,medium,70,65.77,55,3,8,True,2026-06-30 03:16:19.193445,sequencing,0.375,66.81,medium
U006,memory_match,hard,76,75.18,64,3,14,True,2026-07-15 14:16:19.193758,memory,0.214,76.19,hard
U006,memory_match,medium,76,70.63,64,3,9,True,2026-06-15 06:16:19.193977,memory,0.333,71.99,medium
U006,memory_match,hard,68,75.31,99,4,15,True,2026-07-22 05:16:19.194172,memory,0.267,71.98,hard
U006,pattern_recall,easy,90,88.44,30,1,10,True,2026-06-13 14:16:19.194392,attention,0.1,89.38,medium
U006,pattern_recall,easy,70,78.87,30,3,13,True,2026-06-26 13:16:19.194548,attention,0.231,74.93,easy
U006,memory_match,hard,68,75.59,94,4,15,True,2026-06-23 17:16:19.194699,memory,0.267,72.1,hard
U006,routine_order,easy,90,85.46,27,1,9,True,2026-06-25 18:16:19.195074,sequencing,0.111,87.96,medium
U006,memory_match,easy,100,94.07,35,0,7,True,2026-08-01 10:16:19.195301,memory,0.0,97.63,medium
U006,memory_match,easy,84,87.4,39,2,12,True,2026-07-13 07:16:19.195435,memory,0.167,85.22,medium
U006,memory_match,easy,92,90.02,45,1,14,True,2026-08-14 17:16:19.195534,memory,0.071,91.39,medium
U006,routine_order,easy,80,81.3,25,2,11,True,2026-09-08 09:16:19.195627,sequencing,0.182,80.88,medium
U006,memory_match,easy,76,77.18,28,3,15,False,2026-08-24 15:16:19.195706,memory,0.2,77.27,easy
U006,routine_order,medium,90,83.45,76,1,7,True,2026-06-19 16:16:19.195783,sequencing,0.143,86.52,hard
U006,pattern_recall,easy,90,84.05,38,1,9,True,2026-07-04 03:16:19.195860,attention,0.111,87.4,medium
U006,pattern_recall,hard,90,73.9,63,1,5,True,2026-07-07 01:16:19.195936,attention,0.2,81.56,hard
U006,pattern_recall,hard,40,63.13,93,6,15,True,2026-06-26 16:16:19.196013,attention,0.4,53.25,medium
U006,memory_match,hard,84,64.51,84,2,7,True,2026-06-15 21:16:19.196087,memory,0.286,73.68,hard
U006,pattern_recall,medium,60,64.7,48,4,11,True,2026-06-27 03:16:19.196160,attention,0.364,62.6,medium
U006,pattern_recall,hard,70,80.22,86,3,15,True,2026-07-16 02:16:19.196261,attention,0.2,76.09,hard
U006,routine_order,easy,60,72.73,55,4,13,True,2026-09-09 17:16:19.196361,sequencing,0.308,66.93,easy
U006,routine_order,medium,50,64.48,67,5,15,False,2026-07-26 06:16:19.196442,sequencing,0.333,59.13,easy
U006,memory_match,easy,92,83.41,21,1,6,True,2026-09-07 11:16:19.196517,memory,0.167,86.82,medium
U007,memory_match,medium,92,89.49,56,1,13,True,2026-07-01 06:16:19.196600,memory,0.077,91.06,hard
U007,pattern_recall,easy,80,84.6,18,2,10,True,2026-09-07 23:16:19.196674,attention,0.2,81.84,medium
U007,routine_order,easy,90,83.81,21,1,6,True,2026-08-03 12:16:19.196748,sequencing,0.167,86.18,medium
U007,memory_match,easy,92,88.72,41,1,12,True,2026-07-20 23:16:19.196821,memory,0.083,90.63,medium
U007,memory_match,easy,92,86.63,24,1,10,True,2026-08-21 22:16:19.196895,memory,0.1,89.45,medium
U007,pattern_recall,medium,90,79.08,25,1,5,True,2026-08-11 22:16:19.196969,attention,0.2,83.63,hard
U007,memory_match,medium,68,66.98,47,4,11,True,2026-08-26 21:16:19.197048,memory,0.364,66.71,medium
U007,pattern_recall,hard,80,72.52,72,2,7,True,2026-09-01 17:16:19.197121,attention,0.286,75.29,hard
U007,memory_match,hard,52,53.66,80,6,12,True,2026-07-10 03:16:19.197193,memory,0.5,52.26,medium
U007,pattern_recall,hard,60,70.15,81,4,14,True,2026-09-07 14:16:19.197265,attention,0.286,66.34,hard
U007,pattern_recall,medium,80,70.49,44,2,7,True,2026-07-17 09:16:19.197371,attention,0.286,74.48,medium
U007,memory_match,easy,92,91.19,49,1,7,True,2026-07-02 05:16:19.197457,memory,0.143,90.42,medium
U007,routine_order,medium,70,82.06,26,3,15,True,2026-06-28 04:16:19.197533,sequencing,0.2,76.82,medium
U007,routine_order,easy,80,82.43,15,2,9,True,2026-07-10 23:16:19.197608,sequencing,0.222,80.53,medium
U007,memory_match,medium,84,79.24,63,2,8,True,2026-07-06 08:16:19.197684,memory,0.25,80.3,hard
U007,pattern_recall,medium,80,68.12,34,2,7,True,2026-08-01 02:16:19.197760,attention,0.286,73.53,medium
U007,routine_order,easy,90,89.02,27,1,11,True,2026-08-27 09:16:19.197843,sequencing,0.091,89.79,medium
U007,pattern_recall,hard,50,61.96,68,5,13,True,2026-07-12 08:16:19.197916,attention,0.385,57.08,medium
U007,pattern_recall,hard,80,80.49,49,2,10,True,2026-06-13 21:16:19.197988,attention,0.2,80.2,hard
U007,routine_order,easy,80,85.17,34,2,12,True,2026-08-18 08:16:19.198059,sequencing,0.167,82.73,medium
U007,routine_order,hard,50,67.5,82,5,14,True,2026-06-26 14:16:19.198141,sequencing,0.357,59.86,medium
U007,memory_match,easy,100,91.49,18,0,5,True,2026-06-18 12:16:19.198219,memory,0.0,96.6,medium
U007,memory_match,hard,84,65.78,95,2,5,True,2026-07-16 08:16:19.198298,memory,0.4,71.91,hard
U007,routine_order,medium,80,74.41,48,2,6,False,2026-06-29 18:16:19.198375,sequencing,0.333,75.1,medium
U007,pattern_recall,easy,80,72.63,43,2,9,True,2026-07-03 22:16:19.198463,attention,0.222,76.61,easy
U007,memory_match,hard,76,78.16,74,3,12,True,2026-07-22 00:16:19.198557,memory,0.25,76.66,hard
U007,pattern_recall,hard,60,59.62,78,4,11,True,2026-06-17 22:16:19.198646,attention,0.364,60.57,hard
U007,routine_order,easy,100,95.73,33,0,10,True,2026-07-07 00:16:19.198726,sequencing,0.0,98.29,medium
U007,routine_order,medium,90,75.97,50,1,6,True,2026-09-02 08:16:19.198801,sequencing,0.167,83.05,hard
U007,memory_match,hard,92,70.98,75,1,5,True,2026-08-10 07:16:19.198877,memory,0.2,81.19,hard
U008,pattern_recall,easy,100,93.39,57,0,6,False,2026-07-02 14:16:19.198957,attention,0.0,97.36,medium
U008,memory_match,easy,76,82.38,29,3,15,True,2026-09-06 17:16:19.199032,memory,0.2,79.35,easy
U008,routine_order,medium,90,84.9,45,1,5,True,2026-07-18 16:16:19.199108,sequencing,0.2,85.96,hard
U008,memory_match,easy,76,74.04,18,3,11,True,2026-08-22 22:16:19.199183,memory,0.273,74.56,easy
U008,memory_match,easy,76,81.97,35,3,15,True,2026-06-24 13:16:19.199263,memory,0.2,79.19,easy
U008,pattern_recall,medium,100,100.0,50,0,12,True,2026-07-02 02:16:19.199372,attention,0.0,100.0,hard
U008,memory_match,medium,76,60.69,52,3,8,True,2026-07-24 00:16:19.199491,memory,0.375,67.18,medium
U008,pattern_recall,medium,60,74.47,55,4,15,True,2026-07-04 02:16:19.199572,attention,0.267,68.45,medium
U008,memory_match,medium,84,72.33,45,2,8,True,2026-07-20 09:16:19.199654,memory,0.25,77.53,medium
U008,routine_order,easy,80,86.8,52,2,14,True,2026-08-23 21:16:19.199734,sequencing,0.143,83.86,medium
U008,memory_match,easy,68,75.18,32,4,15,True,2026-06-28 16:16:19.199812,memory,0.267,71.93,easy
U008,memory_match,hard,60,62.99,74,5,14,True,2026-07-16 19:16:19.199886,memory,0.357,62.06,hard
U008,pattern_recall,hard,50,64.38,84,5,14,True,2026-08-28 00:16:19.199965,attention,0.357,58.61,medium
U008,pattern_recall,medium,100,100.0,55,0,14,True,2026-08-30 23:16:19.200051,attention,0.0,100.0,hard
U008,pattern_recall,easy,80,72.56,27,2,9,True,2026-08-17 04:16:19.200132,attention,0.222,76.58,easy
U008,routine_order,medium,80,82.87,58,2,14,True,2026-07-03 08:16:19.200212,sequencing,0.143,82.29,hard
U008,memory_match,hard,76,68.2,83,3,9,True,2026-07-24 18:16:19.200293,memory,0.333,71.02,hard
U008,routine_order,hard,70,78.64,97,3,14,True,2026-06-25 21:16:19.200369,sequencing,0.214,75.18,hard
U008,routine_order,hard,60,60.96,90,4,10,True,2026-07-31 06:16:19.200447,sequencing,0.4,60.38,hard
U008,routine_order,hard,80,79.43,64,2,8,True,2026-07-30 16:16:19.200524,sequencing,0.25,78.77,hard
U008,memory_match,medium,92,85.1,34,1,8,True,2026-09-02 22:16:19.200601,memory,0.125,88.34,hard
U008,routine_order,medium,90,71.13,48,1,5,True,2026-07-12 18:16:19.200675,sequencing,0.2,80.45,hard
U008,routine_order,easy,90,91.31,16,1,7,True,2026-07-14 20:16:19.200750,sequencing,0.143,89.66,medium
U008,pattern_recall,medium,80,75.56,44,2,10,True,2026-06-15 03:16:19.200827,attention,0.2,78.22,medium
U008,pattern_recall,medium,50,67.09,58,5,14,True,2026-07-17 07:16:19.200903,attention,0.357,59.7,easy
U008,memory_match,hard,68,58.08,66,4,9,True,2026-07-07 02:16:19.200976,memory,0.444,61.55,hard
U008,pattern_recall,medium,90,78.92,46,1,5,True,2026-06-26 17:16:19.201053,attention,0.2,83.57,hard
U008,pattern_recall,easy,80,77.14,19,2,9,True,2026-06-29 22:16:19.201125,attention,0.222,78.42,easy
U008,routine_order,hard,70,57.97,44,3,8,True,2026-09-04 20:16:19.201198,sequencing,0.375,63.69,hard
U008,pattern_recall,hard,90,85.9,93,1,8,True,2026-07-23 13:16:19.201269,attention,0.125,87.86,hard
U009,pattern_recall,medium,90,91.76,63,1,14,True,2026-09-04 20:16:19.201377,attention,0.071,91.28,hard
U009,routine_order,medium,90,75.25,41,1,6,True,2026-08-06 05:16:19.201462,sequencing,0.167,82.76,hard
U009,pattern_recall,medium,80,87.86,56,2,13,True,2026-08-08 19:16:19.201540,attention,0.154,84.06,hard
U009,routine_order,medium,80,71.84,61,2,7,True,2026-08-16 10:16:19.201627,sequencing,0.286,75.02,medium
U009,memory_match,medium,92,82.08,51,1,8,True,2026-07-12 17:16:19.201705,memory,0.125,87.13,hard
U009,memory_match,hard,92,84.31,85,1,7,True,2026-09-05 04:16:19.201781,memory,0.143,87.66,hard
U009,pattern_recall,medium,90,76.21,32,1,6,True,2026-07-16 08:16:19.201860,attention,0.167,83.14,hard
U009,memory_match,hard,60,63.36,65,5,13,True,2026-09-03 07:16:19.201942,memory,0.385,61.64,hard
U009,memory_match,hard,76,61.67,61,3,8,True,2026-08-05 17:16:19.202019,memory,0.375,67.57,hard
U009,routine_order,medium,60,63.33,47,4,11,True,2026-06-16 09:16:19.202093,sequencing,0.364,62.05,medium
U009,routine_order,easy,90,89.18,34,1,11,True,2026-08-20 01:16:19.202165,sequencing,0.091,89.85,medium
U009,pattern_recall,hard,80,86.49,80,2,12,True,2026-07-07 10:16:19.202241,attention,0.167,83.26,hard
U009,memory_match,medium,60,67.06,50,5,15,True,2026-07-20 00:16:19.202321,memory,0.333,64.16,medium
U009,memory_match,medium,92,84.32,35,1,7,True,2026-07-20 17:16:19.202397,memory,0.143,87.67,hard
U009,pattern_recall,easy,80,87.91,26,2,13,True,2026-07-12 07:16:19.202473,attention,0.154,84.08,medium
U009,memory_match,easy,84,84.12,46,2,15,True,2026-09-02 01:16:19.202547,memory,0.133,84.59,medium
U009,memory_match,hard,84,67.76,82,2,7,True,2026-07-28 22:16:19.202626,memory,0.286,74.98,hard
U009,routine_order,easy,100,92.93,50,0,7,True,2026-08-17 06:16:19.202700,sequencing,0.0,97.17,medium
U009,memory_match,easy,84,77.31,10,2,8,True,2026-08-26 04:16:19.202774,memory,0.25,79.52,easy
U009,routine_order,hard,70,64.49,65,3,9,True,2026-09-02 13:16:19.202846,sequencing,0.333,67.14,hard
U009,pattern_recall,hard,70,78.96,61,3,13,False,2026-06-23 05:16:19.202921,attention,0.231,74.96,hard
U009,routine_order,easy,70,76.39,24,3,13,True,2026-07-10 05:16:19.202993,sequencing,0.231,73.94,easy
U009,pattern_recall,easy,90,84.27,22,1,6,True,2026-07-19 07:16:19.203068,attention,0.167,86.37,medium
U009,pattern_recall,hard,50,60.71,72,5,12,True,2026-06-13 05:16:19.203141,attention,0.417,55.94,medium
U009,pattern_recall,medium,90,79.11,56,1,7,True,2026-08-20 20:16:19.203213,attention,0.143,84.78,hard
U009,pattern_recall,medium,80,75.33,53,2,9,False,2026-07-26 15:16:19.203286,attention,0.222,77.69,medium
U009,pattern_recall,hard,70,80.25,60,3,13,True,2026-08-12 10:16:19.203391,attention,0.231,75.48,hard
U009,pattern_recall,medium,70,81.0,42,3,15,False,2026-06-23 04:16:19.203475,attention,0.2,76.4,medium
U009,routine_order,easy,100,99.78,29,0,5,True,2026-07-09 01:16:19.203553,sequencing,0.0,99.91,medium
U009,routine_order,hard,70,76.53,75,3,13,True,2026-09-02 13:16:19.203630,sequencing,0.231,73.99,hard
U010,pattern_recall,easy,90,90.39,39,1,8,True,2026-07-08 13:16:19.203709,attention,0.125,89.66,medium
U010,pattern_recall,hard,80,80.0,60,2,11,True,2026-07-06 14:16:19.203783,attention,0.182,80.36,hard
U010,memory_match,easy,84,83.66,35,2,14,True,2026-08-29 06:16:19.204397,memory,0.143,84.2,medium
U010,pattern_recall,medium,90,85.27,60,1,8,True,2026-07-01 23:16:19.204574,attention,0.125,87.61,hard
U010,routine_order,easy,90,82.12,24,1,8,True,2026-08-17 01:16:19.204758,sequencing,0.125,86.35,medium
U010,routine_order,medium,60,62.82,29,4,12,True,2026-06-28 17:16:19.204925,sequencing,0.333,62.47,medium
U010,pattern_recall,easy,70,70.55,15,3,11,True,2026-08-27 20:16:19.205114,attention,0.273,70.76,easy
U010,memory_match,medium,92,95.61,73,1,12,True,2026-06-20 04:16:19.205273,memory,0.083,93.38,hard
U010,routine_order,hard,60,60.82,70,4,10,True,2026-06-26 17:16:19.205451,sequencing,0.4,60.33,hard
U010,memory_match,hard,84,69.82,86,2,8,True,2026-07-17 22:16:19.205613,memory,0.25,76.53,hard
U010,pattern_recall,hard,60,73.8,54,4,15,True,2026-07-15 01:16:19.205771,attention,0.267,68.18,hard
U010,memory_match,easy,100,100.0,22,0,15,True,2026-07-25 09:16:19.205917,memory,0.0,100.0,medium
U010,routine_order,hard,80,87.85,89,2,13,True,2026-08-31 05:16:19.206062,sequencing,0.154,84.06,hard
U010,routine_order,easy,90,92.18,55,1,10,True,2026-06-21 10:16:19.206210,sequencing,0.1,90.87,medium
U010,routine_order,easy,80,79.17,19,2,9,True,2026-08-20 13:16:19.206375,sequencing,0.222,79.23,easy
U010,memory_match,medium,76,72.13,52,3,11,True,2026-09-08 23:16:19.206529,memory,0.273,73.79,medium
U010,memory_match,medium,84,74.26,38,2,8,True,2026-08-05 02:16:19.206688,memory,0.25,78.3,medium
U010,pattern_recall,medium,80,67.24,39,2,7,True,2026-08-26 23:16:19.206829,attention,0.286,73.18,medium
U010,pattern_recall,medium,90,88.6,47,1,10,True,2026-07-27 19:16:19.206971,attention,0.1,89.44,hard
U010,routine_order,medium,50,52.76,61,5,11,True,2026-08-26 05:16:19.207104,sequencing,0.455,52.0,easy
U010,routine_order,hard,50,66.42,81,5,14,True,2026-08-27 18:16:19.207238,sequencing,0.357,59.43,medium
U010,pattern_recall,easy,90,92.94,20,1,14,True,2026-07-23 04:16:19.207370,attention,0.071,91.76,medium
U010,routine_order,easy,70,78.93,55,3,13,True,2026-08-08 06:16:19.207503,sequencing,0.231,74.95,easy
U010,memory_match,easy,92,89.29,43,1,13,True,2026-07-23 06:16:19.207654,memory,0.077,90.98,medium
U010,pattern_recall,medium,80,82.51,45,2,14,True,2026-09-08 01:16:19.207787,attention,0.143,82.14,hard
U010,memory_match,medium,92,93.33,47,1,12,True,2026-08-03 13:16:19.207921,memory,0.083,92.47,hard
U010,routine_order,hard,60,62.72,77,4,11,True,2026-08-15 19:16:19.208068,sequencing,0.364,61.81,hard
U010,pattern_recall,medium,50,67.26,56,5,15,True,2026-08-01 06:16:19.208213,attention,0.333,60.24,medium
U010,routine_order,medium,70,76.39,41,3,12,True,2026-07-30 03:16:19.208386,sequencing,0.25,73.56,medium
U010,routine_order,medium,50,68.97,24,5,15,True,2026-08-22 18:16:19.208539,sequencing,0.333,60.93,medium
U011,routine_order,hard,60,70.13,53,4,12,True,2026-07-31 19:16:19.208695,sequencing,0.333,65.39,hard
U011,memory_match,easy,92,95.5,18,1,12,True,2026-07-12 03:16:19.208840,memory,0.083,93.34,medium
U011,pattern_recall,medium,90,85.34,45,1,7,True,2026-08-01 17:16:19.208981,attention,0.143,87.28,hard
U011,memory_match,easy,84,84.06,31,2,15,True,2026-07-02 09:16:19.209121,memory,0.133,84.56,medium
U011,pattern_recall,hard,70,70.92,73,3,11,False,2026-07-09 10:16:19.209269,attention,0.273,70.91,hard
U011,routine_order,easy,100,96.49,52,0,8,False,2026-07-13 00:16:19.209409,sequencing,0.0,98.6,medium
U011,routine_order,easy,100,96.87,66,0,13,True,2026-08-15 18:16:19.209558,sequencing,0.0,98.75,medium
U011,routine_order,easy,70,72.41,23,3,10,True,2026-06-19 11:16:19.209700,sequencing,0.3,70.96,easy
U011,memory_match,hard,68,71.77,79,4,13,True,2026-06-16 20:16:19.209853,memory,0.308,69.75,hard
U011,pattern_recall,medium,60,72.43,46,4,14,True,2026-06-17 20:16:19.210013,attention,0.286,67.25,medium
U011,pattern_recall,easy,70,77.16,42,3,15,True,2026-07-24 01:16:19.210154,attention,0.2,74.86,easy
U011,memory_match,easy,84,89.29,40,2,15,True,2026-06-18 07:16:19.210297,memory,0.133,86.66,medium
U011,pattern_recall,medium,70,67.77,56,3,8,True,2026-06-30 00:16:19.210472,attention,0.375,67.61,medium
U011,routine_order,hard,80,77.68,65,2,10,True,2026-08-20 20:16:19.210619,sequencing,0.2,79.07,hard
U011,memory_match,easy,100,99.58,29,0,8,True,2026-08-02 14:16:19.210767,memory,0.0,99.83,medium
U011,routine_order,easy,90,87.82,44,1,10,True,2026-08-18 21:16:19.210908,sequencing,0.1,89.13,medium
U011,pattern_recall,medium,80,71.28,34,2,7,True,2026-06-24 03:16:19.211063,attention,0.286,74.79,medium
U011,memory_match,easy,84,80.94,34,2,10,True,2026-07-24 04:16:19.211203,memory,0.2,81.98,medium
U011,pattern_recall,hard,80,74.41,81,2,8,False,2026-06-24 14:16:19.211350,attention,0.25,76.76,hard
U011,routine_order,hard,90,91.0,76,1,8,True,2026-08-03 02:16:19.211489,sequencing,0.125,89.9,hard
U011,memory_match,easy,60,66.15,31,5,15,True,2026-07-13 09:16:19.211626,memory,0.333,63.8,easy
U011,pattern_recall,easy,90,89.28,46,1,10,True,2026-07-17 07:16:19.211762,attention,0.1,89.71,medium
U011,memory_match,medium,84,77.7,64,2,9,True,2026-07-05 11:16:19.211899,memory,0.222,80.24,hard
U011,memory_match,easy,92,94.75,41,1,12,False,2026-09-02 10:16:19.212036,memory,0.083,93.04,medium
U011,routine_order,hard,70,57.8,69,3,7,True,2026-08-19 15:16:19.212242,sequencing,0.429,62.54,hard
U011,memory_match,hard,92,83.32,67,1,7,True,2026-07-01 19:16:19.212417,memory,0.143,87.27,hard
U011,pattern_recall,easy,80,82.92,14,2,13,True,2026-06-15 17:16:19.212579,attention,0.154,82.09,medium
U011,pattern_recall,medium,70,69.58,34,3,10,True,2026-09-02 04:16:19.212720,attention,0.3,69.83,medium
U011,pattern_recall,easy,80,70.85,10,2,7,True,2026-08-06 07:16:19.212862,attention,0.286,74.62,easy
U011,memory_match,easy,92,82.95,35,1,5,True,2026-07-29 03:16:19.213003,memory,0.2,85.98,medium
U012,memory_match,medium,44,53.16,33,7,14,True,2026-08-31 23:16:19.213153,memory,0.5,48.86,easy
U012,memory_match,easy,84,76.14,38,2,7,True,2026-07-17 14:16:19.213292,memory,0.286,78.34,easy
U012,routine_order,easy,70,82.06,36,3,15,True,2026-07-26 10:16:19.213432,sequencing,0.2,76.82,easy
U012,memory_match,hard,84,77.31,68,2,9,True,2026-07-11 07:16:19.213570,memory,0.222,80.08,hard
U012,memory_match,easy,92,91.88,40,1,11,True,2026-07-25 00:16:19.213709,memory,0.091,91.73,medium
U012,memory_match,hard,76,65.23,77,3,8,True,2026-08-05 05:16:19.213849,memory,0.375,68.99,hard
U012,memory_match,hard,92,80.32,96,1,5,True,2026-08-26 14:16:19.213997,memory,0.2,84.93,hard
U012,routine_order,medium,90,89.26,64,1,6,True,2026-06-25 13:16:19.214135,sequencing,0.167,88.36,hard
U012,pattern_recall,medium,70,73.99,46,3,10,True,2026-09-08 17:16:19.214270,attention,0.3,71.6,medium
U012,routine_order,medium,80,60.03,42,2,5,True,2026-06-23 18:16:19.214437,sequencing,0.4,68.01,medium
U012,memory_match,medium,60,57.41,59,5,11,True,2026-08-03 02:16:19.214589,memory,0.455,57.86,easy
U012,pattern_recall,hard,90,87.4,61,1,11,True,2026-08-11 11:16:19.214733,attention,0.091,89.14,hard
U012,pattern_recall,hard,90,90.91,53,1,13,True,2026-06-27 07:16:19.214872,attention,0.077,90.82,hard
U012,pattern_recall,hard,90,84.86,79,1,5,True,2026-08-06 23:16:19.215020,attention,0.2,85.94,hard
U012,memory_match,hard,52,59.36,65,6,14,True,2026-08-06 12:16:19.215159,memory,0.429,55.96,medium
U012,routine_order,hard,90,73.36,86,1,5,True,2026-07-03 15:16:19.215295,sequencing,0.2,81.34,hard
U012,pattern_recall,medium,100,95.91,44,0,6,True,2026-06-14 20:16:19.215443,attention,0.0,98.36,hard
U012,routine_order,easy,80,80.64,34,2,10,True,2026-07-21 05:16:19.215582,sequencing,0.2,80.26,medium
U012,pattern_recall,hard,60,68.59,56,4,14,True,2026-08-04 13:16:19.215719,attention,0.286,65.72,hard
U012,memory_match,hard,68,71.4,81,4,13,False,2026-06-25 08:16:19.215853,memory,0.308,69.6,hard
U012,pattern_recall,easy,80,69.29,21,2,8,False,2026-07-23 10:16:19.215989,attention,0.25,74.72,easy
U012,pattern_recall,easy,90,91.38,41,1,7,True,2026-08-09 10:16:19.216124,attention,0.143,89.69,medium
U012,routine_order,medium,80,75.32,44,2,9,False,2026-07-04 04:16:19.216259,sequencing,0.222,77.69,medium
U012,memory_match,hard,84,67.28,57,2,6,True,2026-07-21 06:16:19.216419,memory,0.333,73.85,hard
U012,routine_order,medium,80,88.01,74,2,14,True,2026-06-17 15:16:19.216574,sequencing,0.143,84.34,hard
U012,memory_match,easy,92,90.24,38,1,15,True,2026-08-30 01:16:19.216716,memory,0.067,91.56,medium
U012,memory_match,hard,84,65.38,73,2,5,True,2026-07-31 09:16:19.216860,memory,0.4,71.75,hard
U012,pattern_recall,medium,80,75.75,36,2,8,True,2026-07-17 19:16:19.216999,attention,0.25,77.3,medium
U012,pattern_recall,hard,60,75.4,61,4,15,True,2026-06-21 04:16:19.217138,attention,0.267,68.82,hard
U012,memory_match,medium,68,55.0,29,4,8,True,2026-08-06 07:16:19.217278,memory,0.5,59.2,easy
U013,routine_order,easy,70,71.15,47,3,12,True,2026-08-03 20:16:19.217425,sequencing,0.25,71.46,easy
U013,routine_order,easy,100,100.0,37,0,11,True,2026-08-19 01:16:19.217567,sequencing,0.0,100.0,medium
U013,routine_order,hard,70,61.27,75,3,9,True,2026-07-06 14:16:19.217706,sequencing,0.333,65.85,hard
U013,routine_order,medium,70,71.64,60,3,11,True,2026-08-05 18:16:19.217846,sequencing,0.273,71.2,medium
U013,memory_match,hard,84,73.21,63,2,9,True,2026-06-29 22:16:19.217987,memory,0.222,78.44,hard
U013,routine_order,medium,80,74.77,40,2,6,True,2026-09-06 17:16:19.218127,sequencing,0.333,75.25,medium
U013,routine_order,hard,90,90.09,79,1,6,True,2026-06-19 17:16:19.218275,sequencing,0.167,88.7,hard
U013,pattern_recall,easy,100,99.55,35,0,10,True,2026-07-06 10:16:19.218573,attention,0.0,99.82,medium
U013,routine_order,hard,50,61.31,59,5,12,True,2026-07-17 01:16:19.218779,sequencing,0.417,56.18,medium
U013,memory_match,hard,52,53.59,68,6,13,True,2026-08-28 02:16:19.218949,memory,0.462,53.0,medium
U013,routine_order,easy,100,99.81,29,0,5,True,2026-08-09 13:16:19.219053,sequencing,0.0,99.92,medium
U013,pattern_recall,medium,90,79.1,44,1,6,True,2026-07-18 23:16:19.219142,attention,0.167,84.3,hard
U013,routine_order,medium,50,66.93,52,5,15,True,2026-06-20 11:16:19.219224,sequencing,0.333,60.11,medium
U013,routine_order,hard,80,62.05,65,2,6,True,2026-06-26 06:16:19.219301,sequencing,0.333,70.16,hard
U013,routine_order,easy,80,85.0,35,2,14,True,2026-06-16 17:16:19.219376,sequencing,0.143,83.14,medium
U013,memory_match,hard,68,59.33,99,4,10,True,2026-07-08 12:16:19.219451,memory,0.4,62.93,hard
U013,memory_match,easy,92,86.85,22,1,6,True,2026-06-20 08:16:19.219531,memory,0.167,88.2,medium
U013,routine_order,easy,60,66.2,21,4,12,False,2026-08-04 06:16:19.219607,sequencing,0.333,63.82,easy
U013,pattern_recall,hard,20,44.61,68,8,15,True,2026-07-17 13:16:19.219682,attention,0.533,35.18,medium
U013,routine_order,hard,80,74.5,66,2,9,False,2026-08-30 06:16:19.219758,sequencing,0.222,77.36,hard
U013,routine_order,easy,90,78.82,31,1,7,True,2026-08-04 13:16:19.219832,sequencing,0.143,84.67,medium
U013,memory_match,easy,60,60.75,35,5,13,True,2026-08-23 09:16:19.219909,memory,0.385,60.6,easy
U013,routine_order,easy,100,97.35,31,0,6,True,2026-06-29 17:16:19.219983,sequencing,0.0,98.94,medium
U013,routine_order,medium,70,74.27,54,3,11,True,2026-08-07 14:16:19.220057,sequencing,0.273,72.25,medium
U013,routine_order,medium,80,78.38,46,2,10,True,2026-08-20 12:16:19.220131,sequencing,0.2,79.35,medium
U013,routine_order,easy,70,67.56,36,3,9,True,2026-08-28 18:16:19.220245,sequencing,0.333,68.36,easy
U013,pattern_recall,medium,70,74.82,18,3,10,True,2026-07-18 03:16:19.220328,attention,0.3,71.93,medium
U013,memory_match,hard,84,83.12,63,2,11,True,2026-07-25 06:16:19.220413,memory,0.182,83.21,hard
U013,pattern_recall,hard,50,61.37,72,5,13,True,2026-09-04 16:16:19.220657,attention,0.385,56.85,medium
U013,memory_match,easy,92,86.02,54,1,8,True,2026-08-29 07:16:19.221204,memory,0.125,88.71,medium
U014,routine_order,easy,90,86.65,36,1,7,True,2026-06-27 15:16:19.221415,sequencing,0.143,87.8,medium
U014,memory_match,hard,76,66.77,88,3,10,True,2026-07-05 14:16:19.221527,memory,0.3,71.11,hard
U014,memory_match,medium,76,70.8,79,3,11,True,2026-09-06 15:16:19.221615,memory,0.273,73.26,medium
U014,memory_match,hard,76,74.37,71,3,10,True,2026-07-13 11:16:19.221697,memory,0.3,74.15,hard
U014,routine_order,medium,70,65.63,39,3,9,True,2026-07-04 08:16:19.221779,sequencing,0.333,67.59,medium
U014,routine_order,hard,70,60.89,55,3,8,True,2026-07-18 08:16:19.221871,sequencing,0.375,64.86,hard
U014,routine_order,easy,100,96.15,48,0,6,True,2026-07-20 14:16:19.221956,sequencing,0.0,98.46,medium
U014,routine_order,medium,80,60.11,41,2,6,True,2026-07-11 02:16:19.222040,sequencing,0.333,69.38,medium
U014,pattern_recall,easy,90,91.55,37,1,6,True,2026-07-26 10:16:19.222124,attention,0.167,89.28,medium
U014,routine_order,medium,90,87.87,52,1,12,True,2026-08-08 06:16:19.222211,sequencing,0.083,89.49,hard
U014,routine_order,easy,60,61.24,42,4,10,True,2026-07-04 20:16:19.222293,sequencing,0.4,60.5,easy
U014,routine_order,medium,70,61.9,51,3,9,True,2026-08-22 00:16:19.222376,sequencing,0.333,66.1,medium
U014,routine_order,medium,80,78.63,50,2,8,True,2026-08-12 21:16:19.222454,sequencing,0.25,78.45,medium
U014,memory_match,hard,84,74.26,69,2,6,True,2026-08-28 13:16:19.222532,memory,0.333,76.64,hard
U014,pattern_recall,hard,80,66.59,51,2,5,True,2026-06-14 05:16:19.222615,attention,0.4,70.64,hard
U014,pattern_recall,easy,70,81.87,35,3,14,True,2026-08-13 13:16:19.222697,attention,0.214,76.47,easy
U014,routine_order,hard,50,69.6,54,5,15,True,2026-08-14 20:16:19.222811,sequencing,0.333,61.18,hard
U014,memory_match,easy,84,81.42,27,2,12,False,2026-08-07 04:16:19.222903,memory,0.167,82.83,medium
U014,memory_match,easy,84,78.51,51,2,8,True,2026-08-06 20:16:19.222989,memory,0.25,80.0,medium
U014,memory_match,hard,76,50.33,82,3,6,False,2026-06-18 02:16:19.223072,memory,0.5,60.53,hard
U014,routine_order,medium,50,64.89,59,5,14,True,2026-08-21 03:16:19.223154,sequencing,0.357,58.82,easy
U014,routine_order,medium,80,81.87,58,2,9,True,2026-08-24 01:16:19.223232,sequencing,0.222,80.31,hard
U014,pattern_recall,easy,70,81.35,17,3,15,True,2026-08-20 20:16:19.223310,attention,0.2,76.54,easy
U014,pattern_recall,hard,60,60.01,54,4,11,True,2026-08-01 18:16:19.223385,attention,0.364,60.72,hard
U014,memory_match,medium,92,75.72,68,1,6,True,2026-09-02 14:16:19.223463,memory,0.167,83.75,hard
U014,routine_order,hard,50,69.92,66,5,15,True,2026-08-26 20:16:19.223541,sequencing,0.333,61.31,hard
U014,memory_match,easy,100,97.66,31,0,12,True,2026-08-05 21:16:19.223662,memory,0.0,99.06,medium
U014,memory_match,medium,92,77.63,66,1,5,True,2026-08-18 10:16:19.223746,memory,0.2,83.85,hard
U014,memory_match,hard,68,72.48,64,4,13,True,2026-07-12 01:16:19.223824,memory,0.308,70.03,hard
U014,pattern_recall,easy,70,76.34,43,3,11,True,2026-07-11 03:16:19.223903,attention,0.273,73.08,easy
U015,routine_order,hard,80,80.07,59,2,8,True,2026-07-03 10:16:19.223990,sequencing,0.25,79.03,hard
U015,routine_order,medium,60,66.38,36,4,13,True,2026-07-21 09:16:19.224067,sequencing,0.308,64.39,medium
U015,memory_match,medium,68,63.23,44,4,10,True,2026-08-20 15:16:19.224142,memory,0.4,64.49,medium
U015,memory_match,hard,84,83.97,64,2,15,True,2026-09-01 06:16:19.224218,memory,0.133,84.53,hard
U015,routine_order,medium,60,54.59,46,4,8,True,2026-08-20 18:16:19.224293,sequencing,0.5,55.84,easy
U015,pattern_recall,easy,100,100.0,72,0,8,False,2026-06-14 21:16:19.224367,attention,0.0,100.0,medium
U015,routine_order,hard,70,77.16,69,3,11,True,2026-07-15 06:16:19.224444,sequencing,0.273,73.4,hard
U015,pattern_recall,hard,80,75.42,57,2,9,True,2026-07-09 06:16:19.224520,attention,0.222,77.73,hard
U015,routine_order,easy,90,84.94,43,1,7,True,2026-08-09 19:16:19.224593,sequencing,0.143,87.12,medium
U015,pattern_recall,easy,90,84.4,40,1,8,True,2026-08-12 04:16:19.224668,attention,0.125,87.26,medium
U015,pattern_recall,easy,100,100.0,58,0,9,True,2026-08-14 07:16:19.224740,attention,0.0,100.0,medium
U015,pattern_recall,easy,90,86.87,38,1,8,True,2026-09-07 23:16:19.224846,attention,0.125,88.25,medium
U015,pattern_recall,hard,50,61.18,70,5,12,True,2026-08-25 00:16:19.225094,attention,0.417,56.13,medium
U015,routine_order,hard,70,69.7,62,3,9,True,2026-08-14 11:16:19.225338,sequencing,0.333,69.22,hard
U015,memory_match,medium,92,89.18,40,1,9,True,2026-07-13 22:16:19.225423,memory,0.111,90.25,hard
U015,pattern_recall,medium,100,95.13,42,0,9,True,2026-07-25 16:16:19.225502,attention,0.0,98.05,hard
U015,memory_match,easy,92,92.01,45,1,11,True,2026-08-22 01:16:19.225585,memory,0.091,91.78,medium
U015,memory_match,easy,92,89.24,33,1,13,False,2026-06-12 13:16:19.225660,memory,0.077,90.96,medium
U015,memory_match,medium,92,92.14,43,1,14,True,2026-07-23 06:16:19.225735,memory,0.071,92.24,hard
U015,routine_order,hard,80,72.91,99,2,7,True,2026-08-17 13:16:19.225809,sequencing,0.286,75.44,hard
U015,pattern_recall,medium,70,79.86,37,3,15,True,2026-08-21 14:16:19.225883,attention,0.2,75.94,medium
U015,pattern_recall,hard,90,83.99,85,1,9,True,2026-07-05 17:16:19.225993,attention,0.111,87.38,hard
U015,routine_order,hard,80,80.9,82,2,10,True,2026-07-13 21:16:19.226073,sequencing,0.2,80.36,hard
U015,memory_match,easy,92,83.66,23,1,9,True,2026-08-19 04:16:19.226150,memory,0.111,88.04,medium
U015,memory_match,hard,76,74.98,86,3,13,True,2026-07-07 06:16:19.226225,memory,0.231,75.77,hard
U015,memory_match,hard,84,65.73,51,2,5,True,2026-06-29 10:16:19.226304,memory,0.4,71.89,hard
U015,pattern_recall,medium,70,68.69,58,3,10,True,2026-08-14 01:16:19.226382,attention,0.3,69.48,medium
U015,pattern_recall,hard,80,72.5,74,2,8,True,2026-06-29 04:16:19.226458,attention,0.25,76.0,hard
U015,memory_match,hard,68,56.08,78,4,8,True,2026-08-02 06:16:19.226666,memory,0.5,59.63,medium
U015,memory_match,hard,76,68.26,67,3,9,True,2026-08-07 15:16:19.226785,memory,0.333,71.04,hard
U016,routine_order,easy,90,70.93,31,1,5,True,2026-06-20 07:16:19.226882,sequencing,0.2,80.37,medium
U016,routine_order,medium,80,74.29,61,2,8,True,2026-06-24 23:16:19.226964,sequencing,0.25,76.72,medium
U016,pattern_recall,hard,80,83.17,78,2,12,False,2026-09-02 04:16:19.227041,attention,0.167,81.93,hard
U016,pattern_recall,medium,40,63.24,46,6,15,True,2026-07-12 22:16:19.227117,attention,0.4,53.3,easy
U016,pattern_recall,easy,100,96.07,43,0,9,True,2026-07-14 12:16:19.227192,attention,0.0,98.43,medium
U016,routine_order,medium,40,60.85,26,6,15,True,2026-08-23 21:16:19.227266,sequencing,0.4,52.34,easy
U016,routine_order,medium,90,81.66,66,1,8,True,2026-09-03 12:16:19.227348,sequencing,0.125,86.16,hard
U016,pattern_recall,hard,80,78.79,58,2,10,True,2026-09-09 17:16:19.227428,attention,0.2,79.52,hard
U016,pattern_recall,easy,90,90.43,23,1,11,True,2026-07-25 03:16:19.227504,attention,0.091,90.35,medium
U016,routine_order,hard,60,67.96,79,4,14,True,2026-08-20 03:16:19.227579,sequencing,0.286,65.46,hard
U016,memory_match,easy,92,90.49,32,1,9,True,2026-07-23 13:16:19.227653,memory,0.111,90.78,medium
U016,pattern_recall,hard,50,61.61,57,5,13,True,2026-08-06 16:16:19.227726,attention,0.385,56.94,medium
U016,pattern_recall,easy,90,89.18,45,1,5,True,2026-06-22 20:16:19.227800,attention,0.2,87.67,medium
U016,pattern_recall,easy,70,61.78,22,3,8,True,2026-08-18 10:16:19.227970,attention,0.375,65.21,easy
U016,memory_match,hard,76,70.12,91,3,10,True,2026-08-11 06:16:19.228077,memory,0.3,72.45,hard
U016,pattern_recall,hard,60,74.73,74,4,14,True,2026-08-05 21:16:19.228158,attention,0.286,68.17,hard
U016,memory_match,medium,68,62.82,57,4,11,True,2026-08-22 01:16:19.228269,memory,0.364,65.05,medium
U016,routine_order,medium,70,78.13,55,3,13,True,2026-07-10 22:16:19.228360,sequencing,0.231,74.63,medium
U016,routine_order,hard,90,79.86,83,1,5,True,2026-08-28 01:16:19.228439,sequencing,0.2,83.94,hard
U016,memory_match,medium,76,76.58,73,3,11,True,2026-08-15 06:16:19.228516,memory,0.273,75.57,medium
U016,routine_order,easy,90,93.58,32,1,11,True,2026-07-19 22:16:19.228592,sequencing,0.091,91.61,medium
U016,memory_match,medium,100,100.0,37,0,9,True,2026-08-15 07:16:19.228672,memory,0.0,100.0,hard
U016,memory_match,medium,92,79.81,71,1,5,True,2026-06-16 07:16:19.228765,memory,0.2,84.72,hard
U016,memory_match,hard,68,65.12,62,4,11,True,2026-06-19 04:16:19.228852,memory,0.364,65.97,hard
U016,pattern_recall,easy,90,84.1,47,1,9,True,2026-07-15 15:16:19.228929,attention,0.111,87.42,medium
U016,pattern_recall,hard,50,60.03,62,5,12,True,2026-06-26 08:16:19.229004,attention,0.417,55.67,medium
U016,memory_match,hard,84,70.92,63,2,6,True,2026-07-27 01:16:19.229081,memory,0.333,75.31,hard
U016,routine_order,easy,80,66.23,42,2,7,True,2026-06-24 15:16:19.229156,sequencing,0.286,72.77,easy
U016,routine_order,hard,70,62.95,44,3,8,True,2026-08-11 12:16:19.229229,sequencing,0.375,65.68,hard
U016,pattern_recall,medium,80,73.1,63,2,6,True,2026-06-23 07:16:19.229303,attention,0.333,74.58,medium
U017,memory_match,easy,100,98.97,40,0,11,True,2026-06-21 20:16:19.229382,memory,0.0,99.59,medium
U017,memory_match,hard,84,83.03,78,2,11,True,2026-09-04 06:16:19.229457,memory,0.182,83.17,hard
U017,routine_order,hard,90,86.0,83,1,8,True,2026-06-16 13:16:19.229529,sequencing,0.125,87.9,hard
U017,pattern_recall,easy,70,75.12,46,3,12,True,2026-07-15 15:16:19.229603,attention,0.25,73.05,easy
U017,memory_match,hard,92,78.43,80,1,5,True,2026-07-22 11:16:19.229675,memory,0.2,84.17,hard
U017,routine_order,medium,90,82.66,49,1,5,True,2026-08-03 08:16:19.229749,sequencing,0.2,85.06,hard
U017,routine_order,medium,70,68.87,59,3,9,True,2026-08-28 19:16:19.229825,sequencing,0.333,68.89,medium
U017,routine_order,medium,70,75.43,66,3,11,True,2026-06-18 18:16:19.229898,sequencing,0.273,72.71,medium
U017,memory_match,easy,76,68.0,32,3,9,True,2026-06-23 18:16:19.229970,memory,0.333,70.94,easy
U017,pattern_recall,medium,60,73.45,67,4,15,True,2026-08-12 16:16:19.230043,attention,0.267,68.04,medium
U017,memory_match,medium,92,79.34,45,1,5,True,2026-08-03 07:16:19.230115,memory,0.2,84.54,hard
U017,routine_order,hard,100,93.49,56,0,5,False,2026-06-27 02:16:19.230189,sequencing,0.0,97.4,hard
U017,routine_order,medium,60,58.88,58,4,9,True,2026-08-03 09:16:19.230262,sequencing,0.444,58.67,easy
U017,pattern_recall,easy,90,88.87,48,1,7,True,2026-07-03 02:16:19.230334,attention,0.143,88.69,medium
U017,memory_match,medium,84,70.34,48,2,7,True,2026-06-28 12:16:19.230406,memory,0.286,76.02,medium
U017,memory_match,hard,84,65.86,81,2,6,True,2026-07-03 18:16:19.230480,memory,0.333,73.28,hard
U017,routine_order,easy,90,91.26,46,1,13,True,2026-08-09 12:16:19.230557,sequencing,0.077,90.96,medium
U017,memory_match,medium,84,86.38,46,2,12,True,2026-08-20 11:16:19.230634,memory,0.167,84.81,hard
U017,memory_match,hard,76,80.13,83,3,13,True,2026-08-19 04:16:19.230707,memory,0.231,77.83,hard
U017,memory_match,hard,68,56.94,74,4,10,True,2026-07-25 06:16:19.230807,memory,0.4,61.98,hard
U017,memory_match,medium,76,82.23,66,3,15,True,2026-08-01 01:16:19.230887,memory,0.2,79.29,medium
U017,pattern_recall,medium,80,67.2,87,2,6,True,2026-07-06 19:16:19.230964,attention,0.333,72.22,medium
U017,pattern_recall,medium,60,72.81,53,4,15,True,2026-09-02 15:16:19.231048,attention,0.267,67.78,medium
U017,pattern_recall,medium,80,79.07,59,2,11,True,2026-07-10 12:16:19.231126,attention,0.182,79.99,medium
U017,routine_order,easy,100,97.13,29,0,13,False,2026-06-18 18:16:19.231201,sequencing,0.0,98.85,medium
U017,pattern_recall,easy,90,87.89,36,1,12,True,2026-08-21 16:16:19.231275,attention,0.083,89.5,medium
U017,memory_match,hard,84,85.37,58,2,14,True,2026-08-22 09:16:19.231354,memory,0.143,84.89,hard
U017,routine_order,medium,80,75.23,31,2,10,True,2026-08-09 03:16:19.231427,sequencing,0.2,78.09,medium
U017,routine_order,easy,80,88.34,35,2,13,False,2026-08-01 11:16:19.231500,sequencing,0.154,84.26,medium
U017,routine_order,hard,50,56.97,57,5,12,True,2026-08-02 06:16:19.231573,sequencing,0.417,54.45,medium
U018,memory_match,easy,84,81.21,39,2,10,True,2026-06-15 01:16:19.231650,memory,0.2,82.08,medium
U018,pattern_recall,hard,80,74.73,49,2,9,True,2026-08-31 15:16:19.231722,attention,0.222,77.45,hard
U018,pattern_recall,hard,50,67.39,82,5,14,True,2026-07-18 23:16:19.231795,attention,0.357,59.82,medium
U018,pattern_recall,easy,90,79.6,22,1,6,True,2026-08-01 06:16:19.231867,attention,0.167,84.5,medium
U018,routine_order,medium,80,80.94,27,2,11,True,2026-08-09 14:16:19.231939,sequencing,0.182,80.74,hard
U018,pattern_recall,hard,30,43.57,94,7,13,True,2026-07-28 17:16:19.232014,attention,0.538,38.67,medium
U018,routine_order,hard,70,71.05,67,3,11,True,2026-07-13 15:16:19.232088,sequencing,0.273,70.96,hard
U018,memory_match,easy,100,100.0,55,0,14,True,2026-07-18 19:16:19.232161,memory,0.0,100.0,medium
U018,routine_order,easy,80,76.22,47,2,10,True,2026-07-19 20:16:19.232233,sequencing,0.2,78.49,easy
U018,routine_order,easy,90,93.47,33,1,10,False,2026-06-30 17:16:19.232307,sequencing,0.1,91.39,medium
U018,pattern_recall,hard,80,81.38,59,2,9,True,2026-06-13 14:16:19.232380,attention,0.222,80.11,hard
U018,routine_order,medium,100,100.0,77,0,10,True,2026-07-27 13:16:19.232458,sequencing,0.0,100.0,hard
U018,pattern_recall,easy,100,98.54,43,0,10,True,2026-09-09 08:16:19.232535,attention,0.0,99.42,medium
U018,memory_match,easy,68,75.0,26,4,15,True,2026-07-26 15:16:19.232608,memory,0.267,71.86,easy
U018,routine_order,medium,80,81.3,66,2,9,True,2026-06-13 07:16:19.232683,sequencing,0.222,80.08,hard
U018,routine_order,medium,80,77.8,69,2,11,True,2026-06-20 10:16:19.232774,sequencing,0.182,79.48,medium
U018,routine_order,easy,60,72.82,43,4,13,True,2026-07-19 00:16:19.232863,sequencing,0.308,66.97,easy
U018,pattern_recall,easy,90,77.23,43,1,5,True,2026-07-15 15:16:19.232940,attention,0.2,82.89,medium
U018,routine_order,medium,80,85.81,69,2,14,True,2026-08-30 16:16:19.233015,sequencing,0.143,83.46,hard
U018,routine_order,hard,70,61.69,79,3,9,True,2026-08-17 23:16:19.233089,sequencing,0.333,66.02,hard
U018,pattern_recall,medium,70,77.98,66,3,13,True,2026-08-29 23:16:19.233162,attention,0.231,74.57,medium
U018,memory_match,easy,92,85.92,38,1,7,True,2026-08-24 17:16:19.233236,memory,0.143,88.31,medium
U018,routine_order,medium,90,85.74,32,1,9,True,2026-07-04 01:16:19.233312,sequencing,0.111,88.08,hard
U018,pattern_recall,easy,100,93.76,53,0,7,True,2026-07-16 22:16:19.233384,attention,0.0,97.5,medium
U018,pattern_recall,medium,70,77.19,53,3,12,True,2026-09-06 17:16:19.233457,attention,0.25,73.88,medium
U018,routine_order,easy,90,92.98,23,1,12,True,2026-08-16 21:16:19.233530,sequencing,0.083,91.53,medium
U018,routine_order,medium,80,79.64,59,2,12,True,2026-07-04 23:16:19.233607,sequencing,0.167,80.52,hard
U018,memory_match,hard,84,59.51,91,2,6,True,2026-07-22 03:16:19.233681,memory,0.333,70.74,hard
U018,routine_order,hard,60,62.72,66,4,10,True,2026-08-11 20:16:19.233753,sequencing,0.4,61.09,hard
U018,pattern_recall,easy,100,97.23,32,0,10,True,2026-08-03 08:16:19.233825,attention,0.0,98.89,medium
U019,pattern_recall,medium,80,81.15,42,2,13,True,2026-09-05 17:16:19.233900,attention,0.154,81.38,hard
U019,memory_match,hard,92,81.64,60,1,8,True,2026-08-20 20:16:19.233973,memory,0.125,86.96,hard
U019,pattern_recall,hard,50,61.59,90,5,14,True,2026-06-30 00:16:19.234046,attention,0.357,57.5,medium
U019,routine_order,easy,80,82.59,37,2,9,True,2026-07-16 10:16:19.234118,sequencing,0.222,80.6,medium
U019,pattern_recall,easy,90,88.22,32,1,6,True,2026-07-12 04:16:19.234190,attention,0.167,87.95,medium
U019,pattern_recall,hard,40,59.48,71,6,14,True,2026-06-30 01:16:19.234262,attention,0.429,51.21,medium
U019,pattern_recall,medium,50,57.92,40,5,11,True,2026-06-13 11:16:19.234337,attention,0.455,54.07,easy
U019,memory_match,hard,52,58.24,73,6,14,True,2026-08-20 08:16:19.234413,memory,0.429,55.52,medium
U019,memory_match,medium,60,55.36,46,5,12,True,2026-08-24 06:16:19.234486,memory,0.417,57.8,easy
U019,pattern_recall,medium,80,79.83,47,2,10,True,2026-08-27 08:16:19.234559,attention,0.2,79.93,medium
U019,memory_match,hard,84,64.89,84,2,5,True,2026-08-06 17:16:19.234632,memory,0.4,71.56,hard
U019,memory_match,medium,92,75.58,41,1,6,True,2026-09-05 03:16:19.234806,memory,0.167,83.69,hard
U019,pattern_recall,medium,90,88.88,68,1,8,True,2026-08-27 09:16:19.235057,attention,0.125,89.05,hard
U019,memory_match,hard,76,59.37,68,3,7,True,2026-08-06 06:16:19.235162,memory,0.429,65.57,hard
U019,routine_order,hard,70,76.37,57,3,14,True,2026-08-17 06:16:19.235245,sequencing,0.214,74.27,hard
U019,routine_order,hard,70,68.36,76,3,8,True,2026-07-14 09:16:19.235321,sequencing,0.375,67.84,hard
U019,memory_match,hard,52,56.98,65,6,15,True,2026-08-25 19:16:19.235409,memory,0.4,55.59,medium
U019,memory_match,medium,60,61.86,54,5,12,False,2026-08-10 14:16:19.235485,memory,0.417,60.4,medium
U019,routine_order,easy,50,62.44,27,5,13,True,2026-08-11 13:16:19.235559,sequencing,0.385,57.28,easy
U019,pattern_recall,medium,60,65.34,25,4,11,True,2026-09-03 23:16:19.235636,attention,0.364,62.86,medium
U019,pattern_recall,easy,60,65.33,22,4,11,True,2026-08-23 08:16:19.235710,attention,0.364,62.85,easy
U019,pattern_recall,easy,90,91.73,14,1,12,True,2026-07-05 13:16:19.235782,attention,0.083,91.03,medium
U019,routine_order,hard,90,84.08,62,1,9,True,2026-07-02 20:16:19.235854,sequencing,0.111,87.41,hard
U019,pattern_recall,easy,100,98.47,29,0,15,True,2026-09-07 14:16:19.235927,attention,0.0,99.39,medium
U019,routine_order,medium,60,69.7,54,4,13,True,2026-06-28 04:16:19.235999,sequencing,0.308,65.72,medium
U019,memory_match,hard,68,67.95,38,4,11,True,2026-08-13 21:16:19.236071,memory,0.364,67.1,hard
U019,memory_match,hard,68,72.89,73,4,13,True,2026-07-31 09:16:19.236147,memory,0.308,70.2,hard
U019,routine_order,medium,80,76.61,49,2,9,True,2026-07-27 16:16:19.236221,sequencing,0.222,78.2,medium
U019,routine_order,easy,90,89.91,31,1,13,True,2026-07-18 12:16:19.236293,sequencing,0.077,90.42,medium
U019,memory_match,hard,60,65.41,69,5,14,True,2026-07-15 11:16:19.236366,memory,0.357,63.02,hard
U020,routine_order,hard,80,77.23,57,2,8,False,2026-09-08 08:16:19.236479,sequencing,0.25,77.89,hard
U020,routine_order,hard,60,69.4,57,4,12,True,2026-08-28 12:16:19.236561,sequencing,0.333,65.1,hard
U020,memory_match,hard,76,61.92,61,3,9,True,2026-06-12 07:16:19.236639,memory,0.333,68.51,hard
U020,pattern_recall,easy,70,70.58,45,3,11,True,2026-06-28 16:16:19.236717,attention,0.273,70.77,easy
U020,memory_match,easy,76,65.68,27,3,8,True,2026-07-20 04:16:19.236792,memory,0.375,69.17,easy
U020,memory_match,medium,76,70.31,39,3,11,True,2026-08-21 17:16:19.236864,memory,0.273,73.06,medium
U020,routine_order,medium,90,93.98,40,1,9,True,2026-08-11 10:16:19.236940,sequencing,0.111,91.37,hard
U020,routine_order,hard,60,62.77,79,4,10,True,2026-08-19 03:16:19.237015,sequencing,0.4,61.11,hard
U020,routine_order,easy,80,80.31,18,2,10,True,2026-06-23 03:16:19.237090,sequencing,0.2,80.12,medium
U020,memory_match,medium,60,65.96,46,5,15,True,2026-07-14 19:16:19.237168,memory,0.333,63.72,medium
U020,memory_match,medium,76,76.45,44,3,11,True,2026-08-10 20:16:19.237243,memory,0.273,75.52,medium
U020,memory_match,easy,84,80.9,44,2,9,True,2026-07-13 03:16:19.237554,memory,0.222,81.52,medium
U020,pattern_recall,medium,90,92.4,63,1,11,True,2026-06-14 22:16:19.237756,attention,0.091,91.14,hard
U020,routine_order,hard,80,71.17,60,2,6,True,2026-06-21 22:16:19.237860,sequencing,0.333,73.81,hard
U020,routine_order,easy,100,96.77,43,0,11,True,2026-08-17 19:16:19.237959,sequencing,0.0,98.71,medium
U020,routine_order,medium,60,71.8,47,4,15,True,2026-08-29 20:16:19.238041,sequencing,0.267,67.38,medium
U020,pattern_recall,hard,90,85.67,88,1,6,True,2026-08-11 03:16:19.238127,attention,0.167,86.93,hard
U020,pattern_recall,easy,80,84.72,31,2,14,True,2026-06-24 23:16:19.238210,attention,0.143,83.03,medium
U020,memory_match,medium,84,79.84,38,2,8,True,2026-08-14 14:16:19.238292,memory,0.25,80.54,hard
U020,pattern_recall,medium,50,61.06,70,5,13,True,2026-06-29 13:16:19.238378,attention,0.385,56.72,easy
U020,memory_match,medium,92,76.38,65,1,6,True,2026-08-04 23:16:19.238545,memory,0.167,84.01,hard
U020,pattern_recall,hard,90,80.67,76,1,6,True,2026-08-29 18:16:19.238705,attention,0.167,84.93,hard
U020,memory_match,hard,76,61.27,70,3,9,True,2026-08-27 21:16:19.238792,memory,0.333,68.25,hard
U020,pattern_recall,medium,90,81.41,41,1,8,True,2026-06-22 19:16:19.238881,attention,0.125,86.06,hard
U020,memory_match,easy,92,88.74,48,1,10,True,2026-08-25 18:16:19.238964,memory,0.1,90.3,medium
U020,memory_match,hard,76,66.62,71,3,10,True,2026-06-21 10:16:19.239046,memory,0.3,71.05,hard
U020,routine_order,medium,80,76.17,12,2,9,True,2026-06-15 15:16:19.239136,sequencing,0.222,78.03,medium
U020,routine_order,medium,80,67.84,66,2,7,True,2026-07-10 00:16:19.239247,sequencing,0.286,73.42,medium
U020,memory_match,hard,84,82.32,73,2,10,True,2026-07-03 15:16:19.239336,memory,0.2,82.53,hard
U020,routine_order,easy,70,78.72,32,3,15,True,2026-07-17 23:16:19.239423,sequencing,0.2,75.49,easy
U021,routine_order,easy,80,84.1,47,2,14,True,2026-09-09 06:16:19.239507,sequencing,0.143,82.78,medium
U021,pattern_recall,easy,90,87.71,48,1,7,True,2026-07-12 20:16:19.239582,attention,0.143,88.22,medium
U021,memory_match,hard,84,70.9,58,2,8,True,2026-09-06 04:16:19.239657,memory,0.25,76.96,hard
U021,pattern_recall,hard,70,76.45,87,3,13,True,2026-07-20 08:16:19.239732,attention,0.231,73.96,hard
U021,memory_match,easy,92,81.39,40,1,8,True,2026-06-12 07:16:19.239807,memory,0.125,86.86,medium
U021,routine_order,medium,60,66.43,38,4,13,True,2026-06-19 07:16:19.239892,sequencing,0.308,64.41,medium
U021,routine_order,hard,70,80.8,97,3,15,True,2026-08-14 12:16:19.240005,sequencing,0.2,76.32,hard
U021,pattern_recall,medium,100,96.71,50,0,8,True,2026-07-30 22:16:19.240087,attention,0.0,98.68,hard
U021,routine_order,hard,70,62.01,84,3,7,True,2026-07-26 02:16:19.240163,sequencing,0.429,64.22,hard
U021,memory_match,easy,92,92.66,47,1,13,False,2026-09-06 12:16:19.240237,memory,0.077,92.32,medium
U021,memory_match,hard,60,46.44,56,5,10,True,2026-07-27 00:16:19.240313,memory,0.5,52.58,medium
U021,pattern_recall,hard,70,68.12,74,3,10,True,2026-08-05 09:16:19.240387,attention,0.3,69.25,hard
U021,pattern_recall,hard,40,48.35,62,6,12,False,2026-07-25 02:16:19.240462,attention,0.5,45.34,medium
U021,pattern_recall,medium,90,78.73,56,1,6,True,2026-06-28 13:16:19.240536,attention,0.167,84.15,hard
U021,memory_match,hard,52,59.03,71,6,15,True,2026-09-09 11:16:19.240613,memory,0.4,56.41,medium
U021,memory_match,medium,84,78.09,45,2,10,True,2026-09-09 16:16:19.240686,memory,0.2,80.84,hard
U021,pattern_recall,medium,70,79.13,62,3,12,True,2026-07-22 03:16:19.240761,attention,0.25,74.65,medium
U021,routine_order,hard,90,77.62,72,1,6,True,2026-08-12 07:16:19.240833,sequencing,0.167,83.71,hard
U021,routine_order,hard,70,65.76,81,3,9,True,2026-07-24 09:16:19.240905,sequencing,0.333,67.64,hard
U021,pattern_recall,hard,50,54.67,70,5,10,True,2026-08-29 19:16:19.240977,attention,0.5,51.87,medium
U021,pattern_recall,medium,90,78.95,49,1,5,True,2026-06-12 00:16:19.241049,attention,0.2,83.58,hard
U021,pattern_recall,easy,100,100.0,16,0,12,True,2026-08-23 18:16:19.241122,attention,0.0,100.0,medium
U021,pattern_recall,easy,90,90.29,50,1,11,False,2026-08-20 11:16:19.241211,attention,0.091,90.3,medium
U021,routine_order,easy,90,78.25,30,1,6,True,2026-07-28 01:16:19.241306,sequencing,0.167,83.96,medium
U021,pattern_recall,hard,70,67.23,54,3,10,True,2026-08-08 11:16:19.241390,attention,0.3,68.89,hard
U021,routine_order,hard,80,73.26,75,2,6,True,2026-06-14 01:16:19.241467,sequencing,0.333,74.64,hard
U021,pattern_recall,hard,80,81.41,77,2,13,True,2026-08-25 09:16:19.241546,attention,0.154,81.48,hard
U021,routine_order,hard,80,80.03,93,2,10,True,2026-06-15 18:16:19.241621,sequencing,0.2,80.01,hard
U021,pattern_recall,easy,70,69.56,37,3,11,True,2026-07-01 08:16:19.241694,attention,0.273,70.36,easy
U021,routine_order,hard,70,60.41,80,3,7,True,2026-08-03 10:16:19.241768,sequencing,0.429,63.58,hard
U022,memory_match,hard,60,65.56,77,5,14,True,2026-09-06 04:16:19.241844,memory,0.357,63.08,hard
U022,memory_match,hard,84,70.27,61,2,7,True,2026-07-12 09:16:19.241918,memory,0.286,75.99,hard
U022,memory_match,easy,100,100.0,42,0,5,True,2026-06-22 09:16:19.241991,memory,0.0,100.0,medium
U022,memory_match,easy,92,91.45,44,1,13,True,2026-08-18 12:16:19.242065,memory,0.077,91.84,medium
U022,pattern_recall,hard,70,78.7,56,3,13,True,2026-07-16 08:16:19.242139,attention,0.231,74.86,hard
U022,memory_match,easy,92,90.29,36,1,11,True,2026-08-28 18:16:19.242261,memory,0.091,91.1,medium
U022,memory_match,medium,60,64.39,56,5,14,True,2026-07-25 11:16:19.242345,memory,0.357,62.62,medium
U022,routine_order,easy,60,76.03,19,4,15,True,2026-07-19 09:16:19.242422,sequencing,0.267,69.07,easy
U022,pattern_recall,medium,90,76.23,71,1,5,True,2026-06-16 00:16:19.242499,attention,0.2,82.49,hard
U022,pattern_recall,hard,70,81.21,59,3,15,True,2026-08-13 03:16:19.242574,attention,0.2,76.48,hard
U022,memory_match,medium,92,78.6,46,1,6,True,2026-08-01 07:16:19.242649,memory,0.167,84.9,hard
U022,pattern_recall,easy,100,96.39,59,0,10,True,2026-08-06 10:16:19.242724,attention,0.0,98.56,medium
U022,pattern_recall,hard,60,63.18,56,4,11,True,2026-08-18 10:16:19.242800,attention,0.364,61.99,hard
U022,routine_order,medium,50,65.2,53,5,13,True,2026-07-27 11:16:19.242881,sequencing,0.385,58.38,easy
U022,pattern_recall,hard,60,63.63,79,4,11,True,2026-06-18 17:16:19.242958,attention,0.364,62.17,hard
U022,routine_order,easy,80,79.55,53,2,9,True,2026-07-27 10:16:19.243033,sequencing,0.222,79.38,easy
U022,memory_match,hard,92,74.89,67,1,5,True,2026-07-06 05:16:19.243109,memory,0.2,82.76,hard
U022,memory_match,medium,76,74.98,54,3,10,True,2026-08-27 21:16:19.243181,memory,0.3,74.39,medium
U022,routine_order,hard,70,62.28,71,3,7,True,2026-06-14 10:16:19.243282,sequencing,0.429,64.33,hard
U022,routine_order,medium,80,63.56,60,2,5,True,2026-06-13 07:16:19.243365,sequencing,0.4,69.42,medium
U022,pattern_recall,easy,80,82.03,51,2,10,True,2026-09-09 13:16:19.243441,attention,0.2,80.81,medium
U022,routine_order,easy,70,76.68,27,3,11,True,2026-06-13 10:16:19.243516,sequencing,0.273,73.21,easy
U022,pattern_recall,easy,100,100.0,20,0,15,True,2026-08-31 03:16:19.243592,attention,0.0,100.0,medium
U022,pattern_recall,easy,100,98.37,49,0,13,True,2026-06-21 07:16:19.243668,attention,0.0,99.35,medium
U022,routine_order,hard,90,86.71,76,1,9,True,2026-08-23 08:16:19.243742,sequencing,0.111,88.46,hard
U022,pattern_recall,easy,70,75.27,47,3,12,True,2026-07-09 09:16:19.243849,attention,0.25,73.11,easy
U022,memory_match,medium,68,68.76,41,4,14,True,2026-08-28 11:16:19.243935,memory,0.286,68.98,medium
U022,memory_match,medium,100,97.12,52,0,11,True,2026-07-08 16:16:19.244042,memory,0.0,98.85,hard
U022,memory_match,hard,68,53.6,53,4,9,True,2026-06-13 05:16:19.244129,memory,0.444,59.76,medium
U022,routine_order,easy,100,100.0,22,0,11,True,2026-07-14 20:16:19.244204,sequencing,0.0,100.0,medium
U023,pattern_recall,hard,90,81.9,79,1,7,True,2026-07-12 04:16:19.244282,attention,0.143,85.9,hard
U023,pattern_recall,hard,70,73.84,76,3,11,True,2026-08-27 06:16:19.244378,attention,0.273,72.08,hard
U023,routine_order,medium,90,75.1,51,1,5,True,2026-07-21 15:16:19.244493,sequencing,0.2,82.04,hard
U023,pattern_recall,hard,60,65.23,79,4,11,True,2026-08-07 19:16:19.244571,attention,0.364,62.81,hard
U023,memory_match,medium,76,80.31,52,3,13,True,2026-07-25 23:16:19.244645,memory,0.231,77.9,medium
U023,routine_order,medium,80,68.98,37,2,7,True,2026-07-11 09:16:19.244718,sequencing,0.286,73.87,medium
U023,routine_order,medium,80,79.5,43,2,11,True,2026-06-30 04:16:19.244795,sequencing,0.182,80.16,hard
U023,pattern_recall,hard,60,61.4,72,4,10,True,2026-09-07 01:16:19.244867,attention,0.4,60.56,hard
U023,memory_match,hard,76,66.96,92,3,10,True,2026-06-15 14:16:19.244940,memory,0.3,71.18,hard
U023,routine_order,hard,80,79.97,87,2,8,True,2026-07-13 06:16:19.245012,sequencing,0.25,78.99,hard
U023,routine_order,easy,90,83.5,43,1,5,True,2026-08-18 05:16:19.245085,sequencing,0.2,85.4,medium
U023,pattern_recall,medium,80,77.73,52,2,8,True,2026-06-23 20:16:19.245158,attention,0.25,78.09,medium
U023,pattern_recall,hard,80,69.6,74,2,8,True,2026-09-09 21:16:19.245253,attention,0.25,74.84,hard
U023,pattern_recall,hard,70,55.32,55,3,6,True,2026-07-01 00:16:19.245339,attention,0.5,60.13,hard
U023,routine_order,easy,70,78.29,33,3,15,True,2026-06-21 18:16:19.245415,sequencing,0.2,75.32,easy
U023,pattern_recall,easy,70,69.47,56,3,9,True,2026-08-19 20:16:19.245494,attention,0.333,69.13,easy
U023,memory_match,medium,84,67.05,72,2,5,True,2026-09-08 19:16:19.245570,memory,0.4,72.42,medium
U023,memory_match,hard,84,77.97,50,2,11,True,2026-07-03 03:16:19.245645,memory,0.182,81.15,hard
U023,routine_order,easy,70,77.03,67,3,14,True,2026-09-01 12:16:19.245718,sequencing,0.214,74.53,easy
U023,pattern_recall,medium,70,69.85,56,3,10,True,2026-08-23 16:16:19.245791,attention,0.3,69.94,medium
U023,memory_match,hard,76,59.05,68,3,8,True,2026-08-14 12:16:19.245864,memory,0.375,66.52,hard
U023,routine_order,easy,80,79.14,39,2,8,True,2026-07-10 07:16:19.245983,sequencing,0.25,78.66,easy
U023,pattern_recall,hard,80,60.59,81,2,5,True,2026-08-23 01:16:19.246121,attention,0.4,68.24,hard
U023,memory_match,easy,100,100.0,28,0,14,True,2026-08-23 00:16:19.246214,memory,0.0,100.0,medium
U023,pattern_recall,hard,80,69.37,64,2,8,False,2026-08-23 13:16:19.246291,attention,0.25,74.75,hard
U023,routine_order,medium,90,79.48,30,1,5,True,2026-08-12 02:16:19.246367,sequencing,0.2,83.79,hard
U023,pattern_recall,medium,60,72.85,60,4,14,True,2026-07-21 17:16:19.246451,attention,0.286,67.42,medium
U023,routine_order,medium,80,78.16,37,2,11,True,2026-07-09 00:16:19.246525,sequencing,0.182,79.62,medium
U023,routine_order,medium,90,86.2,46,1,8,True,2026-07-31 13:16:19.246600,sequencing,0.125,87.98,hard
U023,pattern_recall,easy,70,74.44,22,3,11,True,2026-07-16 01:16:19.246674,attention,0.273,72.32,easy
U024,routine_order,hard,70,70.81,86,3,9,True,2026-09-09 02:16:19.246752,sequencing,0.333,69.66,hard
U024,memory_match,hard,84,84.7,71,2,14,True,2026-08-24 00:16:19.246827,memory,0.143,84.62,hard
U024,routine_order,easy,80,75.07,23,2,8,True,2026-08-25 16:16:19.246900,sequencing,0.25,77.03,easy
U024,routine_order,medium,70,71.88,39,3,9,True,2026-08-19 14:16:19.246978,sequencing,0.333,70.09,medium
U024,memory_match,medium,84,74.56,39,2,7,True,2026-07-27 22:16:19.247057,memory,0.286,77.7,medium
U024,routine_order,hard,70,67.66,75,3,8,True,2026-07-08 18:16:19.247137,sequencing,0.375,67.56,hard
U024,memory_match,medium,76,73.0,53,3,11,True,2026-06-22 09:16:19.247242,memory,0.273,74.14,medium
U024,memory_match,medium,92,83.24,66,1,6,True,2026-07-31 00:16:19.247364,memory,0.167,86.76,hard
U024,routine_order,hard,60,74.39,81,4,15,True,2026-09-09 09:16:19.247452,sequencing,0.267,68.42,hard
U024,pattern_recall,hard,80,80.39,75,2,8,True,2026-07-12 06:16:19.247537,attention,0.25,79.16,hard
U024,memory_match,medium,84,77.72,53,2,7,True,2026-07-16 07:16:19.247623,memory,0.286,78.97,medium
U024,memory_match,hard,76,77.02,82,3,15,True,2026-09-08 19:16:19.247710,memory,0.2,77.21,hard
U024,pattern_recall,hard,60,55.85,65,4,10,True,2026-06-12 22:16:19.247793,attention,0.4,58.34,medium
U024,routine_order,medium,70,68.61,66,3,9,True,2026-07-26 23:16:19.247875,sequencing,0.333,68.78,medium
U024,pattern_recall,easy,80,84.93,32,2,12,True,2026-06-21 06:16:19.247958,attention,0.167,82.63,medium
U024,memory_match,medium,84,80.2,70,2,11,True,2026-06-28 10:16:19.248033,memory,0.182,82.04,hard
U024,memory_match,medium,84,67.72,63,2,6,True,2026-08-27 06:16:19.248111,memory,0.333,74.03,medium
U024,memory_match,hard,68,69.01,68,4,12,True,2026-09-01 10:16:19.248184,memory,0.333,68.14,hard
U024,routine_order,hard,70,53.67,68,3,7,True,2026-08-15 09:16:19.248256,sequencing,0.429,60.89,hard
U024,memory_match,medium,92,72.65,56,1,5,True,2026-08-24 11:16:19.248329,memory,0.2,81.86,hard
U024,memory_match,easy,100,96.22,24,0,5,True,2026-06-30 03:16:19.248405,memory,0.0,98.49,medium
U024,memory_match,medium,92,90.93,59,1,12,True,2026-07-10 22:16:19.248478,memory,0.083,91.51,hard
U024,memory_match,easy,100,100.0,24,0,14,True,2026-09-04 07:16:19.248552,memory,0.0,100.0,medium
U024,routine_order,easy,80,81.59,32,2,11,True,2026-07-27 03:16:19.248624,sequencing,0.182,81.0,medium
U024,routine_order,hard,80,68.13,77,2,5,True,2026-07-28 22:16:19.248696,sequencing,0.4,71.25,hard
U024,memory_match,medium,68,73.54,31,4,14,True,2026-07-24 19:16:19.248768,memory,0.286,70.9,medium
U024,pattern_recall,medium,90,86.6,56,1,6,True,2026-07-13 09:16:19.248844,attention,0.167,87.3,hard
U024,routine_order,hard,80,77.88,79,2,8,True,2026-06-19 21:16:19.248917,sequencing,0.25,78.15,hard
U024,memory_match,medium,68,73.51,41,4,15,True,2026-07-21 15:16:19.248989,memory,0.267,71.26,medium
U024,routine_order,hard,70,77.53,66,3,15,True,2026-09-03 18:16:19.249063,sequencing,0.2,75.01,hard
U025,routine_order,hard,50,56.92,67,5,11,True,2026-09-01 08:16:19.249138,sequencing,0.455,53.67,medium
U025,routine_order,easy,80,86.55,13,2,12,True,2026-08-30 17:16:19.249210,sequencing,0.167,83.28,medium
U025,pattern_recall,easy,90,90.89,34,1,14,True,2026-08-07 14:16:19.249313,attention,0.071,90.94,medium
U025,pattern_recall,medium,80,78.29,48,2,7,True,2026-09-06 13:16:19.249391,attention,0.286,77.6,medium
U025,memory_match,medium,92,91.58,32,1,8,True,2026-08-22 21:16:19.249465,memory,0.125,90.93,hard
U025,memory_match,medium,76,64.26,55,3,7,True,2026-07-15 11:16:19.249540,memory,0.429,67.52,medium
U025,memory_match,medium,68,56.42,54,4,9,True,2026-06-17 03:16:19.249621,memory,0.444,60.89,medium
U025,memory_match,medium,100,96.23,41,0,10,True,2026-06-16 02:16:19.249695,memory,0.0,98.49,hard
U025,pattern_recall,medium,60,56.35,50,4,10,True,2026-07-11 11:16:19.249768,attention,0.4,58.54,easy
U025,pattern_recall,medium,90,93.43,54,1,12,True,2026-06-30 02:16:19.249841,attention,0.083,91.71,hard
U025,pattern_recall,easy,90,81.57,14,1,5,True,2026-07-16 03:16:19.249914,attention,0.2,84.63,medium
U025,pattern_recall,hard,70,76.18,64,3,14,True,2026-08-15 12:16:19.249987,attention,0.214,74.19,hard
U025,routine_order,medium,60,62.58,27,4,11,True,2026-07-08 16:16:19.250059,sequencing,0.364,61.75,medium
U025,memory_match,easy,84,80.83,32,2,9,True,2026-08-06 04:16:19.250132,memory,0.222,81.49,medium
U025,pattern_recall,easy,60,66.48,44,4,12,True,2026-08-11 11:16:19.250203,attention,0.333,63.93,easy
U025,memory_match,medium,92,78.86,63,1,5,True,2026-08-01 19:16:19.250277,memory,0.2,84.34,hard
U025,pattern_recall,hard,40,57.58,82,6,14,True,2026-07-18 07:16:19.250352,attention,0.429,50.45,medium
U025,memory_match,medium,76,76.78,42,3,13,True,2026-08-15 01:16:19.250425,memory,0.231,76.49,medium
U025,memory_match,hard,76,78.32,65,3,15,True,2026-06-26 21:16:19.250497,memory,0.2,77.73,hard
U025,routine_order,medium,90,90.7,30,1,6,True,2026-09-02 23:16:19.250570,sequencing,0.167,88.94,hard
U025,routine_order,medium,70,71.99,67,3,9,True,2026-06-27 13:16:19.250642,sequencing,0.333,70.14,medium
U025,memory_match,easy,76,81.04,26,3,14,True,2026-09-03 15:16:19.250715,memory,0.214,78.54,easy
U025,routine_order,hard,60,58.56,75,4,10,True,2026-08-30 11:16:19.250787,sequencing,0.4,59.42,medium
U025,pattern_recall,easy,90,84.07,32,1,5,False,2026-08-01 10:16:19.250858,attention,0.2,85.63,medium
U025,routine_order,hard,80,75.34,62,2,8,True,2026-08-10 02:16:19.250930,sequencing,0.25,77.14,hard
U025,pattern_recall,easy,70,59.44,37,3,8,True,2026-07-16 20:16:19.251002,attention,0.375,64.28,easy
U025,memory_match,medium,76,78.67,55,3,15,True,2026-07-04 02:16:19.251077,memory,0.2,77.87,medium
U025,memory_match,hard,92,79.18,79,1,7,True,2026-08-26 17:16:19.251150,memory,0.143,85.61,hard
U025,routine_order,easy,60,70.68,28,4,14,True,2026-09-06 05:16:19.251237,sequencing,0.286,66.55,easy
U025,memory_match,hard,92,81.12,64,1,7,True,2026-07-19 05:16:19.251331,memory,0.143,86.39,hard
U026,routine_order,hard,90,89.61,77,1,6,True,2026-09-06 14:16:19.251416,sequencing,0.167,88.5,hard
U026,routine_order,easy,80,76.93,23,2,8,True,2026-09-09 16:16:19.251497,sequencing,0.25,77.77,easy
U026,pattern_recall,easy,90,78.92,33,1,7,True,2026-08-02 06:16:19.251572,attention,0.143,84.71,medium
U026,pattern_recall,medium,80,83.36,31,2,11,True,2026-06-14 15:16:19.251646,attention,0.182,81.7,hard
U026,routine_order,medium,70,75.89,45,3,12,True,2026-07-29 21:16:19.251719,sequencing,0.25,73.36,medium
U026,routine_order,easy,90,91.19,55,1,15,True,2026-07-08 11:16:19.251792,sequencing,0.067,91.14,medium
U026,pattern_recall,hard,50,63.85,73,5,13,False,2026-07-23 11:16:19.251868,attention,0.385,57.84,medium
U026,routine_order,easy,90,94.9,32,1,14,True,2026-07-19 03:16:19.251940,sequencing,0.071,92.54,medium
U026,routine_order,hard,80,69.13,76,2,5,True,2026-06-25 04:16:19.252012,sequencing,0.4,71.65,hard
U026,pattern_recall,easy,90,82.03,32,1,8,True,2026-08-22 10:16:19.252085,attention,0.125,86.31,medium
U026,routine_order,easy,90,80.16,23,1,6,True,2026-07-17 13:16:19.252157,sequencing,0.167,84.72,medium
U026,pattern_recall,easy,100,100.0,31,0,7,True,2026-07-07 06:16:19.252234,attention,0.0,100.0,medium
U026,routine_order,medium,70,76.02,37,3,12,True,2026-07-09 04:16:19.252306,sequencing,0.25,73.41,medium
U026,pattern_recall,easy,80,87.52,24,2,15,True,2026-08-31 17:16:19.252379,attention,0.133,84.35,medium
U026,memory_match,easy,84,84.34,53,2,12,True,2026-08-21 17:16:19.252452,memory,0.167,84.0,medium
U026,pattern_recall,easy,80,68.53,42,2,7,True,2026-07-07 10:16:19.252524,attention,0.286,73.69,easy
U026,routine_order,medium,80,69.06,52,2,7,True,2026-07-17 03:16:19.252600,sequencing,0.286,73.9,medium
U026,memory_match,medium,92,75.4,55,1,5,True,2026-06-21 21:16:19.252673,memory,0.2,82.96,hard
U026,routine_order,hard,70,76.1,92,3,14,False,2026-08-21 14:16:19.252747,sequencing,0.214,74.16,hard
U026,memory_match,hard,76,65.61,50,3,8,True,2026-07-03 16:16:19.252819,memory,0.375,69.14,hard
U026,pattern_recall,easy,80,84.24,33,2,12,True,2026-08-23 13:16:19.252894,attention,0.167,82.36,medium
U026,memory_match,hard,52,53.29,86,6,12,True,2026-08-18 06:16:19.252967,memory,0.5,52.12,medium
U026,memory_match,hard,84,68.38,68,2,7,True,2026-06-19 10:16:19.253038,memory,0.286,75.23,hard
U026,memory_match,easy,84,85.25,16,2,15,True,2026-07-10 16:16:19.253110,memory,0.133,85.04,medium
U026,pattern_recall,medium,90,86.72,66,1,5,True,2026-07-28 15:16:19.253183,attention,0.2,86.69,hard
U026,pattern_recall,hard,80,60.64,87,2,6,True,2026-07-13 14:16:19.253276,attention,0.333,69.6,hard
U026,routine_order,easy,90,92.6,31,1,8,True,2026-08-13 11:16:19.253363,sequencing,0.125,90.54,medium
U026,pattern_recall,hard,70,63.56,61,3,8,True,2026-07-17 19:16:19.253443,attention,0.375,65.92,hard
U026,routine_order,easy,60,71.41,22,4,14,True,2026-07-22 13:16:19.253525,sequencing,0.286,66.84,easy
U026,pattern_recall,hard,40,55.79,45,6,14,True,2026-07-01 14:16:19.253629,attention,0.429,49.74,medium
U027,routine_order,hard,60,61.21,72,4,11,True,2026-07-27 04:16:19.253738,sequencing,0.364,61.2,hard
U027,pattern_recall,medium,80,75.61,64,2,7,True,2026-06-16 13:16:19.253812,attention,0.286,76.52,medium
U027,routine_order,hard,80,68.71,61,2,5,True,2026-07-06 19:16:19.253885,sequencing,0.4,71.48,hard
U027,pattern_recall,hard,70,59.07,81,3,7,True,2026-06-28 14:16:19.253958,attention,0.429,63.05,hard
U027,routine_order,easy,80,71.93,16,2,8,True,2026-09-07 19:16:19.254052,sequencing,0.25,75.77,easy
U027,memory_match,easy,84,83.03,29,2,12,True,2026-08-01 10:16:19.254383,memory,0.167,83.47,medium
U027,pattern_recall,medium,90,71.43,42,1,5,True,2026-06-25 03:16:19.254494,attention,0.2,80.57,hard
U027,pattern_recall,hard,50,67.35,83,5,15,True,2026-07-12 11:16:19.254574,attention,0.333,60.28,hard
U027,memory_match,hard,84,79.84,89,2,12,True,2026-07-15 15:16:19.254652,memory,0.167,82.2,hard
U027,pattern_recall,easy,100,100.0,37,0,9,True,2026-08-07 20:16:19.254728,attention,0.0,100.0,medium
U027,routine_order,hard,50,50.91,65,5,10,True,2026-08-09 03:16:19.254802,sequencing,0.5,50.36,medium
U027,memory_match,medium,76,74.51,30,3,11,True,2026-07-27 12:16:19.254877,memory,0.273,74.74,medium
U027,pattern_recall,easy,90,94.26,17,1,10,True,2026-06-16 03:16:19.254951,attention,0.1,91.7,medium
U027,memory_match,hard,84,79.35,75,2,9,True,2026-08-08 01:16:19.255023,memory,0.222,80.9,hard
U027,pattern_recall,hard,80,76.16,63,2,10,True,2026-07-08 13:16:19.255096,attention,0.2,78.46,hard
U027,routine_order,medium,70,74.19,48,3,10,True,2026-08-13 21:16:19.255170,sequencing,0.3,71.68,medium
U027,pattern_recall,easy,70,75.3,34,3,11,True,2026-07-27 03:16:19.255274,attention,0.273,72.66,easy
U027,memory_match,hard,76,78.96,52,3,14,True,2026-07-30 08:16:19.255360,memory,0.214,77.7,hard
U027,memory_match,hard,84,74.76,68,2,6,False,2026-08-15 07:16:19.255438,memory,0.333,76.84,hard
U027,routine_order,hard,40,59.97,81,6,14,True,2026-09-06 20:16:19.255514,sequencing,0.429,51.41,medium
U027,memory_match,hard,84,76.63,76,2,10,False,2026-08-05 12:16:19.255588,memory,0.2,80.25,hard
U027,routine_order,medium,80,77.39,63,2,7,True,2026-09-09 12:16:19.255663,sequencing,0.286,77.24,medium
U027,pattern_recall,hard,50,67.36,69,5,14,True,2026-09-08 21:16:19.255740,attention,0.357,59.8,medium
U027,pattern_recall,easy,90,91.75,33,1,10,True,2026-09-07 13:16:19.255819,attention,0.1,90.7,medium
U027,memory_match,medium,84,82.73,59,2,14,True,2026-08-15 15:16:19.255893,memory,0.143,83.83,hard
U027,memory_match,medium,76,69.9,54,3,9,True,2026-07-25 10:16:19.255966,memory,0.333,71.7,medium
U027,routine_order,hard,70,71.27,63,3,10,True,2026-07-10 17:16:19.256041,sequencing,0.3,70.51,hard
U027,pattern_recall,easy,80,81.59,41,2,9,True,2026-08-20 15:16:19.256116,attention,0.222,80.2,medium
U027,routine_order,medium,90,82.52,58,1,8,True,2026-07-26 05:16:19.256189,sequencing,0.125,86.51,hard
U027,memory_match,easy,76,76.22,36,3,14,True,2026-06-22 19:16:19.256261,memory,0.214,76.61,easy
U028,memory_match,medium,84,82.74,48,2,13,True,2026-06-22 17:16:19.256341,memory,0.154,83.62,hard
U028,pattern_recall,hard,50,63.62,82,5,13,True,2026-06-14 10:16:19.256413,attention,0.385,57.75,medium
U028,pattern_recall,easy,90,92.47,52,1,12,True,2026-09-05 13:16:19.256486,attention,0.083,91.33,medium
U028,routine_order,medium,80,68.31,46,2,6,True,2026-08-14 22:16:19.256560,sequencing,0.333,72.66,medium
U028,routine_order,medium,70,55.56,52,3,7,True,2026-07-14 17:16:19.256638,sequencing,0.429,61.64,medium
U028,memory_match,medium,92,79.07,43,1,6,True,2026-08-04 03:16:19.256712,memory,0.167,85.09,hard
U028,routine_order,easy,90,84.52,31,1,9,True,2026-09-07 09:16:19.256787,sequencing,0.111,87.59,medium
U028,routine_order,hard,60,74.51,55,4,14,True,2026-08-17 13:16:19.256859,sequencing,0.286,68.08,hard
U028,routine_order,hard,40,56.63,78,6,13,True,2026-07-07 08:16:19.256931,sequencing,0.462,49.41,medium
U028,pattern_recall,hard,80,52.35,67,2,5,True,2026-07-24 08:16:19.257003,attention,0.4,64.94,hard
U028,pattern_recall,easy,80,71.75,42,2,8,True,2026-08-05 10:16:19.257075,attention,0.25,75.7,easy
U028,memory_match,hard,60,63.27,67,5,13,True,2026-06-22 04:16:19.257147,memory,0.385,61.61,hard
U028,memory_match,easy,84,73.56,41,2,9,True,2026-07-04 19:16:19.257219,memory,0.222,78.58,easy
U028,memory_match,medium,92,90.47,35,1,10,True,2026-07-28 16:16:19.257320,memory,0.1,90.99,hard
U028,routine_order,hard,80,73.23,37,2,7,True,2026-06-24 06:16:19.257401,sequencing,0.286,75.57,hard
U028,memory_match,medium,84,87.9,64,2,15,True,2026-07-14 16:16:19.257478,memory,0.133,86.1,hard
U028,pattern_recall,hard,60,65.66,77,4,13,True,2026-06-20 07:16:19.257556,attention,0.308,64.1,hard
U028,memory_match,hard,52,60.15,72,6,14,True,2026-07-03 10:16:19.257629,memory,0.429,56.28,medium
U028,pattern_recall,easy,90,80.21,63,1,6,True,2026-07-15 05:16:19.257705,attention,0.167,84.74,medium
U028,pattern_recall,easy,90,93.73,23,1,8,True,2026-07-15 06:16:19.257779,attention,0.125,90.99,medium
U028,routine_order,hard,40,58.3,91,6,14,True,2026-07-27 13:16:19.257851,sequencing,0.429,50.74,medium
U028,pattern_recall,medium,80,84.92,43,2,13,True,2026-06-25 19:16:19.257924,attention,0.154,82.89,hard
U028,routine_order,medium,60,65.88,59,4,12,True,2026-09-05 01:16:19.257996,sequencing,0.333,63.69,medium
U028,memory_match,hard,84,63.93,68,2,5,True,2026-08-11 05:16:19.258068,memory,0.4,71.17,hard
U028,memory_match,hard,60,62.44,60,5,13,True,2026-07-10 20:16:19.258143,memory,0.385,61.28,hard
U028,pattern_recall,easy,90,90.35,38,1,7,True,2026-09-01 21:16:19.258215,attention,0.143,89.28,medium
U028,memory_match,medium,92,84.26,52,1,6,True,2026-07-03 13:16:19.258289,memory,0.167,87.16,hard
U028,pattern_recall,hard,80,81.99,61,2,11,True,2026-07-17 20:16:19.258361,attention,0.182,81.16,hard
U028,memory_match,hard,84,82.45,69,2,9,True,2026-07-12 06:16:19.258435,memory,0.222,82.14,hard
U028,pattern_recall,easy,90,75.23,45,1,6,True,2026-06-17 19:16:19.258508,attention,0.167,82.75,medium
U029,pattern_recall,medium,60,73.1,29,4,15,True,2026-08-11 15:16:19.258584,attention,0.267,67.9,medium
U029,pattern_recall,easy,90,94.4,50,1,15,True,2026-06-30 04:16:19.258656,attention,0.067,92.42,medium
U029,routine_order,hard,80,69.56,66,2,7,True,2026-07-30 16:16:19.258729,sequencing,0.286,74.1,hard
U029,memory_match,easy,100,100.0,30,0,11,True,2026-08-29 15:16:19.258803,memory,0.0,100.0,medium
U029,memory_match,medium,84,87.96,55,2,14,True,2026-06-23 10:16:19.258875,memory,0.143,85.92,hard
U029,memory_match,hard,84,62.21,35,2,6,True,2026-08-15 07:16:19.258947,memory,0.333,71.82,hard
U029,memory_match,hard,76,39.99,74,3,5,True,2026-09-04 09:16:19.259021,memory,0.6,54.4,medium
U029,pattern_recall,medium,90,84.94,68,1,5,True,2026-08-12 17:16:19.259092,attention,0.2,85.98,hard
U029,pattern_recall,medium,80,66.24,14,2,7,True,2026-07-21 00:16:19.259164,attention,0.286,72.78,medium
U029,routine_order,medium,70,76.27,59,3,14,True,2026-09-01 08:16:19.259236,sequencing,0.214,74.23,medium
U029,pattern_recall,easy,90,86.98,40,1,6,True,2026-09-07 13:16:19.259341,attention,0.167,87.45,medium
U029,routine_order,medium,90,90.29,33,1,7,True,2026-06-29 03:16:19.259434,sequencing,0.143,89.26,hard
U029,memory_match,hard,84,77.23,58,2,9,False,2026-07-09 05:16:19.259512,memory,0.222,80.05,hard
U029,memory_match,easy,76,73.26,26,3,12,True,2026-08-30 00:16:19.259591,memory,0.25,74.7,easy
U029,pattern_recall,medium,70,80.98,62,3,14,True,2026-06-22 13:16:19.259666,attention,0.214,76.11,medium
U029,memory_match,hard,76,78.51,76,3,14,False,2026-06-24 07:16:19.259743,memory,0.214,77.52,hard
U029,memory_match,easy,68,70.04,47,4,13,True,2026-08-20 22:16:19.259819,memory,0.308,69.06,easy
U029,memory_match,hard,76,67.77,77,3,8,True,2026-08-24 15:16:19.259893,memory,0.375,70.01,hard
U029,pattern_recall,hard,70,73.9,77,3,12,True,2026-06-15 18:16:19.259965,attention,0.25,72.56,hard
U029,memory_match,easy,92,86.26,21,1,5,True,2026-07-26 18:16:19.260038,memory,0.2,87.3,medium
U029,routine_order,hard,40,51.98,70,6,12,True,2026-09-08 16:16:19.260120,sequencing,0.5,46.79,medium
U029,memory_match,easy,92,88.8,33,1,9,True,2026-07-11 17:16:19.260263,memory,0.111,90.1,medium
U029,pattern_recall,easy,100,100.0,35,0,10,True,2026-07-05 22:16:19.260719,attention,0.0,100.0,medium
U029,memory_match,hard,68,65.42,75,4,13,True,2026-08-06 11:16:19.261219,memory,0.308,67.21,hard
U029,pattern_recall,easy,60,69.29,42,4,13,True,2026-09-07 02:16:19.261357,attention,0.308,65.56,easy
U029,routine_order,easy,100,100.0,32,0,12,True,2026-06-18 07:16:19.261451,sequencing,0.0,100.0,medium
U029,pattern_recall,easy,90,90.85,31,1,13,True,2026-06-15 05:16:19.261542,attention,0.077,90.8,medium
U029,memory_match,hard,92,71.9,77,1,5,True,2026-06-16 07:16:19.261623,memory,0.2,81.56,hard
U029,memory_match,medium,84,79.61,62,2,11,True,2026-06-12 05:16:19.261700,memory,0.182,81.8,hard
U029,memory_match,hard,92,71.55,83,1,5,True,2026-08-24 00:16:19.261777,memory,0.2,81.42,hard
U030,memory_match,hard,84,69.5,78,2,8,True,2026-07-19 16:16:19.261865,memory,0.25,76.4,hard
U030,memory_match,medium,92,89.09,50,1,11,True,2026-06-29 22:16:19.261943,memory,0.091,90.62,hard
U030,memory_match,medium,76,61.95,55,3,7,True,2026-08-07 03:16:19.262017,memory,0.429,66.6,medium
U030,memory_match,medium,84,68.15,44,2,5,True,2026-08-25 20:16:19.262091,memory,0.4,72.86,medium
U030,pattern_recall,medium,80,69.49,25,2,6,True,2026-08-24 14:16:19.262166,attention,0.333,73.14,medium
U030,pattern_recall,hard,70,61.61,78,3,9,True,2026-09-07 03:16:19.262242,attention,0.333,65.98,hard
U030,pattern_recall,hard,80,76.56,47,2,10,True,2026-07-25 08:16:19.262320,attention,0.2,78.62,hard
U030,memory_match,medium,84,82.54,62,2,11,True,2026-08-09 23:16:19.262396,memory,0.182,82.98,hard
U030,routine_order,hard,50,59.22,59,5,12,True,2026-07-14 07:16:19.262478,sequencing,0.417,55.35,medium
U030,memory_match,hard,76,68.37,73,3,8,True,2026-08-23 18:16:19.262558,memory,0.375,70.25,hard
U030,pattern_recall,easy,100,93.69,21,0,7,True,2026-07-09 12:16:19.262635,attention,0.0,97.48,medium
U030,routine_order,easy,80,85.51,53,2,11,True,2026-08-26 12:16:19.262713,sequencing,0.182,82.56,medium
U030,memory_match,easy,84,87.48,54,2,14,True,2026-06-18 08:16:19.262813,memory,0.143,85.73,medium
U030,pattern_recall,medium,70,56.46,78,3,6,True,2026-08-12 12:16:19.262917,attention,0.5,60.58,medium
U030,memory_match,medium,84,77.47,35,2,10,True,2026-09-01 20:16:19.263001,memory,0.2,80.59,hard
U030,routine_order,hard,60,59.27,76,4,11,True,2026-08-13 12:16:19.263084,sequencing,0.364,60.43,hard
U030,routine_order,easy,100,93.71,46,0,7,True,2026-08-20 03:16:19.263172,sequencing,0.0,97.48,medium
U030,pattern_recall,hard,50,55.35,61,5,12,True,2026-08-06 18:16:19.263253,attention,0.417,53.8,medium
U030,memory_match,medium,92,73.21,28,1,5,True,2026-07-29 21:16:19.263330,memory,0.2,82.08,hard
U030,pattern_recall,medium,50,58.55,59,5,11,True,2026-09-03 09:16:19.263410,attention,0.455,54.32,easy
U030,pattern_recall,easy,80,82.78,31,2,12,True,2026-08-17 17:16:19.263495,attention,0.167,81.77,medium
U030,pattern_recall,hard,60,69.54,82,4,14,True,2026-07-30 05:16:19.263580,attention,0.286,66.1,hard
U030,pattern_recall,medium,80,83.58,63,2,10,True,2026-06-30 19:16:19.263660,attention,0.2,81.43,hard
U030,routine_order,easy,80,82.01,29,2,12,True,2026-07-25 18:16:19.263735,sequencing,0.167,81.46,medium
U030,pattern_recall,hard,60,59.99,77,4,11,True,2026-06-24 02:16:19.263808,attention,0.364,60.72,hard
U030,pattern_recall,medium,90,90.32,28,1,9,True,2026-08-21 04:16:19.263882,attention,0.111,89.91,hard
U030,routine_order,hard,80,85.05,57,2,11,True,2026-08-22 14:16:19.263961,sequencing,0.182,82.38,hard
U030,routine_order,medium,60,72.78,45,4,13,True,2026-08-16 04:16:19.264036,sequencing,0.308,66.95,medium
U030,routine_order,hard,40,59.24,56,6,14,True,2026-08-22 02:16:19.264118,sequencing,0.429,51.12,medium
U030,routine_order,hard,90,88.38,38,1,9,False,2026-06-27 07:16:19.264196,sequencing,0.111,89.13,hard
U031,pattern_recall,medium,60,73.15,61,4,15,True,2026-06-29 08:16:19.264285,attention,0.267,67.92,medium
U031,pattern_recall,easy,100,100.0,49,0,11,True,2026-07-12 22:16:19.264371,attention,0.0,100.0,medium
U031,routine_order,medium,90,81.89,45,1,7,True,2026-09-09 12:16:19.264451,sequencing,0.143,85.9,hard
U031,memory_match,medium,92,87.59,52,1,12,False,2026-08-31 23:16:19.264530,memory,0.083,90.18,hard
U031,routine_order,hard,70,79.1,55,3,12,True,2026-08-19 12:16:19.264612,sequencing,0.25,74.64,hard
U031,routine_order,hard,50,58.37,75,5,12,True,2026-08-01 21:16:19.264694,sequencing,0.417,55.01,medium
U031,routine_order,hard,80,72.9,43,2,8,True,2026-09-01 22:16:19.264775,sequencing,0.25,76.16,hard
U031,memory_match,easy,76,66.62,42,3,9,True,2026-08-28 22:16:19.264880,memory,0.333,70.39,easy
U031,memory_match,hard,60,67.85,77,5,14,True,2026-07-23 12:16:19.264976,memory,0.357,64.0,hard
U031,pattern_recall,medium,70,71.61,31,3,11,True,2026-09-08 23:16:19.265059,attention,0.273,71.18,medium
U031,pattern_recall,easy,80,75.19,25,2,8,True,2026-06-15 19:16:19.265139,attention,0.25,77.08,easy
U031,routine_order,medium,90,93.82,41,1,14,True,2026-08-29 16:16:19.265218,sequencing,0.071,92.11,hard
U031,routine_order,hard,50,66.12,88,5,14,True,2026-06-25 00:16:19.265297,sequencing,0.357,59.31,medium
U031,routine_order,easy,80,69.06,32,2,6,True,2026-08-14 08:16:19.265373,sequencing,0.333,72.96,easy
U031,routine_order,hard,40,56.86,75,6,15,True,2026-06-17 10:16:19.265449,sequencing,0.4,50.74,medium
U031,routine_order,easy,90,92.16,64,1,13,True,2026-07-25 16:16:19.265525,sequencing,0.077,91.32,medium
U031,routine_order,medium,80,79.56,50,2,11,True,2026-06-16 15:16:19.265605,sequencing,0.182,80.18,hard
U031,memory_match,hard,52,59.35,74,6,15,True,2026-08-18 13:16:19.265682,memory,0.4,56.54,medium
U031,memory_match,easy,100,99.09,38,0,6,True,2026-08-24 07:16:19.266074,memory,0.0,99.64,medium
U031,routine_order,medium,70,60.28,41,3,8,True,2026-07-28 11:16:19.266204,sequencing,0.375,64.61,medium
U031,routine_order,easy,80,81.22,26,2,13,True,2026-06-23 17:16:19.266287,sequencing,0.154,81.41,medium
U031,pattern_recall,hard,60,65.07,60,4,12,True,2026-07-10 18:16:19.266363,attention,0.333,63.37,hard
U031,pattern_recall,easy,90,91.1,16,1,10,True,2026-08-30 23:16:19.266438,attention,0.1,90.44,medium
U031,memory_match,easy,92,88.34,53,1,9,True,2026-07-14 07:16:19.266514,memory,0.111,89.92,medium
U031,pattern_recall,medium,70,67.13,60,3,8,True,2026-08-02 18:16:19.266589,attention,0.375,67.35,medium
U031,pattern_recall,medium,70,76.83,56,3,15,True,2026-08-07 05:16:19.266665,attention,0.2,74.73,medium
U031,routine_order,medium,50,58.79,42,5,12,True,2026-06-13 20:16:19.266746,sequencing,0.417,55.18,easy
U031,routine_order,medium,80,84.05,54,2,15,True,2026-06-18 05:16:19.266820,sequencing,0.133,82.96,hard
U031,memory_match,hard,76,76.06,84,3,14,True,2026-07-02 14:16:19.266895,memory,0.214,76.54,hard
U031,pattern_recall,hard,60,69.32,80,4,12,True,2026-06-26 02:16:19.266968,attention,0.333,65.07,hard
U032,routine_order,hard,90,92.39,66,1,7,False,2026-08-25 15:16:19.267053,sequencing,0.143,90.1,hard
U032,pattern_recall,hard,80,85.73,63,2,14,True,2026-07-17 22:16:19.267128,attention,0.143,83.43,hard
U032,memory_match,easy,84,81.75,24,2,13,True,2026-06-21 16:16:19.267202,memory,0.154,83.22,medium
U032,memory_match,hard,84,66.26,70,2,7,True,2026-07-15 10:16:19.267544,memory,0.286,74.38,hard
U032,routine_order,hard,80,65.63,72,2,5,True,2026-07-01 12:16:19.267716,sequencing,0.4,70.25,hard
U032,routine_order,easy,90,90.83,30,1,6,True,2026-07-15 12:16:19.267821,sequencing,0.167,88.99,medium
U032,pattern_recall,hard,60,63.97,97,4,11,True,2026-06-21 02:16:19.267914,attention,0.364,62.31,hard
U032,routine_order,hard,90,79.34,65,1,6,True,2026-06-26 23:16:19.267992,sequencing,0.167,84.4,hard
U032,pattern_recall,easy,80,84.99,48,2,15,True,2026-08-22 19:16:19.268069,attention,0.133,83.34,medium
U032,pattern_recall,medium,70,76.61,29,3,13,True,2026-07-07 04:16:19.268146,attention,0.231,74.02,medium
U032,pattern_recall,medium,90,85.58,60,1,5,True,2026-06-18 22:16:19.268221,attention,0.2,86.23,hard
U032,routine_order,medium,90,83.29,46,1,5,True,2026-08-16 21:16:19.268303,sequencing,0.2,85.32,hard
U032,routine_order,medium,80,72.85,38,2,8,True,2026-06-13 00:16:19.268381,sequencing,0.25,76.14,medium
U032,routine_order,easy,80,87.19,30,2,12,True,2026-09-01 23:16:19.268454,sequencing,0.167,83.54,medium
U032,routine_order,easy,90,91.46,38,1,10,True,2026-06-20 01:16:19.268571,sequencing,0.1,90.58,medium
U032,pattern_recall,easy,70,78.65,35,3,14,True,2026-06-23 23:16:19.268833,attention,0.214,75.18,easy
U032,routine_order,hard,80,65.49,99,2,7,True,2026-06-24 11:16:19.268979,sequencing,0.286,72.48,hard
U032,memory_match,hard,76,79.0,99,3,13,True,2026-07-08 12:16:19.269109,memory,0.231,77.38,hard
U032,memory_match,easy,76,68.1,33,3,10,True,2026-06-26 12:16:19.269195,memory,0.3,71.64,easy
U032,routine_order,hard,70,70.97,61,3,9,True,2026-09-04 05:16:19.269274,sequencing,0.333,69.73,hard
U032,pattern_recall,easy,70,79.86,21,3,14,True,2026-06-14 07:16:19.269352,attention,0.214,75.66,easy
U032,pattern_recall,easy,100,96.82,43,0,5,True,2026-08-05 11:16:19.269428,attention,0.0,98.73,medium
U032,pattern_recall,hard,80,81.54,60,2,11,True,2026-07-20 22:16:19.269503,attention,0.182,80.98,hard
U032,memory_match,medium,100,99.33,39,0,13,True,2026-09-08 17:16:19.269580,memory,0.0,99.73,hard
U032,routine_order,hard,80,85.0,80,2,12,True,2026-08-26 10:16:19.269654,sequencing,0.167,82.66,hard
U032,pattern_recall,medium,80,85.19,55,2,11,True,2026-06-20 03:16:19.269734,attention,0.182,82.44,hard
U032,memory_match,medium,68,72.33,32,4,14,True,2026-07-30 18:16:19.269812,memory,0.286,70.41,medium
U032,routine_order,easy,80,68.73,59,2,6,True,2026-07-11 00:16:19.269886,sequencing,0.333,72.83,easy
U032,memory_match,hard,84,67.39,78,2,5,True,2026-08-17 09:16:19.269959,memory,0.4,72.56,hard
U032,memory_match,hard,76,72.61,82,3,12,True,2026-07-06 07:16:19.270058,memory,0.25,74.44,hard
U033,pattern_recall,medium,90,80.52,56,1,7,True,2026-08-04 06:16:19.270264,attention,0.143,85.35,hard
U033,pattern_recall,medium,40,62.3,35,6,15,True,2026-08-31 13:16:19.270359,attention,0.4,52.92,easy
U033,pattern_recall,hard,40,59.09,58,6,14,True,2026-09-08 23:16:19.270443,attention,0.429,51.06,medium
U033,memory_match,medium,60,61.81,39,5,12,True,2026-07-20 14:16:19.270687,memory,0.417,60.38,medium
U033,pattern_recall,medium,80,80.69,55,2,8,True,2026-08-01 10:16:19.271141,attention,0.25,79.28,medium
U033,memory_match,easy,68,70.5,31,4,14,True,2026-06-29 17:16:19.271390,memory,0.286,69.68,easy
U033,routine_order,medium,90,75.02,31,1,5,True,2026-06-19 01:16:19.271570,sequencing,0.2,82.01,hard
U033,memory_match,easy,76,76.95,37,3,12,True,2026-08-08 21:16:19.271744,memory,0.25,76.18,easy
U033,pattern_recall,hard,40,53.9,67,6,13,True,2026-09-06 18:16:19.271893,attention,0.462,48.32,medium
U033,memory_match,easy,68,73.77,33,4,14,True,2026-08-13 20:16:19.272049,memory,0.286,70.99,easy
U033,memory_match,hard,76,70.98,70,3,9,True,2026-08-26 20:16:19.272208,memory,0.333,72.13,hard
U033,memory_match,easy,92,89.76,14,1,13,True,2026-07-16 00:16:19.272487,memory,0.077,91.16,medium
U033,memory_match,hard,68,71.56,84,4,13,True,2026-07-23 22:16:19.272678,memory,0.308,69.66,hard
U033,routine_order,medium,100,99.24,70,0,8,True,2026-06-23 15:16:19.272847,sequencing,0.0,99.7,hard
U033,pattern_recall,easy,90,88.37,46,1,10,True,2026-07-21 15:16:19.272994,attention,0.1,89.35,medium
U033,pattern_recall,medium,80,66.45,53,2,5,True,2026-07-07 08:16:19.273148,attention,0.4,70.58,medium
U033,memory_match,medium,84,78.94,63,2,11,True,2026-07-18 03:16:19.273324,memory,0.182,81.54,hard
U033,memory_match,easy,92,81.51,12,1,5,True,2026-08-18 07:16:19.273472,memory,0.2,85.4,medium
U033,memory_match,hard,92,87.58,84,1,7,True,2026-07-08 06:16:19.273616,memory,0.143,88.97,hard
U033,routine_order,easy,50,66.61,25,5,15,True,2026-07-02 06:16:19.273757,sequencing,0.333,59.98,easy
U033,routine_order,easy,80,78.2,35,2,8,True,2026-08-16 20:16:19.273890,sequencing,0.25,78.28,easy
U033,memory_match,medium,100,100.0,23,0,15,True,2026-08-19 17:16:19.274039,memory,0.0,100.0,hard
U033,pattern_recall,medium,90,77.28,41,1,5,True,2026-07-24 05:16:19.274198,attention,0.2,82.91,hard
U033,memory_match,hard,84,77.42,70,2,9,True,2026-08-03 12:16:19.274340,memory,0.222,80.13,hard
U033,memory_match,hard,76,65.45,54,3,8,True,2026-07-02 09:16:19.274516,memory,0.375,69.08,hard
U033,pattern_recall,hard,70,79.92,52,3,13,True,2026-06-30 23:16:19.274670,attention,0.231,75.35,hard
U033,pattern_recall,easy,60,66.07,39,4,13,True,2026-08-25 14:16:19.274785,attention,0.308,64.27,easy
U033,memory_match,hard,92,85.18,64,1,10,True,2026-07-13 14:16:19.274864,memory,0.1,88.87,hard
U033,pattern_recall,medium,80,82.87,42,2,9,True,2026-06-28 00:16:19.274942,attention,0.222,80.71,hard
U033,routine_order,medium,80,71.3,36,2,7,True,2026-07-31 20:16:19.275041,sequencing,0.286,74.8,medium
U034,memory_match,medium,92,82.02,58,1,5,True,2026-07-14 15:16:19.275123,memory,0.2,85.61,hard
U034,pattern_recall,medium,80,69.29,29,2,7,True,2026-09-02 20:16:19.275195,attention,0.286,74.0,medium
U034,routine_order,hard,70,55.67,60,3,7,True,2026-08-20 11:16:19.275266,sequencing,0.429,61.69,hard
U034,memory_match,hard,68,71.08,77,4,15,True,2026-09-06 11:16:19.275338,memory,0.267,70.29,hard
U034,pattern_recall,hard,60,71.99,73,4,15,True,2026-06-18 19:16:19.275411,attention,0.267,67.46,hard
U034,routine_order,easy,70,73.33,54,3,13,True,2026-08-15 17:16:19.275482,sequencing,0.231,72.71,easy
U034,pattern_recall,easy,70,72.65,36,3,12,True,2026-06-25 10:16:19.275561,attention,0.25,72.06,easy
U034,pattern_recall,easy,100,98.74,27,0,14,True,2026-08-27 07:16:19.275635,attention,0.0,99.5,medium
U034,routine_order,easy,70,79.68,40,3,15,False,2026-08-25 21:16:19.275709,sequencing,0.2,75.87,easy
U034,memory_match,hard,76,67.17,70,3,8,True,2026-06-22 02:16:19.275781,memory,0.375,69.77,hard
U034,memory_match,hard,76,70.68,42,3,10,True,2026-07-13 11:16:19.275853,memory,0.3,72.67,hard
U034,routine_order,medium,80,69.89,45,2,5,True,2026-06-23 16:16:19.275926,sequencing,0.4,71.96,medium
U034,routine_order,medium,60,70.74,52,4,12,True,2026-07-28 12:16:19.275999,sequencing,0.333,65.64,medium
U034,memory_match,hard,52,53.83,55,6,12,True,2026-07-06 01:16:19.276092,memory,0.5,52.33,medium
U034,memory_match,easy,92,87.96,38,1,11,True,2026-07-11 15:16:19.276663,memory,0.091,90.16,medium
U034,pattern_recall,easy,90,82.73,33,1,8,True,2026-06-20 20:16:19.277307,attention,0.125,86.59,medium
U034,pattern_recall,easy,70,79.53,43,3,13,True,2026-09-05 16:16:19.277596,attention,0.231,75.19,easy
U034,routine_order,easy,70,69.17,21,3,9,True,2026-08-11 03:16:19.277755,sequencing,0.333,69.01,easy
U034,memory_match,hard,84,84.49,79,2,15,True,2026-09-01 10:16:19.277851,memory,0.133,84.74,hard
U034,routine_order,hard,70,66.64,74,3,8,True,2026-07-09 04:16:19.277935,sequencing,0.375,67.16,hard
U034,memory_match,easy,84,83.4,65,2,15,True,2026-07-04 22:16:19.278016,memory,0.133,84.3,medium
U034,routine_order,easy,90,91.47,15,1,13,True,2026-06-27 11:16:19.278094,sequencing,0.077,91.05,medium
U034,pattern_recall,medium,80,72.85,58,2,9,True,2026-07-08 14:16:19.278174,attention,0.222,76.7,medium
U034,pattern_recall,medium,80,75.27,58,2,8,True,2026-08-27 22:16:19.278260,attention,0.25,77.11,medium
U034,memory_match,easy,100,97.57,33,0,13,True,2026-08-18 14:16:19.278340,memory,0.0,99.03,medium
U034,pattern_recall,medium,90,79.1,47,1,5,True,2026-06-13 07:16:19.278418,attention,0.2,83.64,hard
U034,routine_order,medium,70,71.98,29,3,12,True,2026-08-26 04:16:19.278497,sequencing,0.25,71.79,medium
U034,pattern_recall,medium,90,73.56,46,1,5,True,2026-08-18 19:16:19.278572,attention,0.2,81.42,hard
U034,pattern_recall,hard,80,75.44,63,2,8,True,2026-06-12 06:16:19.278648,attention,0.25,77.18,hard
U034,routine_order,hard,80,63.18,52,2,6,True,2026-08-17 10:16:19.278723,sequencing,0.333,70.61,hard
U035,routine_order,hard,80,68.93,72,2,5,True,2026-07-28 13:16:19.278811,sequencing,0.4,71.57,hard
U035,routine_order,easy,90,89.09,32,1,12,True,2026-06-24 11:16:19.278891,sequencing,0.083,89.98,medium
U035,routine_order,medium,70,71.08,38,3,11,True,2026-08-31 13:16:19.278969,sequencing,0.273,70.97,medium
U035,memory_match,hard,76,60.14,78,3,7,True,2026-06-23 02:16:19.279071,memory,0.429,65.88,hard
U035,memory_match,hard,76,70.84,65,3,11,True,2026-07-11 15:16:19.279160,memory,0.273,73.28,hard
U035,pattern_recall,hard,60,63.89,39,4,10,True,2026-07-10 05:16:19.279249,attention,0.4,61.56,hard
U035,routine_order,medium,70,73.8,29,3,10,True,2026-08-18 01:16:19.279333,sequencing,0.3,71.52,medium
U035,pattern_recall,hard,70,72.28,81,3,11,True,2026-07-14 20:16:19.279412,attention,0.273,71.45,hard
U035,routine_order,easy,100,100.0,23,0,6,True,2026-08-06 08:16:19.279492,sequencing,0.0,100.0,medium
U035,pattern_recall,medium,100,97.85,38,0,8,True,2026-08-13 02:16:19.279571,attention,0.0,99.14,hard
U035,pattern_recall,medium,80,84.86,43,2,15,True,2026-09-04 03:16:19.279646,attention,0.133,83.28,hard
U035,memory_match,easy,92,82.63,37,1,6,True,2026-07-21 14:16:19.279723,memory,0.167,86.51,medium
U035,routine_order,easy,80,83.69,49,2,14,True,2026-08-28 12:16:19.279800,sequencing,0.143,82.62,medium
U035,routine_order,hard,60,63.74,84,4,12,True,2026-08-13 09:16:19.279874,sequencing,0.333,62.84,hard
U035,pattern_recall,medium,80,72.96,40,2,8,True,2026-07-05 08:16:19.279949,attention,0.25,76.18,medium
U035,pattern_recall,easy,80,80.64,27,2,12,True,2026-06-13 05:16:19.280022,attention,0.167,80.92,medium
U035,pattern_recall,easy,90,89.51,29,1,11,True,2026-08-04 04:16:19.280099,attention,0.091,89.98,medium
U035,routine_order,medium,70,75.51,56,3,14,True,2026-06-24 06:16:19.280176,sequencing,0.214,73.92,medium
U035,memory_match,hard,68,63.23,61,4,11,True,2026-07-20 16:16:19.280330,memory,0.364,65.21,hard
U035,pattern_recall,easy,80,88.93,41,2,15,True,2026-07-15 06:16:19.280679,attention,0.133,84.91,medium
U035,routine_order,hard,60,73.42,71,4,15,True,2026-06-12 01:16:19.280873,sequencing,0.267,68.03,hard
U035,memory_match,easy,100,100.0,53,0,12,True,2026-06-22 22:16:19.281040,memory,0.0,100.0,medium
U035,memory_match,hard,68,69.58,63,4,13,True,2026-07-17 09:16:19.281202,memory,0.308,68.87,hard
U035,pattern_recall,easy,100,97.8,32,0,11,True,2026-08-17 18:16:19.281361,attention,0.0,99.12,medium
U035,pattern_recall,medium,80,85.57,55,2,14,True,2026-09-06 22:16:19.281509,attention,0.143,83.37,hard
U035,routine_order,medium,70,78.9,58,3,15,True,2026-08-04 23:16:19.281651,sequencing,0.2,75.56,medium
U035,routine_order,medium,60,72.66,71,4,15,True,2026-09-09 01:16:19.281796,sequencing,0.267,67.72,medium
U035,pattern_recall,easy,100,96.67,25,0,9,True,2026-06-24 08:16:19.281933,attention,0.0,98.67,medium
U035,pattern_recall,easy,90,87.09,28,1,9,True,2026-09-09 22:16:19.282132,attention,0.111,88.62,medium
U035,routine_order,easy,70,78.72,36,3,15,True,2026-07-31 06:16:19.282290,sequencing,0.2,75.49,easy
U036,memory_match,hard,52,49.26,78,6,12,True,2026-06-13 22:16:19.282466,memory,0.5,50.5,medium
U036,memory_match,easy,92,84.55,20,1,6,True,2026-07-16 06:16:19.282626,memory,0.167,87.28,medium
U036,pattern_recall,easy,100,94.67,27,0,6,True,2026-07-30 08:16:19.282773,attention,0.0,97.87,medium
U036,memory_match,hard,68,63.13,68,4,10,True,2026-07-06 23:16:19.282919,memory,0.4,64.45,hard
U036,memory_match,medium,92,82.54,33,1,7,True,2026-06-28 11:16:19.283061,memory,0.143,86.96,hard
U036,pattern_recall,hard,80,73.52,66,2,7,True,2026-07-26 02:16:19.283219,attention,0.286,75.69,hard
U036,pattern_recall,hard,80,81.9,70,2,11,True,2026-06-27 20:16:19.283391,attention,0.182,81.12,hard
U036,memory_match,medium,100,95.51,47,0,7,True,2026-07-26 06:16:19.283549,memory,0.0,98.2,hard
U036,routine_order,easy,90,90.1,27,1,14,True,2026-08-15 01:16:19.283688,sequencing,0.071,90.62,medium
U036,routine_order,medium,80,69.23,39,2,8,True,2026-07-06 06:16:19.283823,sequencing,0.25,74.69,medium
U036,pattern_recall,easy,100,100.0,32,0,15,True,2026-06-30 12:16:19.283985,attention,0.0,100.0,medium
U036,pattern_recall,medium,60,66.51,39,4,12,True,2026-08-28 04:16:19.284237,attention,0.333,63.94,medium
U036,routine_order,easy,90,85.2,59,1,10,False,2026-06-15 21:16:19.284389,sequencing,0.1,88.08,medium
U036,pattern_recall,medium,60,70.51,47,4,15,True,2026-09-03 07:16:19.284525,attention,0.267,66.86,medium
U036,pattern_recall,medium,40,59.36,53,6,15,True,2026-06-21 17:16:19.284662,attention,0.4,51.74,easy
U036,routine_order,easy,90,94.3,17,1,11,True,2026-07-03 12:16:19.284822,sequencing,0.091,91.9,medium
U036,routine_order,hard,50,54.43,92,5,11,True,2026-09-09 02:16:19.284985,sequencing,0.455,52.67,medium
U036,routine_order,easy,100,92.94,40,0,7,True,2026-07-28 13:16:19.285129,sequencing,0.0,97.18,medium
U036,routine_order,easy,90,90.31,22,1,8,True,2026-09-06 08:16:19.285269,sequencing,0.125,89.62,medium
U036,memory_match,hard,68,59.24,78,4,9,True,2026-07-13 11:16:19.285418,memory,0.444,62.02,hard
U036,memory_match,hard,76,80.38,71,3,13,True,2026-07-11 19:16:19.285560,memory,0.231,77.93,hard
U036,memory_match,medium,84,82.73,55,2,13,True,2026-08-20 18:16:19.285722,memory,0.154,83.61,hard
U036,routine_order,hard,60,44.96,87,4,7,True,2026-08-30 14:16:19.285874,sequencing,0.571,50.56,medium
U036,memory_match,hard,84,68.23,72,2,5,True,2026-07-15 09:16:19.286039,memory,0.4,72.89,hard
U036,memory_match,easy,92,85.93,36,1,7,True,2026-08-08 22:16:19.286212,memory,0.143,88.31,medium
U036,memory_match,easy,76,60.02,39,3,8,True,2026-06-28 14:16:19.286362,memory,0.375,66.91,easy
U036,routine_order,easy,80,65.1,27,2,6,True,2026-06-19 00:16:19.286536,sequencing,0.333,71.38,easy
U036,memory_match,easy,84,77.15,56,2,9,False,2026-07-11 16:16:19.286687,memory,0.222,80.02,medium
U036,routine_order,medium,80,68.06,56,2,6,True,2026-07-19 16:16:19.286841,sequencing,0.333,72.56,medium
U036,memory_match,easy,92,86.71,10,1,9,True,2026-07-03 17:16:19.287010,memory,0.111,89.26,medium
U037,pattern_recall,medium,80,75.84,57,2,10,True,2026-08-08 22:16:19.287174,attention,0.2,78.34,medium
U037,memory_match,easy,100,96.81,40,0,8,True,2026-07-07 13:16:19.287783,memory,0.0,98.72,medium
U037,memory_match,hard,76,80.85,59,3,14,True,2026-06-14 05:16:19.288203,memory,0.214,78.46,hard
U037,pattern_recall,easy,100,98.57,57,0,12,True,2026-09-08 16:16:19.288425,attention,0.0,99.43,medium
U037,routine_order,easy,70,82.08,30,3,15,True,2026-07-08 02:16:19.288754,sequencing,0.2,76.83,easy
U037,routine_order,medium,90,71.71,60,1,5,True,2026-08-21 13:16:19.288936,sequencing,0.2,80.68,hard
U037,memory_match,medium,76,76.51,57,3,13,True,2026-06-18 20:16:19.289088,memory,0.231,76.38,medium
U037,routine_order,hard,60,69.22,103,4,12,True,2026-08-04 10:16:19.289431,sequencing,0.333,65.03,hard
U037,memory_match,easy,68,69.51,38,4,14,True,2026-08-04 16:16:19.289581,memory,0.286,69.28,easy
U037,memory_match,hard,76,78.76,70,3,12,True,2026-07-15 17:16:19.289728,memory,0.25,76.9,hard
U037,pattern_recall,medium,90,83.86,24,1,5,True,2026-07-08 19:16:19.289818,attention,0.2,85.54,hard
U037,routine_order,easy,100,100.0,32,0,5,True,2026-08-20 01:16:19.289904,sequencing,0.0,100.0,medium
U037,memory_match,easy,84,85.94,23,2,13,True,2026-06-22 05:16:19.290026,memory,0.154,84.9,medium
U037,memory_match,hard,60,58.14,95,5,13,True,2026-07-13 07:16:19.290142,memory,0.385,59.56,medium
U037,pattern_recall,easy,80,75.02,41,2,9,True,2026-08-23 16:16:19.290222,attention,0.222,77.57,easy
U037,routine_order,hard,40,57.86,62,6,15,True,2026-06-13 17:16:19.290298,sequencing,0.4,51.14,medium
U037,pattern_recall,hard,90,70.12,66,1,5,True,2026-06-13 10:16:19.290377,attention,0.2,80.05,hard
U037,memory_match,easy,84,76.45,50,2,10,True,2026-09-01 14:16:19.290455,memory,0.2,80.18,medium
U037,pattern_recall,medium,90,78.89,39,1,5,True,2026-07-26 20:16:19.290533,attention,0.2,83.56,hard
U037,memory_match,medium,84,86.45,52,2,13,True,2026-07-11 01:16:19.290610,memory,0.154,85.1,hard
U037,memory_match,hard,76,68.55,57,3,8,True,2026-07-22 02:16:19.290712,memory,0.375,70.32,hard
U037,routine_order,medium,100,90.07,53,0,5,True,2026-09-06 02:16:19.290801,sequencing,0.0,96.03,hard
U037,memory_match,hard,92,91.02,66,1,11,True,2026-07-03 18:16:19.290921,memory,0.091,91.39,hard
U037,memory_match,medium,76,63.55,40,3,9,True,2026-08-25 18:16:19.291016,memory,0.333,69.16,medium
U037,routine_order,easy,90,88.41,53,1,12,True,2026-08-05 13:16:19.291097,sequencing,0.083,89.7,medium
U037,routine_order,easy,100,100.0,42,0,12,True,2026-08-11 16:16:19.291178,sequencing,0.0,100.0,medium
U037,pattern_recall,hard,70,73.07,57,3,12,True,2026-06-28 04:16:19.291264,attention,0.25,72.23,hard
U037,routine_order,hard,80,70.85,75,2,7,True,2026-06-22 19:16:19.291344,sequencing,0.286,74.62,hard
U037,memory_match,easy,84,71.63,51,2,8,True,2026-06-19 08:16:19.291447,memory,0.25,77.25,easy
U037,pattern_recall,medium,90,89.21,52,1,9,True,2026-07-12 09:16:19.291534,attention,0.111,89.46,hard
U038,pattern_recall,medium,90,79.64,50,1,6,True,2026-09-09 15:16:19.291623,attention,0.167,84.52,hard
U038,pattern_recall,easy,100,100.0,27,0,7,True,2026-09-02 01:16:19.291701,attention,0.0,100.0,medium
U038,routine_order,easy,90,92.06,38,1,15,True,2026-06-30 09:16:19.291779,sequencing,0.067,91.48,medium
U038,memory_match,medium,76,67.59,25,3,8,True,2026-07-06 13:16:19.291855,memory,0.375,69.94,medium
U038,memory_match,easy,100,98.17,32,0,10,True,2026-07-11 09:16:19.291930,memory,0.0,99.27,medium
U038,pattern_recall,easy,90,89.62,20,1,12,True,2026-07-29 16:16:19.292004,attention,0.083,90.19,medium
U038,memory_match,medium,68,68.84,33,4,13,True,2026-06-15 01:16:19.292083,memory,0.308,68.58,medium
U038,memory_match,medium,68,68.98,36,4,14,True,2026-06-28 04:16:19.292183,memory,0.286,69.07,medium
U038,memory_match,hard,60,65.03,89,5,14,True,2026-06-30 19:16:19.292289,memory,0.357,62.87,hard
U038,memory_match,hard,84,68.83,78,2,7,True,2026-08-28 02:16:19.292367,memory,0.286,75.41,hard
U038,memory_match,hard,68,54.22,73,4,8,True,2026-07-20 14:16:19.292443,memory,0.5,58.89,medium
U038,routine_order,medium,80,81.3,60,2,11,True,2026-08-24 23:16:19.292517,sequencing,0.182,80.88,hard
U038,memory_match,easy,84,72.83,49,2,9,True,2026-08-11 05:16:19.292592,memory,0.222,78.29,easy
U038,routine_order,hard,70,64.21,52,3,7,True,2026-06-12 23:16:19.292665,sequencing,0.429,65.1,hard
U038,routine_order,easy,100,100.0,50,0,11,True,2026-07-09 05:16:19.292738,sequencing,0.0,100.0,medium
U038,memory_match,medium,92,92.79,43,1,9,True,2026-06-26 20:16:19.292813,memory,0.111,91.7,hard
U038,routine_order,easy,70,64.68,21,3,8,True,2026-09-06 01:16:19.292942,sequencing,0.375,66.37,easy
U038,pattern_recall,easy,90,83.43,20,1,9,True,2026-07-08 06:16:19.293032,attention,0.111,87.15,medium
U038,pattern_recall,medium,70,62.48,44,3,7,True,2026-07-16 08:16:19.293141,attention,0.429,64.41,medium
U038,memory_match,hard,60,56.22,79,5,12,True,2026-08-04 21:16:19.293222,memory,0.417,58.15,medium
U038,pattern_recall,hard,50,63.9,65,5,15,True,2026-06-22 13:16:19.293299,attention,0.333,58.9,medium
U038,memory_match,easy,76,79.48,22,3,13,True,2026-09-02 12:16:19.293374,memory,0.231,77.57,easy
U038,routine_order,easy,100,95.29,16,0,6,True,2026-08-19 19:16:19.293449,sequencing,0.0,98.12,medium
U038,memory_match,medium,92,76.37,42,1,5,True,2026-08-10 10:16:19.293530,memory,0.2,83.35,hard
U038,pattern_recall,hard,70,64.23,54,3,9,True,2026-08-14 00:16:19.293614,attention,0.333,67.03,hard
U038,routine_order,easy,100,96.99,35,0,10,True,2026-08-26 02:16:19.293691,sequencing,0.0,98.8,medium
U038,routine_order,medium,90,87.87,42,1,11,True,2026-07-28 22:16:19.293769,sequencing,0.091,89.33,hard
U038,routine_order,easy,90,87.91,31,1,11,True,2026-06-22 12:16:19.293845,sequencing,0.091,89.34,medium
U038,pattern_recall,hard,80,62.69,71,2,5,True,2026-06-29 00:16:19.293921,attention,0.4,69.08,hard
U038,memory_match,hard,68,61.02,74,4,11,True,2026-08-09 01:16:19.293994,memory,0.364,64.33,hard
U039,routine_order,hard,90,79.31,53,1,6,True,2026-08-01 22:16:19.294073,sequencing,0.167,84.38,hard
U039,pattern_recall,easy,90,84.37,29,1,7,True,2026-08-12 17:16:19.294146,attention,0.143,86.89,medium
U039,routine_order,hard,90,88.58,80,1,13,True,2026-07-16 11:16:19.294220,sequencing,0.077,89.89,hard
U039,memory_match,medium,84,64.73,66,2,7,True,2026-06-23 08:16:19.294293,memory,0.286,73.77,medium
U039,pattern_recall,hard,80,76.97,61,2,8,True,2026-08-02 19:16:19.294365,attention,0.25,77.79,hard
U039,memory_match,easy,92,91.44,37,1,9,False,2026-07-19 20:16:19.294439,memory,0.111,91.16,medium
U039,routine_order,medium,50,64.91,51,5,13,True,2026-07-31 13:16:19.294555,sequencing,0.385,58.26,easy
U039,memory_match,hard,84,73.64,85,2,7,True,2026-09-02 03:16:19.294640,memory,0.286,77.34,hard
U039,pattern_recall,easy,80,82.59,53,2,10,True,2026-07-31 01:16:19.294719,attention,0.2,81.04,medium
U039,memory_match,hard,84,61.77,66,2,6,True,2026-07-21 19:16:19.294795,memory,0.333,71.65,hard
U039,routine_order,easy,100,95.34,46,0,6,True,2026-08-23 23:16:19.294886,sequencing,0.0,98.14,medium
U039,memory_match,hard,92,82.02,62,1,6,True,2026-08-14 21:16:19.294976,memory,0.167,86.27,hard
U039,memory_match,medium,100,97.74,41,0,7,True,2026-06-30 21:16:19.295055,memory,0.0,99.1,hard
U039,pattern_recall,hard,70,78.38,58,3,14,True,2026-09-07 03:16:19.295144,attention,0.214,75.07,hard
U039,pattern_recall,easy,100,100.0,31,0,6,True,2026-07-11 15:16:19.295223,attention,0.0,100.0,medium
U039,routine_order,medium,80,78.51,43,2,7,True,2026-06-13 02:16:19.295301,sequencing,0.286,77.68,medium
U039,pattern_recall,hard,70,75.91,65,3,14,True,2026-09-03 06:16:19.295384,attention,0.214,74.08,hard
U039,memory_match,medium,84,67.74,49,2,7,True,2026-06-26 01:16:19.295460,memory,0.286,74.98,medium
U039,memory_match,hard,92,78.73,77,1,5,True,2026-09-02 19:16:19.295536,memory,0.2,84.29,hard
U039,memory_match,easy,92,93.56,30,1,8,True,2026-07-25 02:16:19.295617,memory,0.125,91.72,medium
U039,memory_match,easy,84,79.88,42,2,11,True,2026-08-07 22:16:19.295693,memory,0.182,81.91,medium
U039,pattern_recall,medium,90,86.08,56,1,10,True,2026-06-23 13:16:19.295768,attention,0.1,88.43,hard
U039,routine_order,medium,80,57.21,48,2,5,True,2026-08-05 14:16:19.295842,sequencing,0.4,66.88,medium
U039,routine_order,easy,100,96.13,32,0,8,True,2026-06-25 07:16:19.295916,sequencing,0.0,98.45,medium
U039,pattern_recall,easy,90,85.29,40,1,7,True,2026-07-12 22:16:19.296162,attention,0.143,87.26,medium
U039,routine_order,medium,50,64.33,55,5,14,True,2026-06-12 02:16:19.296321,sequencing,0.357,58.59,easy
U039,pattern_recall,medium,70,79.94,45,3,14,True,2026-08-19 19:16:19.296415,attention,0.214,75.7,medium
U039,routine_order,medium,70,67.97,60,3,10,True,2026-08-23 00:16:19.296492,sequencing,0.3,69.19,medium
U039,memory_match,easy,84,88.3,25,2,13,True,2026-08-11 10:16:19.296567,memory,0.154,85.84,medium
U039,routine_order,medium,100,100.0,60,0,10,False,2026-07-03 03:16:19.296643,sequencing,0.0,100.0,hard
U040,pattern_recall,easy,90,94.4,17,1,10,True,2026-06-22 13:16:19.296722,attention,0.1,91.76,medium
U040,memory_match,medium,92,72.47,49,1,5,True,2026-07-01 23:16:19.296796,memory,0.2,81.79,hard
U040,routine_order,hard,70,55.94,62,3,6,True,2026-07-23 23:16:19.296871,sequencing,0.5,60.38,hard
U040,routine_order,hard,40,60.86,88,6,15,True,2026-07-13 02:16:19.296945,sequencing,0.4,52.34,medium
U040,routine_order,medium,100,95.0,49,0,5,True,2026-07-18 00:16:19.297020,sequencing,0.0,98.0,hard
U040,routine_order,hard,80,84.33,85,2,14,True,2026-07-17 00:16:19.297094,sequencing,0.143,82.87,hard
U040,memory_match,medium,68,72.98,59,4,15,True,2026-08-30 23:16:19.297174,memory,0.267,71.05,medium
U040,memory_match,hard,60,62.9,57,5,14,True,2026-07-02 06:16:19.297247,memory,0.357,62.02,hard
U040,pattern_recall,easy,80,81.91,30,2,10,True,2026-06-14 10:16:19.297320,attention,0.2,80.76,medium
U040,memory_match,hard,92,83.09,64,1,5,True,2026-07-09 21:16:19.297393,memory,0.2,86.04,hard
U040,routine_order,medium,60,69.11,66,4,14,True,2026-08-29 02:16:19.297712,sequencing,0.286,65.92,medium
U040,pattern_recall,easy,80,82.56,39,2,11,True,2026-08-26 22:16:19.297973,attention,0.182,81.38,medium
U040,pattern_recall,hard,70,72.73,71,3,10,True,2026-07-20 08:16:19.298126,attention,0.3,71.09,hard
U040,memory_match,hard,84,73.02,86,2,9,True,2026-07-03 19:16:19.298219,memory,0.222,78.37,hard
U040,pattern_recall,medium,90,89.47,60,1,10,True,2026-09-07 18:16:19.298298,attention,0.1,89.79,hard
U040,memory_match,easy,84,83.89,29,2,11,True,2026-08-23 03:16:19.298383,memory,0.182,83.52,medium
U040,memory_match,medium,84,73.2,40,2,9,True,2026-08-10 11:16:19.298461,memory,0.222,78.44,medium
U040,routine_order,hard,80,82.05,51,2,11,True,2026-06-24 12:16:19.298535,sequencing,0.182,81.18,hard
U040,routine_order,easy,90,90.9,65,1,14,True,2026-08-24 14:16:19.298613,sequencing,0.071,90.94,medium
U040,memory_match,easy,84,79.65,27,2,11,True,2026-09-04 05:16:19.298688,memory,0.182,81.82,medium
U040,routine_order,hard,80,75.95,74,2,9,False,2026-07-22 19:16:19.298761,sequencing,0.222,77.94,hard
U040,memory_match,easy,92,90.79,41,1,7,False,2026-07-18 21:16:19.298834,memory,0.143,90.26,medium
U040,pattern_recall,easy,80,84.83,30,2,10,True,2026-06-26 22:16:19.298908,attention,0.2,81.93,medium
U040,pattern_recall,medium,70,82.0,65,3,15,True,2026-08-28 05:16:19.298988,attention,0.2,76.8,medium
U040,routine_order,medium,70,75.2,58,3,13,True,2026-07-09 03:16:19.299067,sequencing,0.231,73.46,medium
U040,routine_order,easy,80,75.2,43,2,9,True,2026-06-19 02:16:19.299150,sequencing,0.222,77.64,easy
U040,memory_match,hard,52,58.71,68,6,14,True,2026-09-06 15:16:19.299278,memory,0.429,55.7,medium
U040,routine_order,easy,100,99.75,33,0,15,True,2026-07-27 07:16:19.299372,sequencing,0.0,99.9,medium
U040,routine_order,medium,100,98.43,44,0,15,True,2026-06-28 06:16:19.299456,sequencing,0.0,99.37,hard
U040,pattern_recall,hard,70,71.54,48,3,10,True,2026-07-07 23:16:19.299541,attention,0.3,70.62,hard
U041,memory_match,medium,92,91.58,61,1,10,False,2026-06-21 09:16:19.299633,memory,0.1,91.43,hard
U041,routine_order,medium,70,76.6,41,3,13,True,2026-08-11 21:16:19.299733,sequencing,0.231,74.02,medium
U041,pattern_recall,hard,70,73.01,53,3,12,True,2026-06-25 10:16:19.299864,attention,0.25,72.2,hard
U041,routine_order,hard,60,64.52,78,4,10,False,2026-07-08 10:16:19.299965,sequencing,0.4,61.81,hard
U041,memory_match,hard,52,50.37,82,6,12,True,2026-07-03 02:16:19.300057,memory,0.5,50.95,medium
U041,pattern_recall,medium,80,78.75,52,2,11,True,2026-09-04 16:16:19.300145,attention,0.182,79.86,medium
U041,memory_match,easy,76,63.75,39,3,7,True,2026-07-12 03:16:19.300237,memory,0.429,67.32,easy
U041,routine_order,hard,70,63.09,75,3,9,True,2026-08-15 08:16:19.300324,sequencing,0.333,66.58,hard
U041,pattern_recall,hard,40,61.93,80,6,15,False,2026-08-09 07:16:19.300411,attention,0.4,52.77,medium
U041,memory_match,easy,92,88.82,19,1,12,True,2026-08-08 23:16:19.300516,memory,0.083,90.67,medium
U041,pattern_recall,easy,70,81.03,35,3,15,True,2026-06-23 02:16:19.300611,attention,0.2,76.41,easy
U041,memory_match,easy,84,68.31,39,2,5,True,2026-09-02 07:16:19.300702,memory,0.4,72.92,easy
U041,pattern_recall,easy,90,91.59,48,1,12,True,2026-07-17 10:16:19.300785,attention,0.083,90.98,medium
U041,memory_match,hard,84,56.31,88,2,5,True,2026-06-15 10:16:19.300870,memory,0.4,68.12,hard
U041,routine_order,easy,100,100.0,41,0,9,True,2026-08-14 08:16:19.300952,sequencing,0.0,100.0,medium
U041,routine_order,medium,70,79.61,56,3,14,True,2026-07-25 01:16:19.301032,sequencing,0.214,75.56,medium
U041,memory_match,easy,92,83.07,24,1,8,True,2026-07-28 18:16:19.301121,memory,0.125,87.53,medium
U041,routine_order,easy,90,80.95,43,1,6,False,2026-08-20 22:16:19.301210,sequencing,0.167,85.04,medium
U041,routine_order,easy,80,77.7,14,2,10,True,2026-07-13 17:16:19.301310,sequencing,0.2,79.08,easy
U041,memory_match,easy,100,92.75,37,0,5,True,2026-07-22 12:16:19.301424,memory,0.0,97.1,medium
U041,routine_order,medium,80,72.0,19,2,7,True,2026-07-03 10:16:19.301524,sequencing,0.286,75.08,medium
U041,routine_order,medium,80,83.09,63,2,11,True,2026-09-02 14:16:19.301607,sequencing,0.182,81.6,hard
U041,routine_order,easy,100,95.73,52,0,11,True,2026-08-06 06:16:19.301687,sequencing,0.0,98.29,medium
U041,routine_order,easy,80,73.63,38,2,8,False,2026-08-07 11:16:19.301761,sequencing,0.25,76.45,easy
U041,memory_match,easy,76,67.95,47,3,8,True,2026-08-18 11:16:19.301834,memory,0.375,70.08,easy
U041,memory_match,hard,84,67.84,74,2,5,True,2026-08-27 13:16:19.301921,memory,0.4,72.74,hard
U041,routine_order,medium,90,91.06,56,1,13,True,2026-07-09 14:16:19.302041,sequencing,0.077,90.88,hard
U041,memory_match,easy,84,84.6,47,2,11,True,2026-09-06 18:16:19.302125,memory,0.182,83.8,medium
U041,memory_match,hard,76,56.3,67,3,6,True,2026-08-20 17:16:19.302202,memory,0.5,62.92,hard
U041,routine_order,easy,80,80.13,23,2,8,True,2026-06-20 04:16:19.302277,sequencing,0.25,79.05,easy
U042,routine_order,easy,90,81.41,39,1,6,True,2026-07-03 08:16:19.302358,sequencing,0.167,85.22,medium
U042,routine_order,hard,70,77.2,68,3,15,True,2026-06-27 18:16:19.302431,sequencing,0.2,74.88,hard
U042,memory_match,easy,68,72.58,15,4,14,True,2026-08-15 00:16:19.302506,memory,0.286,70.51,easy
U042,pattern_recall,medium,80,76.66,63,2,10,True,2026-07-16 13:16:19.302580,attention,0.2,78.66,medium
U042,memory_match,hard,84,60.89,48,2,6,True,2026-07-10 09:16:19.302653,memory,0.333,71.3,hard
U042,pattern_recall,medium,80,77.11,34,2,7,True,2026-07-12 21:16:19.302727,attention,0.286,77.12,medium
U042,memory_match,easy,92,80.78,43,1,7,True,2026-08-19 22:16:19.302807,memory,0.143,86.25,medium
U042,pattern_recall,easy,100,93.9,28,0,7,True,2026-08-26 12:16:19.302881,attention,0.0,97.56,medium
U042,routine_order,medium,80,74.18,65,2,9,True,2026-06-29 06:16:19.302953,sequencing,0.222,77.23,medium
U042,pattern_recall,easy,80,86.5,44,2,14,True,2026-08-30 11:16:19.303026,attention,0.143,83.74,medium
U042,routine_order,medium,90,81.42,33,1,6,True,2026-09-06 03:16:19.303098,sequencing,0.167,85.23,hard
U042,routine_order,medium,40,57.35,32,6,15,True,2026-09-02 09:16:19.303171,sequencing,0.4,50.94,easy
U042,pattern_recall,hard,60,60.32,77,4,11,True,2026-06-19 13:16:19.303269,attention,0.364,60.85,hard
U042,routine_order,hard,80,60.36,65,2,5,True,2026-06-15 03:16:19.303350,sequencing,0.4,68.14,hard
U042,memory_match,easy,100,100.0,24,0,7,True,2026-06-16 00:16:19.303428,memory,0.0,100.0,medium
U042,memory_match,hard,68,66.0,54,4,12,True,2026-09-08 13:16:19.303513,memory,0.333,66.94,hard
U042,pattern_recall,easy,70,79.03,33,3,12,True,2026-06-21 14:16:19.303590,attention,0.25,74.61,easy
U042,pattern_recall,medium,70,65.8,41,3,10,True,2026-06-25 08:16:19.303666,attention,0.3,68.32,medium
U042,pattern_recall,medium,90,82.87,35,1,6,True,2026-08-22 15:16:19.303739,attention,0.167,85.81,hard
U042,routine_order,easy,100,96.56,48,0,5,True,2026-07-28 11:16:19.303813,sequencing,0.0,98.62,medium
U042,routine_order,easy,60,73.87,43,4,14,True,2026-08-28 15:16:19.303885,sequencing,0.286,67.83,easy
U042,pattern_recall,easy,80,84.53,38,2,13,True,2026-08-28 02:16:19.303960,attention,0.154,82.73,medium
U042,routine_order,hard,70,52.99,47,3,6,True,2026-06-26 03:16:19.304034,sequencing,0.5,59.2,medium
U042,routine_order,easy,70,72.56,40,3,10,True,2026-08-13 01:16:19.304496,sequencing,0.3,71.02,easy
U042,pattern_recall,hard,50,61.8,56,5,13,True,2026-08-02 08:16:19.304746,attention,0.385,57.02,medium
U042,pattern_recall,easy,80,78.84,44,2,8,True,2026-08-19 02:16:19.304850,attention,0.25,78.54,easy
U042,memory_match,easy,92,82.33,23,1,5,True,2026-07-13 01:16:19.304945,memory,0.2,85.73,medium
U042,pattern_recall,hard,60,59.02,85,4,9,True,2026-08-27 11:16:19.305024,attention,0.444,58.73,medium
U042,routine_order,medium,70,71.27,62,3,9,True,2026-08-22 08:16:19.305099,sequencing,0.333,69.85,medium
U042,routine_order,easy,90,83.85,33,1,7,True,2026-09-05 07:16:19.305176,sequencing,0.143,86.68,medium
U043,memory_match,medium,76,62.37,66,3,8,True,2026-07-06 03:16:19.305264,memory,0.375,67.85,medium
U043,routine_order,medium,80,76.33,37,2,7,True,2026-09-04 11:16:19.305346,sequencing,0.286,76.81,medium
U043,routine_order,medium,90,92.93,54,1,8,True,2026-09-05 14:16:19.305422,sequencing,0.125,90.67,hard
U043,pattern_recall,easy,90,77.25,37,1,5,True,2026-08-21 02:16:19.305500,attention,0.2,82.9,medium
U043,routine_order,hard,40,50.61,81,6,12,False,2026-06-14 15:16:19.305579,sequencing,0.5,46.24,medium
U043,routine_order,medium,70,74.58,37,3,10,True,2026-07-19 04:16:19.305655,sequencing,0.3,71.83,medium
U043,routine_order,medium,80,83.91,50,2,11,True,2026-06-25 02:16:19.305737,sequencing,0.182,81.92,hard
U043,pattern_recall,easy,90,85.97,28,1,6,True,2026-08-16 21:16:19.305817,attention,0.167,87.05,medium
U043,pattern_recall,easy,80,86.95,41,2,13,True,2026-08-31 18:16:19.305897,attention,0.154,83.7,medium
U043,memory_match,medium,68,65.34,50,4,12,True,2026-07-26 15:16:19.305977,memory,0.333,66.68,medium
U043,routine_order,easy,80,86.18,27,2,13,True,2026-08-15 15:16:19.306063,sequencing,0.154,83.39,medium
U043,pattern_recall,medium,80,82.55,60,2,9,True,2026-09-07 00:16:19.306187,attention,0.222,80.58,hard
U043,pattern_recall,hard,80,59.62,79,2,6,True,2026-06-27 12:16:19.306273,attention,0.333,69.19,hard
U043,routine_order,hard,80,57.74,52,2,5,True,2026-06-13 22:16:19.306350,sequencing,0.4,67.1,hard
U043,memory_match,medium,60,56.18,58,5,12,True,2026-06-13 08:16:19.306428,memory,0.417,58.13,easy
U043,pattern_recall,medium,80,80.18,46,2,11,True,2026-07-09 14:16:19.306505,attention,0.182,80.43,hard
U043,pattern_recall,easy,90,92.15,32,1,15,True,2026-07-22 04:16:19.306589,attention,0.067,91.52,medium
U043,routine_order,medium,90,90.47,67,1,13,True,2026-07-22 21:16:19.306668,sequencing,0.077,90.65,hard
U043,routine_order,medium,90,74.51,53,1,5,True,2026-07-28 07:16:19.306743,sequencing,0.2,81.8,hard
U043,memory_match,hard,76,73.47,82,3,13,True,2026-06-15 09:16:19.306818,memory,0.231,75.17,hard
U043,pattern_recall,easy,80,71.36,29,2,6,True,2026-08-03 05:16:19.306894,attention,0.333,73.88,easy
U043,pattern_recall,easy,80,74.73,52,2,8,True,2026-07-26 01:16:19.306968,attention,0.25,76.89,easy
U043,routine_order,easy,80,88.53,40,2,14,True,2026-06-22 00:16:19.307042,sequencing,0.143,84.55,medium
U043,pattern_recall,hard,80,73.4,74,2,6,True,2026-09-05 05:16:19.307115,attention,0.333,74.7,hard
U043,pattern_recall,hard,40,62.85,77,6,15,True,2026-07-19 06:16:19.307187,attention,0.4,53.14,medium
U043,memory_match,easy,84,89.86,54,2,15,True,2026-07-04 08:16:19.307264,memory,0.133,86.88,medium
U043,memory_match,medium,76,75.68,41,3,13,True,2026-06-16 10:16:19.307349,memory,0.231,76.05,medium
U043,routine_order,easy,90,92.32,50,1,14,True,2026-08-29 09:16:19.307464,sequencing,0.071,91.51,medium
U043,routine_order,medium,60,47.06,61,4,7,True,2026-09-06 00:16:19.307554,sequencing,0.571,51.4,easy
U043,routine_order,easy,90,85.53,45,1,5,True,2026-08-07 17:16:19.307629,sequencing,0.2,86.21,medium
U044,memory_match,easy,84,73.63,31,2,9,True,2026-06-24 06:16:19.307710,memory,0.222,78.61,easy
U044,memory_match,hard,76,56.42,81,3,7,True,2026-07-04 03:16:19.307784,memory,0.429,64.39,hard
U044,routine_order,medium,70,77.22,63,3,12,True,2026-09-03 07:16:19.307858,sequencing,0.25,73.89,medium
U044,memory_match,hard,84,82.14,59,2,10,True,2026-07-11 03:16:19.307931,memory,0.2,82.46,hard
U044,pattern_recall,easy,100,98.36,13,0,10,True,2026-08-31 22:16:19.308007,attention,0.0,99.34,medium
U044,pattern_recall,easy,70,80.22,34,3,14,True,2026-08-15 21:16:19.308082,attention,0.214,75.81,easy
U044,pattern_recall,hard,70,74.21,68,3,11,True,2026-06-15 20:16:19.308193,attention,0.273,72.22,hard
U044,routine_order,hard,70,73.11,76,3,12,True,2026-07-06 01:16:19.308274,sequencing,0.25,72.24,hard
U044,memory_match,hard,92,78.69,66,1,5,True,2026-08-04 12:16:19.308351,memory,0.2,84.28,hard
U044,pattern_recall,hard,80,82.66,61,2,11,True,2026-08-28 00:16:19.308427,attention,0.182,81.42,hard
U044,pattern_recall,easy,100,96.68,26,0,14,True,2026-06-25 01:16:19.308503,attention,0.0,98.67,medium
U044,memory_match,hard,76,57.11,94,3,6,True,2026-08-30 23:16:19.308578,memory,0.5,63.24,hard
U044,routine_order,easy,70,81.1,43,3,15,True,2026-08-19 19:16:19.308652,sequencing,0.2,76.44,easy
U044,pattern_recall,medium,60,70.62,63,4,14,True,2026-06-22 21:16:19.308728,attention,0.286,66.53,medium
U044,memory_match,easy,84,79.33,43,2,11,True,2026-08-29 16:16:19.308803,memory,0.182,81.69,medium
U044,routine_order,hard,60,70.19,65,4,12,True,2026-08-22 15:16:19.308880,sequencing,0.333,65.42,hard
U044,routine_order,hard,80,68.18,82,2,5,True,2026-08-09 22:16:19.308959,sequencing,0.4,71.27,hard
U044,pattern_recall,easy,90,91.28,54,1,14,True,2026-08-21 06:16:19.309032,attention,0.071,91.09,medium
U044,memory_match,easy,92,96.08,49,1,14,True,2026-07-29 00:16:19.309106,memory,0.071,93.81,medium
U044,pattern_recall,easy,90,90.46,33,1,14,True,2026-07-03 13:16:19.309178,attention,0.071,90.76,medium
U044,pattern_recall,easy,70,79.09,54,3,13,True,2026-09-08 21:16:19.309254,attention,0.231,75.02,easy
U044,routine_order,easy,90,89.84,21,1,8,True,2026-07-27 11:16:19.309330,sequencing,0.125,89.44,medium
U044,routine_order,easy,90,86.61,43,1,5,True,2026-08-07 14:16:19.309406,sequencing,0.2,86.64,medium
U044,pattern_recall,medium,90,75.04,56,1,5,False,2026-07-30 06:16:19.309519,attention,0.2,82.02,hard
U044,routine_order,hard,70,60.16,66,3,8,True,2026-09-04 23:16:19.309598,sequencing,0.375,64.56,hard
U044,pattern_recall,hard,80,82.71,90,2,9,True,2026-07-21 07:16:19.309675,attention,0.222,80.64,hard
U044,memory_match,hard,60,49.83,52,5,10,True,2026-07-16 21:16:19.309752,memory,0.5,53.93,medium
U044,memory_match,medium,84,75.84,65,2,8,True,2026-09-03 23:16:19.309830,memory,0.25,78.94,medium
U044,pattern_recall,hard,40,42.6,72,6,11,True,2026-06-24 20:16:19.309907,attention,0.545,42.14,medium
U044,memory_match,easy,92,90.01,25,1,10,True,2026-06-26 01:16:19.309983,memory,0.1,90.8,medium
U045,memory_match,medium,76,73.75,49,3,10,True,2026-06-19 17:16:19.310064,memory,0.3,73.9,medium
U045,pattern_recall,easy,90,90.35,61,1,8,True,2026-07-16 19:16:19.310172,attention,0.125,89.64,medium
U045,pattern_recall,hard,70,67.39,78,3,10,True,2026-07-31 13:16:19.310262,attention,0.3,68.96,hard
U045,routine_order,hard,70,61.25,79,3,7,True,2026-08-01 17:16:19.310348,sequencing,0.429,63.92,hard
U045,routine_order,hard,60,58.13,85,4,10,True,2026-06-16 02:16:19.310439,sequencing,0.4,59.25,medium
U045,pattern_recall,medium,70,63.61,47,3,9,True,2026-06-13 15:16:19.310518,attention,0.333,66.78,medium
U045,routine_order,hard,80,66.09,75,2,7,True,2026-08-03 04:16:19.310595,sequencing,0.286,72.72,hard
U045,routine_order,easy,60,76.12,25,4,15,True,2026-06-22 23:16:19.310671,sequencing,0.267,69.11,easy
U045,memory_match,hard,52,58.5,58,6,14,True,2026-08-15 15:16:19.310747,memory,0.429,55.62,medium
U045,memory_match,hard,68,57.82,88,4,9,True,2026-09-06 19:16:19.310822,memory,0.444,61.45,hard
U045,memory_match,hard,84,82.09,71,2,13,True,2026-08-05 09:16:19.310900,memory,0.154,83.36,hard
U045,pattern_recall,hard,80,69.66,52,2,6,True,2026-06-22 08:16:19.310978,attention,0.333,73.2,hard
U045,pattern_recall,easy,90,84.31,35,1,7,True,2026-08-08 19:16:19.311058,attention,0.143,86.86,medium
U045,memory_match,hard,60,60.85,55,5,12,True,2026-08-15 21:16:19.311138,memory,0.417,60.0,hard
U045,pattern_recall,easy,70,69.92,27,3,9,True,2026-08-30 22:16:19.311214,attention,0.333,69.31,easy
U045,memory_match,medium,68,67.85,52,4,12,True,2026-09-02 10:16:19.311289,memory,0.333,67.68,medium
U045,routine_order,medium,80,76.77,79,2,9,True,2026-06-21 07:16:19.311364,sequencing,0.222,78.27,medium
U045,pattern_recall,hard,60,62.83,57,4,12,True,2026-07-25 07:16:19.311439,attention,0.333,62.47,hard
U045,memory_match,hard,68,57.75,71,4,9,True,2026-07-12 02:16:19.311513,memory,0.444,61.42,hard
U045,pattern_recall,medium,60,66.6,66,4,12,True,2026-06-13 14:16:19.311588,attention,0.333,63.98,medium
U045,routine_order,medium,90,83.07,33,1,5,True,2026-08-25 04:16:19.311663,sequencing,0.2,85.23,hard
U045,routine_order,medium,80,83.32,44,2,14,True,2026-07-14 14:16:19.311736,sequencing,0.143,82.47,hard
U045,routine_order,medium,70,81.39,60,3,15,True,2026-08-16 17:16:19.311812,sequencing,0.2,76.56,medium
U045,memory_match,hard,84,74.44,76,2,9,True,2026-07-24 16:16:19.311887,memory,0.222,78.94,hard
U045,pattern_recall,hard,100,97.45,66,0,7,True,2026-06-20 10:16:19.311964,attention,0.0,98.98,hard
U045,routine_order,easy,90,92.97,53,1,11,True,2026-06-30 07:16:19.312038,sequencing,0.091,91.37,medium
U045,routine_order,easy,100,100.0,14,0,9,True,2026-06-14 23:16:19.312119,sequencing,0.0,100.0,medium
U045,pattern_recall,hard,70,60.03,34,3,7,True,2026-09-07 06:16:19.312215,attention,0.429,63.43,hard
U045,routine_order,medium,70,74.38,49,3,11,True,2026-06-13 01:16:19.312295,sequencing,0.273,72.29,medium
U045,memory_match,easy,92,83.44,31,1,7,True,2026-09-04 10:16:19.312376,memory,0.143,87.32,medium
U046,routine_order,easy,100,90.19,20,0,5,False,2026-08-16 02:16:19.312457,sequencing,0.0,96.08,medium
U046,routine_order,easy,90,82.71,49,1,6,True,2026-07-12 16:16:19.312532,sequencing,0.167,85.74,medium
U046,routine_order,easy,90,90.11,16,1,8,True,2026-07-18 07:16:19.312606,sequencing,0.125,89.54,medium
U046,pattern_recall,medium,70,74.48,45,3,11,False,2026-08-28 08:16:19.312685,attention,0.273,72.33,medium
U046,memory_match,medium,84,79.72,52,2,10,True,2026-07-12 13:16:19.312763,memory,0.2,81.49,hard
U046,memory_match,hard,84,72.68,80,2,6,True,2026-08-20 19:16:19.312838,memory,0.333,76.01,hard
U046,memory_match,medium,60,54.54,52,5,10,True,2026-07-24 22:16:19.312913,memory,0.5,55.82,easy
U046,routine_order,medium,90,94.31,63,1,11,True,2026-09-01 05:16:19.312988,sequencing,0.091,91.9,hard
U046,memory_match,medium,68,73.62,42,4,14,True,2026-07-24 20:16:19.313062,memory,0.286,70.93,medium
U046,pattern_recall,hard,80,70.37,36,2,8,True,2026-06-14 08:16:19.313135,attention,0.25,75.15,hard
U046,memory_match,easy,92,89.92,22,1,9,True,2026-09-08 12:16:19.313209,memory,0.111,90.55,medium
U046,routine_order,medium,90,77.87,32,1,6,False,2026-08-29 06:16:19.313284,sequencing,0.167,83.81,hard
U046,memory_match,medium,84,68.29,49,2,6,True,2026-07-05 18:16:19.313398,memory,0.333,74.26,medium
U046,routine_order,hard,80,60.98,71,2,5,True,2026-06-27 03:16:19.313483,sequencing,0.4,68.39,hard
U046,pattern_recall,easy,90,87.38,56,1,8,True,2026-07-28 08:16:19.313559,attention,0.125,88.45,medium
U046,routine_order,hard,80,60.21,53,2,6,False,2026-07-15 21:16:19.313634,sequencing,0.333,69.42,hard
U046,routine_order,medium,80,75.14,57,2,7,True,2026-08-08 04:16:19.313709,sequencing,0.286,76.34,medium
U046,routine_order,easy,100,94.88,55,0,7,True,2026-08-05 16:16:19.313784,sequencing,0.0,97.95,medium
U046,routine_order,medium,70,69.64,46,3,11,True,2026-06-12 13:16:19.313858,sequencing,0.273,70.4,medium
U046,routine_order,hard,80,58.95,85,2,6,True,2026-07-06 18:16:19.313930,sequencing,0.333,68.92,hard
U046,memory_match,easy,92,85.12,23,1,9,True,2026-07-14 08:16:19.314004,memory,0.111,88.63,medium
U046,memory_match,hard,76,76.76,55,3,15,True,2026-08-08 19:16:19.314078,memory,0.2,77.1,hard
U046,memory_match,hard,76,76.6,65,3,11,True,2026-07-28 07:16:19.314175,memory,0.273,75.58,hard
U046,pattern_recall,medium,60,69.12,56,4,14,True,2026-07-10 02:16:19.314259,attention,0.286,65.93,medium
U046,pattern_recall,hard,70,65.42,55,3,10,True,2026-06-28 21:16:19.314337,attention,0.3,68.17,hard
U046,pattern_recall,medium,50,62.1,42,5,14,True,2026-08-30 23:16:19.314415,attention,0.357,57.7,easy
U046,routine_order,easy,80,85.43,46,2,12,True,2026-08-07 16:16:19.314489,sequencing,0.167,82.83,medium
U046,memory_match,easy,92,91.44,42,1,7,True,2026-08-02 15:16:19.314564,memory,0.143,90.52,medium
U046,memory_match,easy,84,88.71,32,2,15,False,2026-08-07 06:16:19.314637,memory,0.133,86.42,medium
U046,memory_match,medium,68,68.77,44,4,12,True,2026-08-20 08:16:19.314711,memory,0.333,68.05,medium
U047,routine_order,easy,80,78.26,52,2,7,True,2026-07-24 01:16:19.314790,sequencing,0.286,77.58,easy
U047,memory_match,hard,84,73.75,80,2,6,True,2026-06-15 13:16:19.314864,memory,0.333,76.44,hard
U047,routine_order,easy,80,81.25,34,2,12,True,2026-08-01 13:16:19.314938,sequencing,0.167,81.16,medium
U047,pattern_recall,hard,80,84.05,57,2,12,True,2026-08-12 16:16:19.315010,attention,0.167,82.28,hard
U047,memory_match,easy,92,95.94,72,1,14,True,2026-08-17 08:16:19.315084,memory,0.071,93.76,medium
U047,pattern_recall,easy,90,90.32,21,1,6,True,2026-06-29 13:16:19.315156,attention,0.167,88.79,medium
U047,routine_order,hard,80,76.12,58,2,7,True,2026-06-19 10:16:19.315230,sequencing,0.286,76.73,hard
U047,routine_order,medium,80,59.51,29,2,6,True,2026-08-11 16:16:19.315305,sequencing,0.333,69.14,medium
U047,pattern_recall,hard,50,64.57,70,5,13,True,2026-08-28 20:16:19.315384,attention,0.385,58.13,medium
U047,pattern_recall,medium,80,67.03,37,2,7,True,2026-08-17 06:16:19.315459,attention,0.286,73.09,medium
U047,routine_order,medium,70,64.21,64,3,9,True,2026-07-21 15:16:19.315531,sequencing,0.333,67.02,medium
U047,routine_order,hard,50,55.88,65,5,11,True,2026-07-19 23:16:19.315604,sequencing,0.455,53.25,medium
U047,routine_order,hard,80,58.7,64,2,5,True,2026-08-17 09:16:19.315676,sequencing,0.4,67.48,hard
U047,pattern_recall,medium,70,72.78,58,3,12,True,2026-07-22 18:16:19.315748,attention,0.25,72.11,medium
U047,pattern_recall,easy,80,82.08,37,2,13,True,2026-08-27 10:16:19.315821,attention,0.154,81.75,medium
U047,memory_match,medium,92,86.94,61,1,9,False,2026-06-14 15:16:19.315893,memory,0.111,89.36,hard
U047,memory_match,medium,68,74.66,48,4,15,True,2026-07-08 18:16:19.315969,memory,0.267,71.72,medium
U047,pattern_recall,hard,90,85.08,81,1,9,True,2026-09-07 15:16:19.316041,attention,0.111,87.81,hard
U047,pattern_recall,hard,40,57.69,81,6,14,True,2026-06-24 10:16:19.316112,attention,0.429,50.5,medium
U047,memory_match,hard,84,73.31,82,2,6,True,2026-07-28 20:16:19.316221,memory,0.333,76.26,hard
U047,pattern_recall,hard,60,72.33,54,4,13,True,2026-09-01 11:16:19.316684,attention,0.308,66.77,hard
U047,routine_order,easy,70,76.79,51,3,12,True,2026-09-04 02:16:19.316863,sequencing,0.25,73.72,easy
U047,routine_order,hard,90,82.16,69,1,6,True,2026-08-22 16:16:19.316960,sequencing,0.167,85.52,hard
U047,routine_order,medium,80,78.65,50,2,9,True,2026-06-21 18:16:19.317042,sequencing,0.222,79.02,medium
U047,memory_match,medium,84,70.78,49,2,6,True,2026-08-05 02:16:19.317119,memory,0.333,75.25,medium
U047,routine_order,easy,80,81.55,35,2,13,True,2026-08-03 22:16:19.317202,sequencing,0.154,81.54,medium
U047,memory_match,easy,92,92.09,33,1,13,True,2026-09-06 05:16:19.317293,memory,0.077,92.1,medium
U047,pattern_recall,easy,100,99.19,39,0,11,True,2026-08-28 19:16:19.317374,attention,0.0,99.68,medium
U047,pattern_recall,hard,90,77.24,55,1,6,True,2026-08-14 13:16:19.317456,attention,0.167,83.56,hard
U047,memory_match,hard,44,51.14,70,7,14,True,2026-08-25 08:16:19.317536,memory,0.5,48.06,medium
U048,routine_order,easy,80,83.78,53,2,13,True,2026-09-07 23:16:19.317619,sequencing,0.154,82.43,medium
U048,routine_order,hard,80,76.29,88,2,10,True,2026-08-28 22:16:19.317695,sequencing,0.2,78.52,hard
U048,routine_order,easy,100,93.16,42,0,7,True,2026-07-26 03:16:19.317770,sequencing,0.0,97.26,medium
U048,pattern_recall,easy,100,95.48,43,0,9,True,2026-07-17 04:16:19.317844,attention,0.0,98.19,medium
U048,memory_match,medium,92,94.14,52,1,10,True,2026-09-08 15:16:19.317922,memory,0.1,92.46,hard
U048,routine_order,easy,80,81.82,22,2,13,True,2026-09-04 03:16:19.318002,sequencing,0.154,81.65,medium
U048,pattern_recall,medium,90,85.37,66,1,9,True,2026-06-25 10:16:19.318079,attention,0.111,87.93,hard
U048,routine_order,medium,60,59.77,51,4,10,True,2026-06-25 00:16:19.318155,sequencing,0.4,59.91,easy
U048,memory_match,medium,92,84.25,60,1,5,True,2026-06-16 18:16:19.318267,memory,0.2,86.5,hard
U048,routine_order,easy,80,86.18,37,2,11,True,2026-08-29 09:16:19.318352,sequencing,0.182,82.83,medium
U048,pattern_recall,hard,70,78.76,81,3,14,True,2026-08-15 14:16:19.318430,attention,0.214,75.22,hard
U048,memory_match,easy,92,84.41,32,1,7,True,2026-07-15 17:16:19.318507,memory,0.143,87.7,medium
U048,routine_order,medium,80,79.35,59,2,8,True,2026-08-18 06:16:19.318582,sequencing,0.25,78.74,medium
U048,pattern_recall,hard,60,57.16,69,4,10,True,2026-08-26 05:16:19.318660,attention,0.4,58.86,medium
U048,memory_match,easy,84,85.18,30,2,13,True,2026-08-25 21:16:19.318741,memory,0.154,84.59,medium
U048,routine_order,easy,70,78.49,31,3,13,True,2026-08-02 07:16:19.318938,sequencing,0.231,74.78,easy
U048,memory_match,medium,76,66.99,40,3,9,True,2026-08-07 05:16:19.319039,memory,0.333,70.54,medium
U048,pattern_recall,easy,100,100.0,37,0,14,True,2026-06-18 12:16:19.319122,attention,0.0,100.0,medium
U048,pattern_recall,medium,90,84.63,64,1,8,False,2026-06-20 06:16:19.319204,attention,0.125,87.35,hard
U048,routine_order,medium,90,90.4,41,1,6,True,2026-07-11 09:16:19.319284,sequencing,0.167,88.82,hard
U048,memory_match,medium,76,63.8,47,3,7,True,2026-06-16 00:16:19.319362,memory,0.429,67.34,medium
U048,routine_order,hard,80,74.85,67,2,7,True,2026-08-06 08:16:19.319441,sequencing,0.286,76.22,hard
U048,pattern_recall,hard,30,49.65,63,7,14,True,2026-07-02 06:16:19.319518,attention,0.5,41.86,medium
U048,memory_match,medium,68,63.6,44,4,11,True,2026-08-04 07:16:19.319595,memory,0.364,65.36,medium
U048,pattern_recall,hard,70,80.13,69,3,13,True,2026-06-19 11:16:19.319673,attention,0.231,75.43,hard
U048,memory_match,hard,76,76.73,89,3,15,True,2026-08-10 12:16:19.319749,memory,0.2,77.09,hard
U048,pattern_recall,medium,70,81.8,49,3,14,True,2026-09-02 16:16:19.319840,attention,0.214,76.44,medium
U048,routine_order,medium,80,82.88,30,2,10,True,2026-08-14 21:16:19.319917,sequencing,0.2,81.15,hard
U048,memory_match,easy,92,95.59,26,1,12,True,2026-06-21 11:16:19.319995,memory,0.083,93.38,medium
U048,memory_match,hard,76,78.09,52,3,15,True,2026-06-30 20:16:19.320074,memory,0.2,77.64,hard
U049,routine_order,hard,80,78.1,69,2,9,True,2026-08-05 21:16:19.320161,sequencing,0.222,78.8,hard
U049,pattern_recall,easy,90,89.75,29,1,7,True,2026-06-13 05:16:19.320270,attention,0.143,89.04,medium
U049,routine_order,easy,100,100.0,45,0,10,True,2026-08-21 21:16:19.320509,sequencing,0.0,100.0,medium
U049,routine_order,hard,60,60.61,66,4,11,True,2026-08-14 16:16:19.321253,sequencing,0.364,60.96,hard
U049,routine_order,hard,60,69.6,74,4,13,True,2026-08-17 08:16:19.321694,sequencing,0.308,65.68,hard
U049,routine_order,medium,90,74.24,49,1,5,True,2026-07-10 06:16:19.321905,sequencing,0.2,81.7,hard
U049,routine_order,easy,80,69.27,28,2,5,True,2026-06-21 05:16:19.322000,sequencing,0.4,71.71,easy
U049,routine_order,medium,50,51.23,46,5,10,True,2026-07-20 00:16:19.322079,sequencing,0.5,50.49,easy
U049,memory_match,hard,84,59.71,64,2,5,True,2026-06-15 08:16:19.322155,memory,0.4,69.48,hard
U049,routine_order,easy,90,87.38,25,1,9,True,2026-08-14 21:16:19.322231,sequencing,0.111,88.73,medium
U049,memory_match,hard,84,60.29,93,2,6,True,2026-07-31 00:16:19.322306,memory,0.333,71.06,hard
U049,memory_match,easy,92,88.27,25,1,12,True,2026-09-03 10:16:19.322384,memory,0.083,90.45,medium
U049,pattern_recall,hard,70,65.68,81,3,8,True,2026-07-12 05:16:19.322460,attention,0.375,66.77,hard
U049,routine_order,easy,80,84.31,50,2,11,True,2026-08-03 07:16:19.322535,sequencing,0.182,82.08,medium
U049,memory_match,medium,76,80.11,48,3,13,True,2026-06-20 11:16:19.322610,memory,0.231,77.82,medium
U049,routine_order,medium,50,58.88,39,5,12,True,2026-07-06 04:16:19.322684,sequencing,0.417,55.21,easy
U049,memory_match,easy,76,59.18,25,3,7,True,2026-07-22 16:16:19.322763,memory,0.429,65.49,easy
U049,pattern_recall,hard,90,83.11,79,1,7,True,2026-06-28 11:16:19.322841,attention,0.143,86.38,hard
U049,memory_match,hard,84,65.84,79,2,7,True,2026-08-05 14:16:19.322919,memory,0.286,74.22,hard
U049,memory_match,medium,92,77.17,45,1,6,True,2026-07-24 02:16:19.322995,memory,0.167,84.33,hard
U049,routine_order,easy,90,93.2,23,1,15,True,2026-07-21 13:16:19.323073,sequencing,0.067,91.94,medium
U049,memory_match,easy,92,93.65,51,1,12,True,2026-07-20 00:16:19.323150,memory,0.083,92.6,medium
U049,memory_match,medium,84,83.71,54,2,11,True,2026-06-18 22:16:19.323231,memory,0.182,83.44,hard
U049,memory_match,medium,76,66.72,38,3,9,False,2026-07-27 15:16:19.323313,memory,0.333,70.43,medium
U049,pattern_recall,easy,100,100.0,40,0,15,True,2026-07-07 11:16:19.323391,attention,0.0,100.0,medium
U049,memory_match,easy,100,100.0,48,0,7,True,2026-07-27 11:16:19.323508,memory,0.0,100.0,medium
U049,routine_order,easy,90,94.74,29,1,15,True,2026-08-12 11:16:19.323622,sequencing,0.067,92.56,medium
U049,routine_order,hard,70,73.4,64,3,13,True,2026-06-17 22:16:19.323704,sequencing,0.231,72.74,hard
U049,memory_match,medium,84,79.28,57,2,11,True,2026-08-19 09:16:19.323786,memory,0.182,81.67,hard
U049,routine_order,hard,70,71.49,63,3,11,True,2026-07-27 22:16:19.323863,sequencing,0.273,71.14,hard
U050,routine_order,medium,80,88.22,44,2,15,True,2026-07-03 18:16:19.323947,sequencing,0.133,84.63,hard
U050,memory_match,hard,84,69.95,64,2,5,True,2026-09-09 01:16:19.324028,memory,0.4,73.58,hard
U050,pattern_recall,medium,90,83.64,48,1,8,True,2026-08-08 15:16:19.324105,attention,0.125,86.96,hard
U050,memory_match,medium,84,79.4,40,2,10,True,2026-08-10 17:16:19.324182,memory,0.2,81.36,hard
U050,routine_order,easy,70,66.38,47,3,9,False,2026-08-05 06:16:19.324259,sequencing,0.333,67.89,easy
U050,pattern_recall,medium,70,74.97,52,3,10,True,2026-07-11 09:16:19.324343,attention,0.3,71.99,medium
U050,memory_match,medium,84,66.65,72,2,6,True,2026-06-17 07:16:19.324433,memory,0.333,73.6,medium
U050,memory_match,easy,92,87.81,57,1,6,True,2026-08-08 00:16:19.324518,memory,0.167,88.58,medium
U050,memory_match,medium,92,70.63,59,1,5,True,2026-07-12 16:16:19.324598,memory,0.2,81.05,hard
U050,pattern_recall,medium,80,71.11,61,2,8,True,2026-07-12 10:16:19.324676,attention,0.25,75.44,medium
U050,pattern_recall,medium,70,69.84,61,3,10,True,2026-07-31 19:16:19.324752,attention,0.3,69.94,medium
U050,memory_match,medium,76,73.71,55,3,12,True,2026-07-06 07:16:19.324827,memory,0.25,74.88,medium
U050,memory_match,hard,76,78.58,61,3,13,True,2026-09-07 18:16:19.324903,memory,0.231,77.21,hard
U050,pattern_recall,medium,80,68.92,47,2,8,True,2026-08-10 23:16:19.324979,attention,0.25,74.57,medium
U050,routine_order,hard,60,63.47,86,4,10,True,2026-08-13 09:16:19.325057,sequencing,0.4,61.39,hard
U050,pattern_recall,easy,90,92.57,32,1,13,True,2026-09-07 12:16:19.325137,attention,0.077,91.49,medium
U050,routine_order,hard,60,69.54,54,4,14,True,2026-09-08 06:16:19.325222,sequencing,0.286,66.1,hard
U050,routine_order,medium,80,83.04,45,2,9,True,2026-06-17 02:16:19.325298,sequencing,0.222,80.78,hard
U050,memory_match,hard,84,70.08,82,2,6,True,2026-06-28 04:16:19.325377,memory,0.333,74.97,hard
U050,memory_match,easy,84,85.39,61,2,12,True,2026-07-27 23:16:19.325482,memory,0.167,84.42,medium
U050,routine_order,hard,70,57.14,90,3,6,True,2026-06-16 12:16:19.325562,sequencing,0.5,60.86,hard
U050,pattern_recall,hard,90,70.86,83,1,5,True,2026-08-17 19:16:19.325643,attention,0.2,80.34,hard
U050,memory_match,medium,76,66.26,46,3,8,True,2026-08-06 16:16:19.325719,memory,0.375,69.4,medium
U050,pattern_recall,hard,40,52.48,82,6,13,True,2026-07-13 12:16:19.325796,attention,0.462,47.75,medium
U050,routine_order,medium,40,62.27,39,6,15,True,2026-08-16 09:16:19.325871,sequencing,0.4,52.91,easy
U050,routine_order,easy,80,82.53,44,2,12,True,2026-08-15 12:16:19.325950,sequencing,0.167,81.67,medium
U050,routine_order,easy,100,95.56,44,0,10,False,2026-09-02 16:16:19.326037,sequencing,0.0,98.22,medium
U050,routine_order,easy,80,82.27,59,2,13,True,2026-08-29 00:16:19.326114,sequencing,0.154,81.83,medium
U050,routine_order,easy,70,81.5,44,3,14,True,2026-06-25 01:16:19.326190,sequencing,0.214,76.32,easy
U050,memory_match,medium,84,77.2,45,2,9,True,2026-06-29 15:16:19.326265,memory,0.222,80.04,hard
U051,routine_order,medium,80,80.33,52,2,12,True,2026-07-01 04:16:19.326344,sequencing,0.167,80.79,hard
U051,pattern_recall,medium,90,88.22,53,1,12,True,2026-07-21 01:16:19.326418,attention,0.083,89.63,hard
U051,routine_order,medium,60,75.11,49,4,15,False,2026-08-22 22:16:19.326491,sequencing,0.267,68.7,medium
U051,routine_order,hard,80,61.49,80,2,5,True,2026-07-14 15:16:19.326565,sequencing,0.4,68.6,hard
U051,pattern_recall,medium,80,65.61,51,2,7,True,2026-06-18 07:16:19.326643,attention,0.286,72.52,medium
U051,memory_match,hard,76,57.76,75,3,6,True,2026-08-18 06:16:19.326721,memory,0.5,63.5,hard
U051,routine_order,medium,60,68.36,64,4,13,True,2026-07-17 02:16:19.326801,sequencing,0.308,65.18,medium
U051,routine_order,hard,60,70.52,58,4,13,True,2026-07-07 18:16:19.326878,sequencing,0.308,66.05,hard
U051,memory_match,medium,84,85.82,62,2,12,True,2026-08-14 17:16:19.326953,memory,0.167,84.59,hard
U051,routine_order,easy,100,99.54,29,0,7,True,2026-08-11 02:16:19.327030,sequencing,0.0,99.82,medium
U051,pattern_recall,easy,100,96.17,38,0,6,True,2026-07-12 02:16:19.327107,attention,0.0,98.47,medium
U051,memory_match,easy,92,86.31,25,1,9,True,2026-08-29 12:16:19.327183,memory,0.111,89.1,medium
U051,memory_match,easy,84,83.12,45,2,9,True,2026-06-19 10:16:19.327259,memory,0.222,82.41,medium
U051,routine_order,hard,50,51.35,99,5,11,True,2026-08-02 19:16:19.327334,sequencing,0.455,51.44,medium
U051,routine_order,hard,40,50.36,79,6,12,False,2026-07-14 17:16:19.327410,sequencing,0.5,46.14,medium
U051,pattern_recall,easy,90,85.07,37,1,10,True,2026-07-06 09:16:19.327520,attention,0.1,88.03,medium
U051,routine_order,medium,70,71.17,42,3,12,True,2026-07-26 11:16:19.327605,sequencing,0.25,71.47,medium
U051,pattern_recall,hard,60,69.87,70,4,13,True,2026-07-20 10:16:19.327691,attention,0.308,65.79,hard
U051,memory_match,medium,84,72.19,39,2,7,True,2026-09-04 19:16:19.327769,memory,0.286,76.76,medium
U051,routine_order,easy,70,69.93,28,3,10,True,2026-06-16 03:16:19.327847,sequencing,0.3,69.97,easy
U051,pattern_recall,medium,80,63.1,49,2,6,True,2026-07-07 10:16:19.327923,attention,0.333,70.58,medium
U051,pattern_recall,hard,70,67.53,79,3,10,True,2026-07-24 00:16:19.327999,attention,0.3,69.01,hard
U051,memory_match,hard,76,63.11,75,3,9,True,2026-07-19 23:16:19.328075,memory,0.333,68.98,hard
U051,pattern_recall,easy,80,82.71,35,2,14,True,2026-06-22 03:16:19.328150,attention,0.143,82.22,medium
U051,routine_order,hard,80,78.93,75,2,10,True,2026-08-29 05:16:19.328226,sequencing,0.2,79.57,hard
U051,pattern_recall,hard,60,60.72,79,4,9,True,2026-07-18 14:16:19.328303,attention,0.444,59.41,medium
U051,routine_order,hard,70,78.25,72,3,12,True,2026-08-13 01:16:19.328381,sequencing,0.25,74.3,hard
U051,pattern_recall,medium,80,79.34,64,2,9,True,2026-07-12 03:16:19.328457,attention,0.222,79.3,medium
U051,routine_order,medium,80,86.47,39,2,14,True,2026-08-24 02:16:19.328533,sequencing,0.143,83.73,hard
U051,pattern_recall,medium,70,70.89,70,3,11,True,2026-09-01 01:16:19.328609,attention,0.273,70.9,medium
U052,routine_order,hard,80,68.35,71,2,5,True,2026-07-29 15:16:19.328688,sequencing,0.4,71.34,hard
U052,routine_order,hard,70,74.72,91,3,12,True,2026-08-16 14:16:19.328765,sequencing,0.25,72.89,hard
U052,routine_order,easy,100,93.3,24,0,5,True,2026-07-10 15:16:19.328839,sequencing,0.0,97.32,medium
U052,memory_match,easy,84,78.63,44,2,10,True,2026-09-08 21:16:19.328913,memory,0.2,81.05,medium
U052,routine_order,medium,80,79.2,52,2,12,False,2026-07-17 09:16:19.328987,sequencing,0.167,80.34,hard
U052,memory_match,medium,84,75.25,49,2,9,True,2026-08-07 20:16:19.329064,memory,0.222,79.26,medium
U052,memory_match,medium,68,59.44,55,4,10,True,2026-06-12 23:16:19.329145,memory,0.4,62.98,medium
U052,pattern_recall,medium,80,68.14,43,2,6,True,2026-07-07 13:16:19.329250,attention,0.333,72.6,medium
U052,memory_match,medium,84,83.92,45,2,15,True,2026-08-08 19:16:19.329363,memory,0.133,84.51,hard
U052,routine_order,easy,80,85.71,31,2,11,True,2026-06-13 04:16:19.329449,sequencing,0.182,82.64,medium
U052,memory_match,hard,60,68.74,56,5,15,True,2026-09-01 23:16:19.329525,memory,0.333,64.84,hard
U052,memory_match,hard,76,69.62,54,3,10,True,2026-06-28 13:16:19.329600,memory,0.3,72.25,hard
U052,memory_match,easy,92,84.88,13,1,9,True,2026-06-17 02:16:19.329680,memory,0.111,88.53,medium
U052,memory_match,easy,92,76.52,24,1,5,True,2026-07-02 21:16:19.329754,memory,0.2,83.41,medium
U052,routine_order,easy,100,100.0,35,0,7,True,2026-09-04 08:16:19.329827,sequencing,0.0,100.0,medium
U052,routine_order,easy,90,92.79,43,1,14,True,2026-08-07 20:16:19.329900,sequencing,0.071,91.7,medium
U052,memory_match,hard,84,83.03,56,2,14,True,2026-06-18 02:16:19.329979,memory,0.143,83.95,hard
U052,pattern_recall,medium,50,48.94,55,5,9,True,2026-09-09 02:16:19.330055,attention,0.556,48.46,easy
U052,pattern_recall,easy,80,73.29,45,2,9,True,2026-06-12 02:16:19.330128,attention,0.222,76.88,easy
U052,pattern_recall,hard,70,66.43,64,3,10,True,2026-07-20 18:16:19.330202,attention,0.3,68.57,hard
U052,routine_order,medium,70,64.0,41,3,9,True,2026-06-27 20:16:19.330273,sequencing,0.333,66.94,medium
U052,routine_order,easy,90,94.64,47,1,14,True,2026-08-23 04:16:19.330344,sequencing,0.071,92.44,medium
U052,pattern_recall,easy,90,85.61,58,1,8,True,2026-07-27 14:16:19.330416,attention,0.125,87.74,medium
U052,pattern_recall,easy,100,99.07,38,0,13,True,2026-08-27 17:16:19.330488,attention,0.0,99.63,medium
U052,memory_match,hard,92,80.65,69,1,5,True,2026-07-03 01:16:19.330559,memory,0.2,85.06,hard
U052,routine_order,hard,60,69.01,62,4,13,True,2026-06-27 15:16:19.330631,sequencing,0.308,65.44,hard
U052,memory_match,easy,100,100.0,41,0,8,True,2026-07-08 01:16:19.330707,memory,0.0,100.0,medium
U052,pattern_recall,easy,80,88.4,26,2,14,True,2026-06-20 04:16:19.331096,attention,0.143,84.5,medium
U052,pattern_recall,easy,100,94.87,40,0,6,True,2026-06-22 06:16:19.331306,attention,0.0,97.95,medium
U052,routine_order,medium,80,74.34,57,2,7,True,2026-07-02 09:16:19.331504,sequencing,0.286,76.02,medium
U053,memory_match,hard,92,86.47,46,1,10,True,2026-06-14 20:16:19.331662,memory,0.1,89.39,hard
U053,routine_order,hard,40,56.55,78,6,14,True,2026-08-11 21:16:19.331802,sequencing,0.429,50.04,medium
U053,pattern_recall,hard,90,81.73,51,1,5,True,2026-06-28 05:16:19.331938,attention,0.2,84.69,hard
U053,routine_order,hard,60,70.51,46,4,13,True,2026-07-20 03:16:19.332083,sequencing,0.308,66.04,hard
U053,pattern_recall,easy,90,89.37,23,1,9,True,2026-06-27 00:16:19.332304,attention,0.111,89.53,medium
U053,routine_order,easy,80,73.67,42,2,6,True,2026-06-20 13:16:19.332527,sequencing,0.333,74.81,easy
U053,routine_order,medium,80,71.76,76,2,6,True,2026-06-20 11:16:19.332695,sequencing,0.333,74.04,medium
U053,memory_match,easy,84,79.0,43,2,8,True,2026-07-17 20:16:19.332840,memory,0.25,80.2,medium
U053,routine_order,easy,80,85.49,33,2,13,True,2026-06-27 06:16:19.332973,sequencing,0.154,83.12,medium
U053,pattern_recall,hard,50,64.21,83,5,14,True,2026-06-27 03:16:19.333117,attention,0.357,58.54,medium
U053,memory_match,hard,84,65.85,56,2,6,True,2026-08-23 10:16:19.333256,memory,0.333,73.28,hard
U053,routine_order,easy,50,62.97,32,5,14,True,2026-08-03 00:16:19.333392,sequencing,0.357,58.05,easy
U053,pattern_recall,medium,90,82.63,48,1,7,True,2026-08-04 23:16:19.333529,attention,0.143,86.19,hard
U053,pattern_recall,medium,60,73.54,59,4,14,True,2026-09-01 02:16:19.333670,attention,0.286,67.7,medium
U053,memory_match,medium,76,67.18,42,3,8,True,2026-07-14 18:16:19.333813,memory,0.375,69.77,medium
U053,pattern_recall,easy,90,87.02,29,1,8,True,2026-09-03 15:16:19.333968,attention,0.125,88.31,medium
U053,routine_order,hard,60,58.43,80,4,10,True,2026-07-15 06:16:19.334122,sequencing,0.4,59.37,medium
U053,pattern_recall,hard,50,65.72,68,5,14,True,2026-07-05 20:16:19.334261,attention,0.357,59.15,medium
U053,pattern_recall,easy,80,83.03,31,2,10,False,2026-06-23 16:16:19.334395,attention,0.2,81.21,medium
U053,pattern_recall,easy,80,87.24,42,2,14,True,2026-08-18 05:16:19.334569,attention,0.143,84.04,medium
U053,routine_order,hard,70,63.57,73,3,7,True,2026-09-08 19:16:19.334721,sequencing,0.429,64.85,hard
U053,memory_match,hard,92,81.72,69,1,7,True,2026-07-07 16:16:19.334860,memory,0.143,86.63,hard
U053,routine_order,easy,80,76.94,33,2,10,True,2026-07-28 03:16:19.334999,sequencing,0.2,78.78,easy
U053,routine_order,medium,90,94.44,58,1,12,True,2026-08-02 14:16:19.335144,sequencing,0.083,92.12,hard
U053,memory_match,easy,76,70.93,15,3,12,True,2026-07-27 22:16:19.335284,memory,0.25,73.77,easy
U053,memory_match,medium,84,79.63,38,2,8,True,2026-08-01 18:16:19.335431,memory,0.25,80.45,hard
U053,pattern_recall,easy,80,81.9,37,2,10,True,2026-08-26 18:16:19.335569,attention,0.2,80.76,medium
U053,routine_order,medium,80,66.93,41,2,5,True,2026-07-04 11:16:19.335703,sequencing,0.4,70.77,medium
U053,routine_order,medium,80,76.32,48,2,8,True,2026-06-19 14:16:19.335834,sequencing,0.25,77.53,medium
U053,routine_order,medium,70,75.0,36,3,12,True,2026-06-15 01:16:19.335968,sequencing,0.25,73.0,medium
U054,memory_match,hard,52,51.62,95,6,12,True,2026-09-03 14:16:19.336111,memory,0.5,51.45,medium
U054,memory_match,medium,84,73.41,25,2,7,False,2026-09-02 18:16:19.336252,memory,0.286,77.24,medium
U054,pattern_recall,hard,60,72.34,76,4,13,False,2026-06-23 20:16:19.336386,attention,0.308,66.78,hard
U054,routine_order,hard,70,41.36,89,3,5,True,2026-07-03 11:16:19.336551,sequencing,0.6,52.54,medium
U054,memory_match,easy,84,81.23,50,2,9,True,2026-08-20 08:16:19.336697,memory,0.222,81.65,medium
U054,routine_order,easy,100,92.76,41,0,5,True,2026-06-24 17:16:19.336842,sequencing,0.0,97.1,medium
U054,memory_match,medium,76,80.98,57,3,14,True,2026-09-04 03:16:19.336988,memory,0.214,78.51,medium
U054,memory_match,medium,84,85.06,35,2,14,True,2026-07-02 00:16:19.337121,memory,0.143,84.76,hard
U054,memory_match,medium,84,73.36,74,2,7,True,2026-09-03 14:16:19.337246,memory,0.286,77.22,medium
U054,memory_match,hard,68,57.41,48,4,9,True,2026-08-12 05:16:19.337702,memory,0.444,61.28,hard
U054,memory_match,easy,92,86.36,26,1,7,True,2026-08-01 17:16:19.338137,memory,0.143,88.48,medium
U054,pattern_recall,medium,80,68.33,50,2,5,True,2026-06-26 13:16:19.338258,attention,0.4,71.33,medium
U054,pattern_recall,medium,40,59.66,65,6,15,False,2026-06-29 08:16:19.338371,attention,0.4,51.86,easy
U054,pattern_recall,hard,70,74.26,56,3,11,True,2026-09-01 23:16:19.338462,attention,0.273,72.24,hard
U054,routine_order,hard,80,77.3,71,2,11,True,2026-07-10 11:16:19.338540,sequencing,0.182,79.28,hard
U054,routine_order,easy,80,73.2,41,2,8,True,2026-09-05 05:16:19.338618,sequencing,0.25,76.28,easy
U054,routine_order,medium,90,71.54,34,1,5,True,2026-07-26 18:16:19.338700,sequencing,0.2,80.62,hard
U054,routine_order,medium,70,69.93,59,3,10,True,2026-08-21 05:16:19.338777,sequencing,0.3,69.97,medium
U054,pattern_recall,hard,70,64.79,51,3,9,True,2026-09-07 06:16:19.338855,attention,0.333,67.26,hard
U054,memory_match,medium,76,76.85,39,3,12,True,2026-07-14 10:16:19.338937,memory,0.25,76.14,medium
U054,routine_order,medium,60,72.74,30,4,14,True,2026-07-07 16:16:19.339039,sequencing,0.286,67.38,medium
U054,memory_match,hard,76,64.28,71,3,9,True,2026-08-30 01:16:19.339183,memory,0.333,69.45,hard
U054,pattern_recall,hard,60,69.02,65,4,13,True,2026-06-19 10:16:19.339330,attention,0.308,65.45,hard
U054,memory_match,medium,68,55.44,46,4,10,True,2026-06-27 08:16:19.339424,memory,0.4,61.38,medium
U054,memory_match,easy,84,86.57,46,2,13,True,2026-09-02 18:16:19.339508,memory,0.154,85.15,medium
U054,pattern_recall,hard,60,70.86,86,4,15,True,2026-06-23 19:16:19.339587,attention,0.267,67.0,hard
U054,routine_order,hard,80,80.01,53,2,11,True,2026-08-25 11:16:19.339673,sequencing,0.182,80.36,hard
U054,routine_order,hard,60,64.76,61,4,11,True,2026-08-13 20:16:19.339961,sequencing,0.364,62.62,hard
U054,routine_order,medium,80,83.52,54,2,12,True,2026-07-14 16:16:19.340046,sequencing,0.167,82.07,hard
U054,pattern_recall,medium,90,94.63,44,1,10,True,2026-07-06 15:16:19.340134,attention,0.1,91.85,hard
U055,memory_match,hard,60,64.57,78,5,13,True,2026-09-03 14:16:19.340218,memory,0.385,62.13,hard
U055,pattern_recall,easy,80,76.86,31,2,8,True,2026-07-08 09:16:19.340294,attention,0.25,77.74,easy
U055,memory_match,medium,92,91.07,49,1,12,True,2026-08-25 15:16:19.340369,memory,0.083,91.57,hard
U055,pattern_recall,hard,60,59.11,97,4,9,True,2026-07-06 06:16:19.340444,attention,0.444,58.76,medium
U055,pattern_recall,hard,60,67.55,74,4,11,True,2026-08-24 09:16:19.340600,attention,0.364,63.74,hard
U055,pattern_recall,medium,80,71.56,59,2,8,True,2026-08-24 05:16:19.340683,attention,0.25,75.62,medium
U055,pattern_recall,medium,70,79.83,47,3,15,True,2026-08-31 15:16:19.340766,attention,0.2,75.93,medium
U055,pattern_recall,hard,80,73.6,68,2,7,True,2026-09-01 02:16:19.340843,attention,0.286,75.72,hard
U055,memory_match,medium,76,68.74,57,3,8,True,2026-07-21 15:16:19.340920,memory,0.375,70.4,medium
U055,routine_order,hard,50,67.45,69,5,14,True,2026-08-19 20:16:19.340999,sequencing,0.357,59.84,medium
U055,routine_order,hard,80,63.37,89,2,5,True,2026-08-15 15:16:19.341077,sequencing,0.4,69.35,hard
U055,pattern_recall,medium,80,75.93,42,2,8,True,2026-07-26 20:16:19.341156,attention,0.25,77.37,medium
U055,memory_match,medium,92,73.67,34,1,5,True,2026-08-19 04:16:19.341235,memory,0.2,82.27,hard
U055,pattern_recall,easy,60,71.64,22,4,13,True,2026-08-10 21:16:19.341314,attention,0.308,66.5,easy
U055,routine_order,easy,90,89.73,23,1,10,True,2026-06-15 08:16:19.341395,sequencing,0.1,89.89,medium
U055,pattern_recall,hard,60,65.24,50,4,12,True,2026-06-30 05:16:19.341475,attention,0.333,63.44,hard
U055,memory_match,medium,76,74.98,78,3,13,True,2026-06-18 13:16:19.341558,memory,0.231,75.77,medium
U055,pattern_recall,medium,60,69.69,48,4,13,True,2026-08-17 16:16:19.341635,attention,0.308,65.72,medium
U055,memory_match,hard,76,52.92,79,3,7,True,2026-08-31 22:16:19.341732,memory,0.429,62.99,hard
U055,pattern_recall,hard,80,81.71,71,2,11,True,2026-07-11 19:16:19.341822,attention,0.182,81.04,hard
U055,routine_order,easy,80,71.13,34,2,8,True,2026-06-20 06:16:19.341901,sequencing,0.25,75.45,easy
U055,memory_match,easy,84,66.06,78,2,6,True,2026-08-04 01:16:19.341994,memory,0.333,73.36,easy
U055,routine_order,easy,80,81.98,17,2,12,True,2026-06-30 23:16:19.342075,sequencing,0.167,81.45,medium
U055,routine_order,hard,60,66.81,73,4,11,True,2026-08-27 19:16:19.342158,sequencing,0.364,63.44,hard
U055,pattern_recall,medium,60,65.82,52,4,11,True,2026-06-13 14:16:19.342239,attention,0.364,63.05,medium
U055,pattern_recall,hard,40,58.69,78,6,15,True,2026-07-05 14:16:19.342317,attention,0.4,51.48,medium
U055,routine_order,easy,90,80.34,18,1,5,True,2026-08-28 06:16:19.342398,sequencing,0.2,84.14,medium
U055,routine_order,hard,90,89.55,89,1,8,True,2026-07-20 13:16:19.342492,sequencing,0.125,89.32,hard
U055,pattern_recall,easy,80,85.79,37,2,11,False,2026-08-20 07:16:19.342633,attention,0.182,82.68,medium
U055,routine_order,medium,90,79.77,49,1,7,True,2026-06-24 01:16:19.342781,sequencing,0.143,85.05,hard
U056,memory_match,easy,100,95.47,35,0,10,True,2026-07-26 01:16:19.342933,memory,0.0,98.19,medium
U056,memory_match,medium,60,64.37,35,5,15,True,2026-07-06 17:16:19.343069,memory,0.333,63.09,medium
U056,routine_order,hard,70,57.24,66,3,7,True,2026-08-05 00:16:19.343204,sequencing,0.429,62.32,hard
U056,memory_match,easy,100,100.0,26,0,6,True,2026-06-20 15:16:19.343336,memory,0.0,100.0,medium
U056,routine_order,hard,70,62.76,84,3,7,True,2026-09-06 11:16:19.343478,sequencing,0.429,64.52,hard
U056,pattern_recall,hard,80,85.13,79,2,14,True,2026-07-01 13:16:19.343606,attention,0.143,83.19,hard
U056,pattern_recall,hard,40,50.29,66,6,13,True,2026-06-19 19:16:19.343734,attention,0.462,46.88,medium
U056,pattern_recall,medium,80,85.33,57,2,11,True,2026-08-04 05:16:19.343824,attention,0.182,82.49,hard
U056,routine_order,easy,70,65.0,34,3,9,True,2026-08-22 01:16:19.343900,sequencing,0.333,67.34,easy
U056,pattern_recall,hard,60,59.54,70,4,9,True,2026-07-01 06:16:19.343976,attention,0.444,58.94,medium
U056,routine_order,hard,70,51.4,78,3,7,True,2026-08-11 16:16:19.344051,sequencing,0.429,59.98,medium
U056,routine_order,hard,80,69.72,91,2,8,True,2026-08-04 23:16:19.344125,sequencing,0.25,74.89,hard
U056,memory_match,easy,92,82.1,43,1,5,True,2026-07-08 19:16:19.344200,memory,0.2,85.64,medium
U056,routine_order,medium,80,81.64,40,2,10,True,2026-08-25 08:16:19.344315,sequencing,0.2,80.66,hard
U056,memory_match,hard,84,70.21,67,2,8,True,2026-07-03 04:16:19.344400,memory,0.25,76.68,hard
U056,pattern_recall,hard,70,68.05,65,3,10,True,2026-07-30 18:16:19.344478,attention,0.3,69.22,hard
U056,pattern_recall,easy,70,72.75,28,3,11,True,2026-08-11 05:16:19.344558,attention,0.273,71.64,easy
U056,routine_order,hard,60,51.91,75,4,8,True,2026-07-14 16:16:19.344631,sequencing,0.5,54.76,medium
U056,pattern_recall,easy,80,67.52,31,2,5,True,2026-08-25 07:16:19.344703,attention,0.4,71.01,easy
U056,pattern_recall,medium,70,81.37,60,3,14,True,2026-08-09 15:16:19.344779,attention,0.214,76.27,medium
U056,pattern_recall,hard,60,59.61,81,4,11,True,2026-08-05 05:16:19.344852,attention,0.364,60.56,hard
U056,routine_order,easy,100,95.53,13,0,6,True,2026-07-22 06:16:19.345085,sequencing,0.0,98.21,medium
U056,pattern_recall,hard,60,54.49,59,4,9,True,2026-07-14 14:16:19.345320,attention,0.444,56.92,medium
U056,pattern_recall,easy,90,84.31,33,1,8,True,2026-07-21 20:16:19.345423,attention,0.125,87.22,medium
U056,memory_match,medium,84,68.0,45,2,5,False,2026-07-22 21:16:19.345507,memory,0.4,72.8,medium
U056,pattern_recall,medium,90,86.39,32,1,6,True,2026-07-06 21:16:19.345584,attention,0.167,87.22,hard
U056,pattern_recall,hard,30,51.32,70,7,15,True,2026-07-28 14:16:19.345672,attention,0.467,43.19,medium
U056,routine_order,medium,70,64.06,61,3,9,True,2026-08-15 03:16:19.345837,sequencing,0.333,66.96,medium
U056,memory_match,hard,76,64.59,46,3,8,True,2026-08-14 02:16:19.345968,memory,0.375,68.74,hard
U056,routine_order,easy,80,85.37,39,2,11,True,2026-08-28 19:16:19.346061,sequencing,0.182,82.51,medium
U057,pattern_recall,hard,70,61.21,62,3,7,True,2026-08-27 21:16:19.346159,attention,0.429,63.9,hard
U057,routine_order,easy,100,93.45,20,0,6,True,2026-08-04 19:16:19.346245,sequencing,0.0,97.38,medium
U057,pattern_recall,medium,70,76.8,63,3,14,True,2026-07-19 02:16:19.346336,attention,0.214,74.44,medium
U057,memory_match,hard,68,63.37,74,4,10,True,2026-06-18 02:16:19.346421,memory,0.4,64.55,hard
U057,memory_match,easy,92,91.09,31,1,13,True,2026-07-09 04:16:19.346510,memory,0.077,91.7,medium
U057,memory_match,easy,92,88.39,42,1,8,True,2026-07-01 14:16:19.346597,memory,0.125,89.66,medium
U057,memory_match,medium,84,70.84,47,2,6,True,2026-08-18 01:16:19.346710,memory,0.333,75.28,medium
U057,routine_order,easy,80,88.45,46,2,13,True,2026-08-24 05:16:19.346810,sequencing,0.154,84.3,medium
U057,routine_order,hard,60,69.19,77,4,14,True,2026-07-24 04:16:19.346893,sequencing,0.286,65.96,hard
U057,routine_order,medium,70,73.29,37,3,11,True,2026-09-01 06:16:19.346975,sequencing,0.273,71.86,medium
U057,memory_match,easy,68,68.43,57,4,13,True,2026-08-24 19:16:19.347056,memory,0.308,68.41,easy
U057,pattern_recall,hard,50,67.75,54,5,15,True,2026-06-12 19:16:19.347137,attention,0.333,60.44,hard
U057,memory_match,easy,76,74.78,23,3,12,True,2026-08-03 04:16:19.347225,memory,0.25,75.31,easy
U057,routine_order,easy,90,94.93,48,1,10,False,2026-07-26 11:16:19.347317,sequencing,0.1,91.97,medium
U057,routine_order,medium,80,70.41,36,2,8,True,2026-07-11 07:16:19.347402,sequencing,0.25,75.16,medium
U057,pattern_recall,hard,80,83.11,66,2,9,True,2026-07-25 15:16:19.347489,attention,0.222,80.8,hard
U057,routine_order,medium,90,90.91,47,1,14,False,2026-06-28 16:16:19.347570,sequencing,0.071,90.94,hard
U057,pattern_recall,medium,90,80.32,61,1,6,True,2026-09-02 13:16:19.347651,attention,0.167,84.79,hard
U057,memory_match,medium,84,86.31,19,2,12,True,2026-08-26 20:16:19.347729,memory,0.167,84.78,hard
U057,pattern_recall,medium,80,82.21,24,2,14,True,2026-06-20 10:16:19.347806,attention,0.143,82.02,hard
U057,pattern_recall,hard,90,75.6,79,1,5,True,2026-08-09 10:16:19.347882,attention,0.2,82.24,hard
U057,memory_match,hard,92,83.24,87,1,8,True,2026-07-23 18:16:19.347959,memory,0.125,87.6,hard
U057,pattern_recall,easy,90,78.87,29,1,5,True,2026-06-21 21:16:19.348033,attention,0.2,83.55,medium
U057,memory_match,medium,68,66.66,49,4,13,True,2026-08-08 03:16:19.348111,memory,0.308,67.7,medium
U057,memory_match,medium,92,88.62,70,1,12,True,2026-07-08 00:16:19.348187,memory,0.083,90.59,hard
U057,memory_match,easy,92,82.58,16,1,8,True,2026-09-03 12:16:19.348264,memory,0.125,87.33,medium
U057,routine_order,medium,50,67.84,51,5,14,True,2026-07-21 04:16:19.348356,sequencing,0.357,60.0,medium
U057,pattern_recall,hard,70,66.82,70,3,9,True,2026-07-24 05:16:19.348430,attention,0.333,68.07,hard
U057,routine_order,hard,70,69.88,63,3,11,True,2026-07-11 17:16:19.348504,sequencing,0.273,70.49,hard
U057,routine_order,easy,100,92.15,30,0,5,True,2026-07-25 15:16:19.348577,sequencing,0.0,96.86,medium
U058,routine_order,medium,80,83.24,72,2,12,True,2026-08-28 07:16:19.348656,sequencing,0.167,81.96,hard
U058,memory_match,medium,68,68.55,48,4,14,True,2026-08-09 22:16:19.348767,memory,0.286,68.9,medium
U058,memory_match,easy,76,78.07,51,3,13,True,2026-06-25 09:16:19.348863,memory,0.231,77.01,easy
U058,memory_match,medium,92,78.08,47,1,6,True,2026-09-05 13:16:19.348944,memory,0.167,84.69,hard
U058,memory_match,hard,76,64.36,80,3,8,True,2026-06-16 23:16:19.349021,memory,0.375,68.64,hard
U058,routine_order,easy,80,69.21,31,2,6,True,2026-07-09 19:16:19.349096,sequencing,0.333,73.02,easy
U058,routine_order,hard,30,49.43,54,7,13,True,2026-08-12 02:16:19.349176,sequencing,0.538,41.01,medium
U058,memory_match,easy,68,65.93,52,4,11,True,2026-07-03 14:16:19.349252,memory,0.364,66.29,easy
U058,routine_order,hard,70,65.18,79,3,10,True,2026-06-18 16:16:19.349330,sequencing,0.3,68.07,hard
U058,routine_order,easy,80,80.58,38,2,12,True,2026-07-03 04:16:19.349410,sequencing,0.167,80.89,medium
U058,memory_match,hard,92,73.37,66,1,5,True,2026-08-18 12:16:19.349492,memory,0.2,82.15,hard
U058,memory_match,medium,84,74.51,57,2,6,True,2026-06-27 17:16:19.349573,memory,0.333,76.74,medium
U058,routine_order,medium,70,81.12,69,3,15,True,2026-08-10 22:16:19.349647,sequencing,0.2,76.45,medium
U058,pattern_recall,easy,90,84.31,33,1,7,True,2026-06-15 21:16:19.349723,attention,0.143,86.86,medium
U058,routine_order,medium,60,70.79,75,4,15,True,2026-09-07 09:16:19.349795,sequencing,0.267,66.98,medium
U058,routine_order,easy,90,80.01,26,1,6,True,2026-07-10 13:16:19.349869,sequencing,0.167,84.66,medium
U058,memory_match,medium,100,90.78,51,0,5,True,2026-08-14 17:16:19.349946,memory,0.0,96.31,hard
U058,pattern_recall,medium,80,70.64,42,2,7,True,2026-07-21 06:16:19.350018,attention,0.286,74.54,medium
U058,pattern_recall,hard,80,64.96,80,2,6,True,2026-06-16 04:16:19.350092,attention,0.333,71.32,hard
U058,routine_order,hard,80,77.27,69,2,8,True,2026-06-29 10:16:19.350165,sequencing,0.25,77.91,hard
U058,pattern_recall,medium,90,90.36,76,1,6,True,2026-06-19 22:16:19.350238,attention,0.167,88.8,hard
U058,memory_match,easy,92,94.54,61,1,13,True,2026-07-21 02:16:19.350317,memory,0.077,93.08,medium
U058,pattern_recall,hard,80,75.22,75,2,9,True,2026-06-28 06:16:19.350392,attention,0.222,77.65,hard
U058,pattern_recall,hard,80,60.69,66,2,6,False,2026-09-02 21:16:19.350466,attention,0.333,69.62,hard
U058,routine_order,hard,90,73.52,77,1,5,True,2026-07-30 22:16:19.350539,sequencing,0.2,81.41,hard
U058,pattern_recall,hard,70,70.77,74,3,10,False,2026-07-27 13:16:19.350612,attention,0.3,70.31,hard
U058,routine_order,medium,80,83.71,59,2,10,True,2026-08-20 22:16:19.350688,sequencing,0.2,81.48,hard
U058,routine_order,hard,60,74.56,67,4,15,False,2026-07-18 23:16:19.350794,sequencing,0.267,68.48,hard
U058,pattern_recall,medium,80,62.51,63,2,6,True,2026-08-03 12:16:19.350875,attention,0.333,70.34,medium
U058,routine_order,medium,60,68.73,53,4,14,False,2026-06-20 02:16:19.350960,sequencing,0.286,65.77,medium
U059,memory_match,easy,92,73.02,33,1,5,True,2026-06-29 17:16:19.351042,memory,0.2,82.01,medium
U059,memory_match,easy,92,79.13,43,1,6,True,2026-06-20 01:16:19.351119,memory,0.167,85.11,medium
U059,pattern_recall,medium,90,91.66,33,1,7,True,2026-07-26 19:16:19.351194,attention,0.143,89.8,hard
U059,memory_match,medium,84,80.35,69,2,10,True,2026-07-15 23:16:19.351269,memory,0.2,81.74,hard
U059,memory_match,medium,68,73.96,35,4,14,True,2026-07-17 22:16:19.351343,memory,0.286,71.06,medium
U059,routine_order,easy,80,86.24,47,2,14,True,2026-07-05 04:16:19.351418,sequencing,0.143,83.64,medium
U059,memory_match,easy,92,95.97,41,1,13,True,2026-07-01 17:16:19.351497,memory,0.077,93.65,medium
U059,memory_match,medium,60,60.08,60,5,12,True,2026-08-10 18:16:19.351570,memory,0.417,59.69,easy
U059,memory_match,medium,84,77.03,56,2,9,True,2026-06-21 00:16:19.351643,memory,0.222,79.97,medium
U059,routine_order,easy,90,92.34,46,1,11,True,2026-09-07 04:16:19.351716,sequencing,0.091,91.12,medium
U059,routine_order,easy,60,74.14,35,4,14,True,2026-09-09 17:16:19.351789,sequencing,0.286,67.94,easy
U059,pattern_recall,hard,80,83.97,69,2,12,True,2026-08-01 06:16:19.351864,attention,0.167,82.25,hard
U059,memory_match,medium,84,64.66,42,2,7,True,2026-07-18 12:16:19.351936,memory,0.286,73.74,medium
U059,pattern_recall,medium,70,74.04,58,3,12,True,2026-09-03 19:16:19.352011,attention,0.25,72.62,medium
U059,pattern_recall,easy,70,76.53,35,3,11,True,2026-07-09 20:16:19.352084,attention,0.273,73.15,easy
U059,memory_match,easy,92,86.93,53,1,5,True,2026-07-18 09:16:19.352157,memory,0.2,87.57,medium
U059,routine_order,hard,80,83.52,64,2,11,True,2026-06-26 22:16:19.352234,sequencing,0.182,81.77,hard
U059,memory_match,medium,92,89.86,31,1,12,True,2026-08-15 14:16:19.352308,memory,0.083,91.08,hard
U059,memory_match,hard,60,58.97,85,5,12,True,2026-06-30 23:16:19.352382,memory,0.417,59.25,medium
U059,memory_match,hard,84,70.6,76,2,6,False,2026-08-05 03:16:19.352455,memory,0.333,75.18,hard
U059,pattern_recall,hard,70,73.59,54,3,10,True,2026-06-28 02:16:19.352529,attention,0.3,71.44,hard
U059,pattern_recall,medium,90,81.85,46,1,5,True,2026-08-22 11:16:19.352603,attention,0.2,84.74,hard
U059,memory_match,hard,44,51.45,82,7,15,True,2026-07-28 21:16:19.352676,memory,0.467,48.84,medium
U059,routine_order,easy,100,100.0,25,0,14,True,2026-09-03 01:16:19.352777,sequencing,0.0,100.0,medium
U059,pattern_recall,medium,70,70.26,23,3,9,True,2026-07-11 13:16:19.352856,attention,0.333,69.44,medium
U059,memory_match,hard,76,68.35,75,3,9,True,2026-06-30 00:16:19.352932,memory,0.333,71.08,hard
U059,pattern_recall,hard,80,73.55,55,2,8,True,2026-07-18 11:16:19.353010,attention,0.25,76.42,hard
U059,memory_match,hard,76,78.07,76,3,12,True,2026-08-02 04:16:19.353083,memory,0.25,76.63,hard
U059,routine_order,easy,80,72.23,49,2,7,True,2026-07-13 05:16:19.353155,sequencing,0.286,75.17,easy
U059,memory_match,hard,92,74.57,57,1,5,True,2026-07-15 13:16:19.353228,memory,0.2,82.63,hard
U060,pattern_recall,hard,40,44.14,69,6,10,True,2026-09-02 12:16:19.353308,attention,0.6,41.66,medium
U060,memory_match,hard,84,68.95,60,2,6,True,2026-07-09 15:16:19.353386,memory,0.333,74.52,hard
U060,routine_order,easy,60,72.9,38,4,13,True,2026-07-10 03:16:19.353459,sequencing,0.308,67.0,easy
U060,routine_order,medium,80,86.33,51,2,11,True,2026-08-26 17:16:19.353535,sequencing,0.182,82.89,hard
U060,pattern_recall,easy,90,88.61,44,1,5,True,2026-07-29 06:16:19.353608,attention,0.2,87.44,medium
U060,memory_match,medium,76,78.32,52,3,12,True,2026-08-27 21:16:19.353681,memory,0.25,76.73,medium
U060,memory_match,easy,84,60.28,44,2,6,True,2026-06-23 04:16:19.353758,memory,0.333,71.05,easy
U060,routine_order,medium,80,74.32,54,2,6,True,2026-07-29 21:16:19.353832,sequencing,0.333,75.07,medium
U060,memory_match,easy,92,89.59,58,1,9,True,2026-07-08 17:16:19.353905,memory,0.111,90.42,medium
U060,memory_match,medium,100,100.0,38,0,14,True,2026-08-16 23:16:19.354478,memory,0.0,100.0,hard
U060,routine_order,medium,70,75.82,42,3,13,True,2026-07-25 08:16:19.354708,sequencing,0.231,73.71,medium
U060,pattern_recall,medium,80,83.64,44,2,14,True,2026-08-28 06:16:19.354826,attention,0.143,82.6,hard
U060,routine_order,easy,90,85.04,32,1,9,True,2026-07-22 03:16:19.354922,sequencing,0.111,87.8,medium
U060,pattern_recall,hard,100,93.9,56,0,6,True,2026-08-21 19:16:19.355009,attention,0.0,97.56,hard
U060,pattern_recall,easy,70,60.14,23,3,7,False,2026-09-04 23:16:19.355096,attention,0.429,63.48,easy
U060,routine_order,medium,60,73.53,67,4,14,True,2026-06-19 16:16:19.355176,sequencing,0.286,67.69,medium
U060,routine_order,easy,90,78.76,28,1,6,True,2026-09-06 22:16:19.355272,sequencing,0.167,84.16,medium
U060,memory_match,hard,76,54.85,61,3,6,True,2026-08-23 07:16:19.355363,memory,0.5,62.34,hard
U060,pattern_recall,hard,70,64.17,54,3,7,True,2026-07-03 21:16:19.355455,attention,0.429,65.09,hard
U060,routine_order,medium,70,68.42,45,3,11,True,2026-08-16 03:16:19.355570,sequencing,0.273,69.91,medium
U060,memory_match,easy,84,85.49,51,2,15,True,2026-06-26 07:16:19.355711,memory,0.133,85.14,medium
U060,memory_match,hard,68,72.38,72,4,15,False,2026-07-27 04:16:19.355835,memory,0.267,70.81,hard
U060,pattern_recall,hard,80,83.58,71,2,11,True,2026-07-22 02:16:19.355928,attention,0.182,81.79,hard
U060,routine_order,hard,70,63.19,72,3,7,True,2026-08-23 11:16:19.356017,sequencing,0.429,64.7,hard
U060,routine_order,hard,50,63.87,64,5,13,True,2026-06-22 10:16:19.356106,sequencing,0.385,57.85,medium
U060,memory_match,easy,100,97.52,46,0,8,True,2026-07-17 18:16:19.356194,memory,0.0,99.01,medium
U060,pattern_recall,medium,50,62.4,61,5,14,True,2026-07-03 10:16:19.356528,attention,0.357,57.82,easy
U060,routine_order,hard,70,57.83,70,3,7,True,2026-06-18 08:16:19.356668,sequencing,0.429,62.55,hard
U060,pattern_recall,medium,80,88.08,72,2,15,True,2026-06-19 21:16:19.356759,attention,0.133,84.57,hard
U060,pattern_recall,easy,100,100.0,24,0,7,True,2026-07-20 01:16:19.356839,attention,0.0,100.0,medium
U061,memory_match,easy,76,74.7,38,3,13,True,2026-09-02 15:16:19.356925,memory,0.231,75.66,easy
U061,routine_order,hard,50,64.91,57,5,15,True,2026-08-15 02:16:19.357003,sequencing,0.333,59.3,medium
U061,routine_order,easy,90,82.88,26,1,8,True,2026-07-03 15:16:19.357079,sequencing,0.125,86.65,medium
U061,pattern_recall,hard,60,69.6,71,4,12,True,2026-08-10 05:16:19.357154,attention,0.333,65.18,hard
U061,pattern_recall,medium,100,94.47,25,0,5,True,2026-09-07 17:16:19.357230,attention,0.0,97.79,hard
U061,pattern_recall,easy,100,100.0,23,0,5,True,2026-08-19 03:16:19.357304,attention,0.0,100.0,medium
U061,routine_order,hard,90,77.9,82,1,5,True,2026-07-07 03:16:19.357382,sequencing,0.2,83.16,hard
U061,memory_match,hard,76,72.81,78,3,10,True,2026-08-20 23:16:19.357456,memory,0.3,73.52,hard
U061,routine_order,medium,100,100.0,44,0,9,True,2026-06-30 13:16:19.357531,sequencing,0.0,100.0,hard
U061,routine_order,easy,80,80.01,32,2,9,True,2026-08-15 23:16:19.357609,sequencing,0.222,79.56,easy
U061,routine_order,easy,90,79.21,53,1,6,True,2026-07-11 09:16:19.357693,sequencing,0.167,84.34,medium
U061,memory_match,easy,84,73.27,31,2,6,True,2026-07-08 15:16:19.357783,memory,0.333,76.25,easy
U061,pattern_recall,easy,80,68.48,35,2,6,True,2026-08-02 15:16:19.357881,attention,0.333,72.73,easy
U061,memory_match,hard,36,49.02,62,8,15,True,2026-06-21 02:16:19.357994,memory,0.533,43.35,medium
U061,pattern_recall,hard,80,63.03,71,2,6,True,2026-07-01 23:16:19.358117,attention,0.333,70.55,hard
U061,pattern_recall,easy,90,80.16,28,1,7,True,2026-07-01 08:16:19.358207,attention,0.143,85.2,medium
U061,memory_match,medium,84,85.23,50,2,15,True,2026-08-26 11:16:19.358294,memory,0.133,85.03,hard
U061,routine_order,medium,70,78.11,71,3,13,True,2026-06-29 08:16:19.358376,sequencing,0.231,74.62,medium
U061,pattern_recall,easy,80,84.63,21,2,15,True,2026-08-08 13:16:19.358470,attention,0.133,83.19,medium
U061,pattern_recall,medium,90,83.71,60,1,7,True,2026-07-13 09:16:19.358593,attention,0.143,86.62,hard
U061,pattern_recall,hard,60,73.81,58,4,14,True,2026-07-21 06:16:19.358675,attention,0.286,67.8,hard
U061,routine_order,medium,80,80.71,63,2,9,True,2026-07-15 20:16:19.358753,sequencing,0.222,79.84,medium
U061,memory_match,hard,60,66.08,65,5,14,True,2026-06-26 23:16:19.358833,memory,0.357,63.29,hard
U061,routine_order,hard,70,57.96,75,3,7,True,2026-07-06 08:16:19.358917,sequencing,0.429,62.6,hard
U061,memory_match,hard,84,69.61,65,2,5,True,2026-08-24 09:16:19.358994,memory,0.4,73.44,hard
U061,pattern_recall,medium,80,79.16,46,2,10,True,2026-06-23 08:16:19.359069,attention,0.2,79.66,medium
U061,memory_match,hard,92,70.58,65,1,5,True,2026-08-27 15:16:19.359149,memory,0.2,81.03,hard
U061,pattern_recall,easy,90,88.59,23,1,9,True,2026-07-19 23:16:19.359224,attention,0.111,89.22,medium
U061,routine_order,easy,60,76.25,29,4,15,True,2026-07-13 20:16:19.359299,sequencing,0.267,69.16,easy
U061,memory_match,medium,84,71.13,23,2,6,True,2026-07-03 00:16:19.359374,memory,0.333,75.39,medium
U062,routine_order,easy,90,84.52,32,1,5,True,2026-08-27 04:16:19.359455,sequencing,0.2,85.81,medium
U062,pattern_recall,medium,70,68.42,43,3,9,True,2026-09-03 22:16:19.359531,attention,0.333,68.71,medium
U062,memory_match,hard,52,60.57,81,6,15,True,2026-09-07 22:16:19.359606,memory,0.4,57.03,medium
U062,memory_match,easy,92,93.42,44,1,10,True,2026-06-14 17:16:19.359680,memory,0.1,92.17,medium
U062,routine_order,medium,100,93.47,48,0,6,True,2026-08-05 06:16:19.359756,sequencing,0.0,97.39,hard
U062,memory_match,easy,84,84.69,36,2,10,True,2026-08-18 07:16:19.359829,memory,0.2,83.48,medium
U062,memory_match,medium,84,83.46,52,2,14,True,2026-07-20 17:16:19.359908,memory,0.143,84.12,hard
U062,routine_order,medium,70,66.48,44,3,10,True,2026-07-28 03:16:19.359984,sequencing,0.3,68.59,medium
U062,routine_order,hard,60,70.5,71,4,14,True,2026-06-19 14:16:19.360097,sequencing,0.286,66.48,hard
U062,routine_order,hard,80,51.68,65,2,5,True,2026-08-10 05:16:19.360182,sequencing,0.4,64.67,hard
U062,pattern_recall,easy,100,90.93,48,0,5,True,2026-07-09 17:16:19.360259,attention,0.0,96.37,medium
U062,routine_order,medium,70,82.03,65,3,15,True,2026-08-23 01:16:19.360336,sequencing,0.2,76.81,medium
U062,memory_match,easy,60,60.23,41,5,12,True,2026-09-02 02:16:19.360410,memory,0.417,59.75,easy
U062,memory_match,hard,76,81.83,71,3,15,True,2026-06-29 22:16:19.360484,memory,0.2,79.13,hard
U062,memory_match,medium,84,77.31,56,2,9,True,2026-06-26 06:16:19.360558,memory,0.222,80.08,hard
U062,routine_order,medium,90,83.53,41,1,6,True,2026-06-23 14:16:19.360634,sequencing,0.167,86.07,hard
U062,pattern_recall,easy,90,82.57,27,1,6,False,2026-08-22 06:16:19.360712,attention,0.167,85.69,medium
U062,routine_order,easy,70,72.27,36,3,10,True,2026-07-22 22:16:19.360786,sequencing,0.3,70.91,easy
U062,routine_order,hard,50,56.8,55,5,11,True,2026-06-27 23:16:19.360864,sequencing,0.455,53.62,medium
U062,memory_match,hard,84,83.55,93,2,13,True,2026-06-30 01:16:19.360938,memory,0.154,83.94,hard
U062,memory_match,easy,92,84.99,49,1,7,True,2026-09-04 08:16:19.361012,memory,0.143,87.94,medium
U062,memory_match,hard,84,82.45,81,2,9,True,2026-08-18 11:16:19.361086,memory,0.222,82.14,hard
U062,pattern_recall,hard,70,75.91,48,3,11,True,2026-07-22 01:16:19.361159,attention,0.273,72.9,hard
U062,routine_order,easy,70,75.01,23,3,13,True,2026-07-28 08:16:19.361232,sequencing,0.231,73.38,easy
U062,memory_match,hard,52,54.1,72,6,12,True,2026-07-02 17:16:19.361307,memory,0.5,52.44,medium
U062,memory_match,easy,100,100.0,27,0,12,True,2026-08-18 03:16:19.361381,memory,0.0,100.0,medium
U062,pattern_recall,easy,90,89.13,35,1,9,True,2026-07-26 21:16:19.361457,attention,0.111,89.43,medium
U062,routine_order,hard,80,85.22,64,2,11,True,2026-09-09 14:16:19.361529,sequencing,0.182,82.45,hard
U062,pattern_recall,easy,80,79.42,47,2,10,True,2026-08-20 19:16:19.361604,attention,0.2,79.77,easy
U062,routine_order,easy,80,76.9,42,2,8,True,2026-08-16 08:16:19.361679,sequencing,0.25,77.76,easy
U063,pattern_recall,hard,50,64.64,70,5,14,True,2026-08-27 20:16:19.361757,attention,0.357,58.72,medium
U063,memory_match,easy,92,86.59,39,1,8,False,2026-07-14 14:16:19.361829,memory,0.125,88.94,medium
U063,routine_order,medium,80,82.88,57,2,12,True,2026-07-14 01:16:19.361901,sequencing,0.167,81.81,hard
U063,routine_order,hard,70,60.5,78,3,7,True,2026-08-28 11:16:19.361973,sequencing,0.429,63.62,hard
U063,memory_match,easy,100,95.02,40,0,10,True,2026-07-08 18:16:19.362074,memory,0.0,98.01,medium
U063,pattern_recall,hard,70,74.4,93,3,10,True,2026-06-20 21:16:19.362153,attention,0.3,71.76,hard
U063,routine_order,easy,70,73.55,45,3,10,True,2026-09-01 16:16:19.362265,sequencing,0.3,71.42,easy
U063,memory_match,hard,76,45.44,89,3,5,True,2026-06-27 03:16:19.362370,memory,0.6,56.58,medium
U063,memory_match,medium,92,74.43,64,1,5,True,2026-06-20 17:16:19.362494,memory,0.2,82.57,hard
U063,pattern_recall,medium,60,58.25,59,4,10,True,2026-07-12 16:16:19.362578,attention,0.4,59.3,easy
U063,routine_order,easy,90,93.68,27,1,8,True,2026-06-12 02:16:19.362659,sequencing,0.125,90.97,medium
U063,pattern_recall,hard,80,80.33,95,2,12,True,2026-06-20 23:16:19.362736,attention,0.167,80.79,hard
U063,memory_match,easy,92,86.82,19,1,8,True,2026-07-25 21:16:19.362814,memory,0.125,89.03,medium
U063,pattern_recall,medium,60,66.21,60,4,11,True,2026-08-22 08:16:19.362894,attention,0.364,63.2,medium
U063,pattern_recall,easy,80,72.41,30,2,8,True,2026-07-12 20:16:19.362970,attention,0.25,75.96,easy
U063,memory_match,easy,92,83.45,30,1,7,True,2026-07-06 03:16:19.363045,memory,0.143,87.32,medium
U063,pattern_recall,easy,90,92.41,46,1,14,True,2026-08-06 04:16:19.363125,attention,0.071,91.54,medium
U063,routine_order,easy,70,79.9,28,3,14,True,2026-08-17 22:16:19.363200,sequencing,0.214,75.68,easy
U063,pattern_recall,easy,60,71.53,39,4,14,False,2026-07-17 16:16:19.363273,attention,0.286,66.89,easy
U063,pattern_recall,hard,80,69.87,61,2,5,True,2026-07-20 05:16:19.363348,attention,0.4,71.95,hard
U063,routine_order,medium,90,84.07,48,1,9,True,2026-06-12 15:16:19.363420,sequencing,0.111,87.41,hard
U063,pattern_recall,medium,90,94.68,38,1,10,True,2026-06-15 10:16:19.363492,attention,0.1,91.87,hard
U063,routine_order,hard,40,61.04,52,6,15,True,2026-06-15 07:16:19.363565,sequencing,0.4,52.42,medium
U063,memory_match,hard,84,63.25,81,2,5,True,2026-08-31 01:16:19.363638,memory,0.4,70.9,hard
U063,pattern_recall,hard,70,67.28,68,3,8,True,2026-07-15 07:16:19.363710,attention,0.375,67.41,hard
U063,pattern_recall,hard,60,71.14,53,4,14,True,2026-07-06 13:16:19.363784,attention,0.286,66.74,hard
U063,memory_match,medium,76,52.09,65,3,7,True,2026-07-14 23:16:19.363860,memory,0.429,62.66,medium
U063,pattern_recall,easy,90,93.83,60,1,9,True,2026-08-03 01:16:19.363933,attention,0.111,91.31,medium
U063,memory_match,easy,92,79.81,33,1,5,True,2026-08-03 09:16:19.364019,memory,0.2,84.72,medium
U063,routine_order,medium,70,72.78,63,3,10,True,2026-08-25 03:16:19.364114,sequencing,0.3,71.11,medium
U064,routine_order,medium,90,81.68,42,1,5,True,2026-08-03 22:16:19.364197,sequencing,0.2,84.67,hard
U064,routine_order,medium,80,79.41,31,2,10,True,2026-07-17 09:16:19.364274,sequencing,0.2,79.76,medium
U064,memory_match,medium,84,82.22,45,2,14,True,2026-08-07 03:16:19.364350,memory,0.143,83.63,hard
U064,memory_match,hard,52,58.57,79,6,14,True,2026-08-31 14:16:19.364425,memory,0.429,55.65,medium
U064,routine_order,easy,100,100.0,27,0,6,True,2026-09-04 02:16:19.364500,sequencing,0.0,100.0,medium
U064,pattern_recall,medium,90,81.87,52,1,5,True,2026-07-22 11:16:19.364599,attention,0.2,84.75,hard
U064,routine_order,easy,90,81.6,32,1,5,True,2026-09-05 16:16:19.364691,sequencing,0.2,84.64,medium
U064,pattern_recall,easy,80,87.95,21,2,15,True,2026-09-02 15:16:19.364770,attention,0.133,84.52,medium
U064,routine_order,hard,60,59.48,62,4,11,True,2026-07-16 03:16:19.364855,sequencing,0.364,60.51,hard
U064,memory_match,medium,92,88.81,35,1,13,True,2026-09-07 20:16:19.364965,memory,0.077,90.78,hard
U064,routine_order,hard,60,67.23,72,4,12,False,2026-07-24 23:16:19.365056,sequencing,0.333,64.23,hard
U064,routine_order,medium,70,66.47,54,3,10,True,2026-06-25 03:16:19.365132,sequencing,0.3,68.59,medium
U064,memory_match,medium,84,83.35,60,2,12,True,2026-07-07 01:16:19.365208,memory,0.167,83.6,hard
U064,pattern_recall,medium,60,71.41,52,4,13,True,2026-07-17 00:16:19.365282,attention,0.308,66.4,medium
U064,pattern_recall,easy,100,100.0,46,0,10,True,2026-07-11 07:16:19.365356,attention,0.0,100.0,medium
U064,routine_order,medium,90,83.62,76,1,6,True,2026-07-10 19:16:19.365429,sequencing,0.167,86.11,hard
U064,memory_match,easy,100,96.38,45,0,9,True,2026-07-09 23:16:19.365506,memory,0.0,98.55,medium
U064,routine_order,medium,90,75.26,38,1,6,True,2026-07-30 14:16:19.365580,sequencing,0.167,82.76,hard
U064,routine_order,easy,80,82.92,42,2,14,True,2026-07-05 14:16:19.365654,sequencing,0.143,82.31,medium
U064,routine_order,medium,70,75.46,65,3,11,True,2026-08-24 22:16:19.365725,sequencing,0.273,72.72,medium
U064,memory_match,easy,92,91.32,40,1,13,True,2026-07-03 21:16:19.365799,memory,0.077,91.79,medium
U064,routine_order,easy,80,84.17,33,2,12,False,2026-07-05 10:16:19.365872,sequencing,0.167,82.33,medium
U064,routine_order,medium,80,73.91,34,2,6,True,2026-07-06 10:16:19.365946,sequencing,0.333,74.9,medium
U064,routine_order,hard,80,72.88,60,2,9,False,2026-07-16 12:16:19.366034,sequencing,0.222,76.71,hard
U064,pattern_recall,hard,70,43.97,63,3,6,True,2026-07-04 10:16:19.366125,attention,0.5,55.59,medium
U064,memory_match,medium,92,86.96,78,1,6,True,2026-08-23 06:16:19.366203,memory,0.167,88.24,hard
U064,pattern_recall,hard,60,63.98,76,4,10,True,2026-08-04 06:16:19.366281,attention,0.4,61.59,hard
U064,pattern_recall,medium,60,70.88,53,4,15,True,2026-07-13 10:16:19.366356,attention,0.267,67.01,medium
U064,pattern_recall,hard,80,81.64,80,2,11,True,2026-07-08 22:16:19.366436,attention,0.182,81.02,hard
U064,memory_match,hard,84,84.19,73,2,12,True,2026-08-31 11:16:19.366514,memory,0.167,83.94,hard
U065,routine_order,hard,50,56.9,87,5,11,True,2026-07-25 06:16:19.366593,sequencing,0.455,53.66,medium
U065,routine_order,medium,80,80.99,46,2,9,True,2026-08-05 18:16:19.366667,sequencing,0.222,79.96,medium
U065,memory_match,easy,92,85.87,56,1,9,True,2026-07-21 02:16:19.366742,memory,0.111,88.93,medium
U065,routine_order,easy,90,90.61,29,1,8,True,2026-08-31 10:16:19.366816,sequencing,0.125,89.74,medium
U065,pattern_recall,medium,70,68.44,36,3,10,True,2026-06-23 10:16:19.366890,attention,0.3,69.38,medium
U065,memory_match,easy,84,89.62,34,2,15,True,2026-08-19 14:16:19.366968,memory,0.133,86.79,medium
U065,memory_match,hard,60,60.44,78,5,13,True,2026-08-09 15:16:19.367045,memory,0.385,60.48,hard
U065,routine_order,easy,80,83.16,51,2,14,True,2026-08-09 16:16:19.367120,sequencing,0.143,82.4,medium
U065,routine_order,hard,60,66.05,55,4,11,True,2026-08-30 15:16:19.367193,sequencing,0.364,63.14,hard
U065,memory_match,hard,60,60.17,84,5,12,True,2026-08-29 07:16:19.367267,memory,0.417,59.73,medium
U065,memory_match,medium,60,65.19,48,5,13,True,2026-08-17 22:16:19.367340,memory,0.385,62.38,medium
U065,memory_match,easy,92,87.74,28,1,10,True,2026-06-30 07:16:19.367413,memory,0.1,89.9,medium
U065,routine_order,medium,90,79.3,63,1,5,False,2026-07-09 09:16:19.367486,sequencing,0.2,83.72,hard
U065,routine_order,medium,90,83.86,50,1,9,True,2026-07-31 02:16:19.367557,sequencing,0.111,87.32,hard
U065,routine_order,easy,80,84.11,30,2,10,True,2026-08-20 08:16:19.367629,sequencing,0.2,81.64,medium
U065,routine_order,medium,70,77.36,30,3,15,True,2026-07-06 09:16:19.367701,sequencing,0.2,74.94,medium
U065,memory_match,medium,92,91.04,53,1,10,True,2026-06-20 19:16:19.367775,memory,0.1,91.22,hard
U065,routine_order,hard,70,77.52,81,3,13,True,2026-06-30 04:16:19.367848,sequencing,0.231,74.39,hard
U065,memory_match,medium,84,78.66,55,2,11,True,2026-08-22 04:16:19.367919,memory,0.182,81.42,hard
U065,pattern_recall,easy,60,74.6,32,4,14,False,2026-08-11 18:16:19.367992,attention,0.286,68.12,easy
U065,memory_match,medium,68,61.38,33,4,11,True,2026-09-04 05:16:19.368093,memory,0.364,64.47,medium
U065,pattern_recall,hard,50,66.63,74,5,15,True,2026-07-24 00:16:19.368173,attention,0.333,59.99,medium
U065,memory_match,hard,76,66.19,79,3,9,True,2026-06-20 22:16:19.368252,memory,0.333,70.22,hard
U065,routine_order,medium,80,72.79,65,2,7,True,2026-06-28 03:16:19.368345,sequencing,0.286,75.4,medium
U065,memory_match,easy,68,76.28,49,4,15,True,2026-08-24 05:16:19.368420,memory,0.267,72.37,easy
U065,routine_order,medium,80,76.27,51,2,7,True,2026-07-21 12:16:19.368494,sequencing,0.286,76.79,medium
U065,routine_order,hard,80,60.37,72,2,6,False,2026-07-24 03:16:19.368570,sequencing,0.333,69.49,hard
U065,memory_match,hard,92,83.46,65,1,6,True,2026-08-21 21:16:19.368643,memory,0.167,86.84,hard
U065,memory_match,easy,92,94.27,54,1,15,True,2026-08-03 22:16:19.368716,memory,0.067,93.17,medium
U065,memory_match,medium,84,73.13,50,2,9,True,2026-07-06 20:16:19.368788,memory,0.222,78.41,medium
U066,memory_match,hard,76,78.72,72,3,15,False,2026-08-29 11:16:19.368867,memory,0.2,77.89,hard
U066,memory_match,easy,76,71.31,27,3,11,True,2026-07-08 19:16:19.368940,memory,0.273,73.46,easy
U066,pattern_recall,medium,40,54.52,36,6,14,True,2026-08-01 07:16:19.369012,attention,0.429,49.23,easy
U066,routine_order,medium,70,73.18,51,3,12,True,2026-07-09 07:16:19.369084,sequencing,0.25,72.27,medium
U066,pattern_recall,hard,80,84.56,81,2,10,True,2026-06-18 21:16:19.369156,attention,0.2,81.82,hard
U066,pattern_recall,medium,90,76.9,25,1,5,True,2026-08-13 07:16:19.369229,attention,0.2,82.76,hard
U066,memory_match,medium,84,83.79,31,2,12,False,2026-08-12 07:16:19.369304,memory,0.167,83.78,hard
U066,routine_order,hard,60,64.98,76,4,10,True,2026-06-24 13:16:19.369377,sequencing,0.4,61.99,hard
U066,pattern_recall,medium,70,75.46,62,3,11,True,2026-09-02 02:16:19.369448,attention,0.273,72.72,medium
U066,pattern_recall,hard,30,48.49,81,7,13,True,2026-09-08 12:16:19.369519,attention,0.538,40.64,medium
U066,memory_match,medium,84,77.44,65,2,9,True,2026-06-14 07:16:19.369590,memory,0.222,80.14,hard
U066,routine_order,medium,90,75.44,63,1,5,True,2026-06-24 13:16:19.369665,sequencing,0.2,82.18,hard
U066,pattern_recall,hard,80,82.86,70,2,9,True,2026-06-23 08:16:19.369737,attention,0.222,80.7,hard
U066,routine_order,easy,80,82.96,48,2,10,True,2026-07-09 21:16:19.369809,sequencing,0.2,81.18,medium
U066,routine_order,hard,70,65.1,86,3,8,True,2026-09-01 22:16:19.369880,sequencing,0.375,66.54,hard
U066,routine_order,medium,70,66.53,42,3,8,True,2026-06-20 06:16:19.369952,sequencing,0.375,67.11,medium
U066,memory_match,easy,76,79.82,41,3,13,True,2026-07-11 09:16:19.370041,memory,0.231,77.71,easy
U066,routine_order,medium,80,83.85,61,2,10,True,2026-07-25 08:16:19.370132,sequencing,0.2,81.54,hard
U066,pattern_recall,medium,90,88.48,58,1,9,True,2026-07-01 16:16:19.370210,attention,0.111,89.17,hard
U066,pattern_recall,medium,80,68.36,58,2,6,True,2026-09-09 12:16:19.370285,attention,0.333,72.68,medium
U066,pattern_recall,medium,80,58.83,59,2,5,True,2026-08-02 08:16:19.370358,attention,0.4,67.53,medium
U066,memory_match,easy,92,78.15,35,1,5,True,2026-09-04 18:16:19.370432,memory,0.2,84.06,medium
U066,pattern_recall,easy,90,76.82,53,1,5,True,2026-09-07 11:16:19.371118,attention,0.2,82.73,medium
U066,memory_match,hard,60,60.59,55,5,12,True,2026-07-21 06:16:19.371312,memory,0.417,59.9,medium
U066,pattern_recall,hard,50,55.61,59,5,11,True,2026-06-15 18:16:19.371406,attention,0.455,53.14,medium
U066,routine_order,easy,80,72.55,41,2,8,True,2026-07-06 21:16:19.371497,sequencing,0.25,76.02,easy
U066,routine_order,easy,100,99.27,33,0,14,True,2026-07-19 07:16:19.371578,sequencing,0.0,99.71,medium
U066,routine_order,medium,90,79.18,47,1,7,True,2026-06-19 14:16:19.371657,sequencing,0.143,84.81,hard
U066,routine_order,medium,80,75.24,52,2,7,True,2026-07-25 19:16:19.371735,sequencing,0.286,76.38,medium
U066,memory_match,easy,84,85.59,27,2,15,True,2026-08-13 00:16:19.371813,memory,0.133,85.18,medium
U067,pattern_recall,hard,90,73.12,60,1,5,True,2026-07-07 13:16:19.371897,attention,0.2,81.25,hard
U067,routine_order,hard,60,67.61,85,4,13,True,2026-06-26 20:16:19.372221,sequencing,0.308,64.88,hard
U067,routine_order,easy,80,82.23,34,2,11,True,2026-07-14 15:16:19.372460,sequencing,0.182,81.25,medium
U067,memory_match,hard,76,71.48,71,3,9,True,2026-07-31 22:16:19.372614,memory,0.333,72.33,hard
U067,memory_match,hard,100,97.27,100,0,7,True,2026-07-08 23:16:19.372755,memory,0.0,98.91,hard
U067,pattern_recall,hard,80,78.18,85,2,9,True,2026-07-13 11:16:19.372891,attention,0.222,78.83,hard
U067,routine_order,easy,90,78.07,47,1,5,True,2026-07-19 03:16:19.373033,sequencing,0.2,83.23,medium
U067,memory_match,hard,84,82.1,56,2,10,True,2026-07-28 17:16:19.373167,memory,0.2,82.44,hard
U067,routine_order,hard,90,75.94,81,1,5,True,2026-06-28 03:16:19.373306,sequencing,0.2,82.38,hard
U067,pattern_recall,medium,70,83.1,56,3,15,True,2026-08-05 21:16:19.373444,attention,0.2,77.24,medium
U067,memory_match,hard,84,59.32,73,2,6,True,2026-07-28 05:16:19.373579,memory,0.333,70.67,hard
U067,memory_match,easy,92,80.58,57,1,7,True,2026-08-22 15:16:19.373744,memory,0.143,86.17,medium
U067,pattern_recall,hard,70,75.51,90,3,11,True,2026-07-23 20:16:19.373892,attention,0.273,72.74,hard
U067,memory_match,easy,84,77.47,49,2,9,True,2026-08-10 07:16:19.374029,memory,0.222,80.15,medium
U067,pattern_recall,hard,70,81.39,61,3,14,True,2026-07-19 07:16:19.374165,attention,0.214,76.28,hard
U067,routine_order,easy,80,85.25,34,2,13,True,2026-08-03 14:16:19.374301,sequencing,0.154,83.02,medium
U067,routine_order,medium,80,82.56,38,2,13,True,2026-06-20 10:16:19.374436,sequencing,0.154,81.94,hard
U067,routine_order,easy,80,80.11,32,2,9,True,2026-08-28 16:16:19.374557,sequencing,0.222,79.6,easy
U067,pattern_recall,hard,80,72.84,66,2,7,True,2026-08-08 02:16:19.374682,attention,0.286,75.42,hard
U067,routine_order,easy,70,76.75,50,3,13,True,2026-08-18 12:16:19.374804,sequencing,0.231,74.08,easy
U067,memory_match,easy,92,85.67,39,1,5,True,2026-08-26 04:16:19.374953,memory,0.2,87.07,medium
U067,pattern_recall,hard,70,66.1,79,3,8,True,2026-08-15 13:16:19.375066,attention,0.375,66.94,hard
U067,pattern_recall,hard,60,66.68,68,4,12,True,2026-06-30 21:16:19.375143,attention,0.333,64.01,hard
U067,routine_order,easy,90,93.91,41,1,12,True,2026-06-25 20:16:19.375221,sequencing,0.083,91.9,medium
U067,memory_match,medium,84,71.94,36,2,7,True,2026-09-05 05:16:19.375297,memory,0.286,76.66,medium
U067,pattern_recall,easy,100,99.55,28,0,10,True,2026-07-05 05:16:19.375373,attention,0.0,99.82,medium
U067,routine_order,medium,80,78.19,53,2,10,True,2026-09-01 00:16:19.375452,sequencing,0.2,79.28,medium
U067,pattern_recall,hard,70,72.09,66,3,9,True,2026-06-19 04:16:19.375527,attention,0.333,70.18,hard
U067,pattern_recall,medium,100,90.08,35,0,5,True,2026-08-08 13:16:19.375601,attention,0.0,96.03,hard
U067,routine_order,easy,80,85.33,35,2,14,True,2026-09-09 17:16:19.375766,sequencing,0.143,83.27,medium
U068,memory_match,easy,92,91.59,10,1,9,True,2026-07-30 01:16:19.375875,memory,0.111,91.22,medium
U068,routine_order,easy,80,79.47,22,2,10,True,2026-08-18 18:16:19.375960,sequencing,0.2,79.79,easy
U068,pattern_recall,hard,80,57.23,89,2,5,True,2026-08-19 18:16:19.376042,attention,0.4,66.89,hard
U068,pattern_recall,hard,90,89.81,64,1,12,False,2026-07-22 04:16:19.376121,attention,0.083,90.26,hard
U068,routine_order,easy,100,95.45,28,0,10,True,2026-07-19 11:16:19.376197,sequencing,0.0,98.18,medium
U068,routine_order,medium,60,71.19,63,4,13,True,2026-06-19 05:16:19.376273,sequencing,0.308,66.32,medium
U068,pattern_recall,easy,80,78.98,28,2,10,True,2026-07-04 10:16:19.376355,attention,0.2,79.59,easy
U068,memory_match,medium,84,82.87,51,2,12,True,2026-08-01 11:16:19.376458,memory,0.167,83.41,hard
U068,pattern_recall,hard,90,87.81,73,1,12,True,2026-09-08 09:16:19.376537,attention,0.083,89.46,hard
U068,memory_match,medium,84,66.82,37,2,7,True,2026-06-15 18:16:19.376614,memory,0.286,74.61,medium
U068,pattern_recall,hard,60,57.87,76,4,9,True,2026-08-13 02:16:19.376692,attention,0.444,58.27,medium
U068,pattern_recall,medium,70,67.41,36,3,10,True,2026-08-30 17:16:19.376767,attention,0.3,68.96,medium
U068,pattern_recall,easy,80,73.35,53,2,9,True,2026-08-18 19:16:19.376841,attention,0.222,76.9,easy
U068,routine_order,medium,70,62.24,47,3,8,True,2026-08-19 06:16:19.376915,sequencing,0.375,65.4,medium
U068,pattern_recall,medium,90,85.18,40,1,10,True,2026-06-22 17:16:19.376989,attention,0.1,88.07,hard
U068,pattern_recall,hard,80,82.25,58,2,14,True,2026-07-31 12:16:19.377066,attention,0.143,82.04,hard
U068,pattern_recall,medium,60,70.58,52,4,14,True,2026-07-16 04:16:19.377515,attention,0.286,66.51,medium
U068,memory_match,hard,76,57.14,66,3,8,True,2026-06-29 04:16:19.377759,memory,0.375,65.76,hard
U068,routine_order,hard,90,81.18,85,1,5,True,2026-07-16 02:16:19.377856,sequencing,0.2,84.47,hard
U068,pattern_recall,hard,80,68.93,61,2,7,True,2026-07-15 13:16:19.377937,attention,0.286,73.85,hard
U068,memory_match,easy,92,86.94,32,1,11,True,2026-06-29 11:16:19.378015,memory,0.091,89.76,medium
U068,pattern_recall,hard,70,69.66,56,3,9,True,2026-07-15 00:16:19.378090,attention,0.333,69.2,hard
U068,routine_order,medium,70,70.32,24,3,11,True,2026-08-05 23:16:19.378187,sequencing,0.273,70.67,medium
U068,routine_order,easy,90,84.89,22,1,8,True,2026-07-29 20:16:19.378267,sequencing,0.125,87.46,medium
U068,memory_match,medium,84,79.47,31,2,12,True,2026-08-24 11:16:19.378343,memory,0.167,82.05,hard
U068,pattern_recall,medium,90,81.97,56,1,6,True,2026-07-21 10:16:19.378418,attention,0.167,85.45,hard
U068,memory_match,medium,84,83.42,45,2,15,True,2026-09-07 04:16:19.378504,memory,0.133,84.31,hard
U068,memory_match,hard,84,88.02,69,2,15,True,2026-08-06 09:16:19.378583,memory,0.133,86.15,hard
U068,routine_order,hard,70,81.84,104,3,14,True,2026-08-19 17:16:19.378659,sequencing,0.214,76.46,hard
U068,routine_order,easy,90,75.55,43,1,6,True,2026-09-01 04:16:19.378733,sequencing,0.167,82.88,medium
U069,pattern_recall,medium,60,62.48,48,4,10,True,2026-08-06 15:16:19.378814,attention,0.4,60.99,medium
U069,routine_order,medium,50,67.33,56,5,14,False,2026-07-13 23:16:19.378891,sequencing,0.357,59.79,easy
U069,routine_order,hard,50,66.56,76,5,14,True,2026-08-16 16:16:19.378965,sequencing,0.357,59.48,medium
U069,routine_order,hard,90,86.69,74,1,7,True,2026-09-03 10:16:19.379037,sequencing,0.143,87.82,hard
U069,routine_order,easy,90,85.01,12,1,10,True,2026-08-29 16:16:19.379109,sequencing,0.1,88.0,medium
U069,memory_match,easy,84,85.63,58,2,15,True,2026-07-31 06:16:19.379186,memory,0.133,85.19,medium
U069,routine_order,hard,90,79.95,85,1,6,True,2026-06-23 06:16:19.379261,sequencing,0.167,84.64,hard
U069,memory_match,hard,84,77.53,76,2,11,True,2026-08-02 00:16:19.379334,memory,0.182,80.97,hard
U069,pattern_recall,easy,90,92.08,44,1,14,True,2026-07-05 06:16:19.379406,attention,0.071,91.41,medium
U069,pattern_recall,medium,70,76.13,43,3,13,True,2026-08-25 21:16:19.379478,attention,0.231,73.83,medium
U069,routine_order,easy,70,75.67,40,3,12,True,2026-08-10 11:16:19.379552,sequencing,0.25,73.27,easy
U069,memory_match,easy,92,95.37,66,1,12,True,2026-07-10 03:16:19.379626,memory,0.083,93.29,medium
U069,routine_order,medium,80,75.94,45,2,8,True,2026-08-12 19:16:19.379748,sequencing,0.25,77.38,medium
U069,routine_order,hard,60,64.43,81,4,11,True,2026-06-17 11:16:19.379835,sequencing,0.364,62.49,hard
U069,routine_order,hard,60,61.12,57,4,10,True,2026-08-03 22:16:19.379912,sequencing,0.4,60.45,hard
U069,pattern_recall,medium,80,86.99,64,2,14,True,2026-08-07 19:16:19.379989,attention,0.143,83.94,hard
U069,routine_order,easy,70,75.89,31,3,11,True,2026-08-09 12:16:19.380068,sequencing,0.273,72.9,easy
U069,routine_order,easy,90,90.3,16,1,9,True,2026-06-19 14:16:19.380143,sequencing,0.111,89.9,medium
U069,routine_order,easy,90,94.07,40,1,10,True,2026-08-09 20:16:19.380217,sequencing,0.1,91.63,medium
U069,routine_order,easy,80,89.14,39,2,15,True,2026-08-03 10:16:19.380291,sequencing,0.133,85.0,medium
U069,pattern_recall,hard,40,56.93,83,6,13,True,2026-08-22 00:16:19.380364,attention,0.462,49.53,medium
U069,routine_order,easy,80,87.67,32,2,13,True,2026-06-29 06:16:19.380439,sequencing,0.154,83.99,medium
U069,pattern_recall,easy,90,93.62,44,1,8,True,2026-07-01 16:16:19.380512,attention,0.125,90.95,medium
U069,memory_match,easy,92,92.9,36,1,8,True,2026-07-04 11:16:19.380587,memory,0.125,91.46,medium
U069,memory_match,easy,84,87.04,45,2,14,True,2026-07-29 05:16:19.380660,memory,0.143,85.56,medium
U069,memory_match,hard,68,66.27,86,4,13,True,2026-08-18 02:16:19.380735,memory,0.308,67.55,hard
U069,memory_match,hard,68,60.67,71,4,9,False,2026-08-31 16:16:19.380813,memory,0.444,62.59,hard
U069,memory_match,easy,100,100.0,40,0,14,True,2026-07-11 11:16:19.380887,memory,0.0,100.0,medium
U069,memory_match,hard,60,55.47,69,5,12,False,2026-07-18 16:16:19.380961,memory,0.417,57.85,medium
U069,routine_order,hard,50,64.62,71,5,15,True,2026-08-10 12:16:19.381034,sequencing,0.333,59.19,medium
U070,pattern_recall,hard,60,56.22,56,4,8,True,2026-07-30 01:16:19.381112,attention,0.5,56.49,medium
U070,memory_match,hard,76,68.92,82,3,11,True,2026-08-26 06:16:19.381329,memory,0.273,72.51,hard
U070,memory_match,easy,92,89.79,35,1,9,True,2026-09-05 14:16:19.381454,memory,0.111,90.5,medium
U070,pattern_recall,medium,80,69.66,59,2,6,False,2026-06-17 18:16:19.381548,attention,0.333,73.2,medium
U070,routine_order,easy,90,86.77,45,1,10,True,2026-06-19 20:16:19.381641,sequencing,0.1,88.71,medium
U070,pattern_recall,medium,100,96.5,52,0,6,True,2026-08-04 08:16:19.381720,attention,0.0,98.6,hard
U070,memory_match,easy,92,82.22,35,1,8,True,2026-08-04 12:16:19.381805,memory,0.125,87.19,medium
U070,memory_match,easy,84,79.35,39,2,9,True,2026-07-26 07:16:19.381883,memory,0.222,80.9,medium
U070,pattern_recall,medium,80,78.85,46,2,9,True,2026-08-22 19:16:19.381959,attention,0.222,79.1,medium
U070,routine_order,medium,70,71.85,50,3,12,True,2026-09-03 16:16:19.382033,sequencing,0.25,71.74,medium
U070,routine_order,easy,90,90.99,37,1,15,True,2026-07-10 05:16:19.382108,sequencing,0.067,91.06,medium
U070,pattern_recall,medium,70,71.67,45,3,12,False,2026-06-17 01:16:19.382182,attention,0.25,71.67,medium
U070,pattern_recall,easy,70,75.28,17,3,13,True,2026-07-11 20:16:19.382256,attention,0.231,73.49,easy
U070,memory_match,medium,92,87.6,62,1,9,False,2026-07-24 09:16:19.382331,memory,0.111,89.62,hard
U070,routine_order,easy,100,96.36,56,0,13,True,2026-08-04 14:16:19.382404,sequencing,0.0,98.54,medium
U070,memory_match,easy,76,72.09,46,3,10,True,2026-07-26 17:16:19.382477,memory,0.3,73.24,easy
U070,routine_order,easy,80,85.71,38,2,14,True,2026-07-28 01:16:19.382553,sequencing,0.143,83.42,medium
U070,pattern_recall,hard,70,65.74,71,3,9,True,2026-07-14 14:16:19.382626,attention,0.333,67.64,hard
U070,pattern_recall,medium,90,90.24,37,1,13,True,2026-09-04 22:16:19.382698,attention,0.077,90.56,hard
U070,pattern_recall,easy,80,80.84,46,2,10,True,2026-07-09 22:16:19.382776,attention,0.2,80.34,medium
U070,memory_match,hard,60,68.02,52,5,15,True,2026-06-16 19:16:19.382849,memory,0.333,64.55,hard
U070,memory_match,hard,76,60.86,72,3,8,True,2026-06-28 00:16:19.382921,memory,0.375,67.24,hard
U070,routine_order,hard,40,57.6,78,6,15,False,2026-08-17 15:16:19.382997,sequencing,0.4,51.04,medium
U070,routine_order,easy,90,81.47,32,1,5,True,2026-07-08 07:16:19.383070,sequencing,0.2,84.59,medium
U070,routine_order,medium,70,77.82,56,3,12,True,2026-06-27 21:16:19.383143,sequencing,0.25,74.13,medium
U070,memory_match,hard,60,62.32,53,5,12,True,2026-08-12 20:16:19.383216,memory,0.417,60.59,hard
U070,memory_match,hard,84,67.25,57,2,6,True,2026-07-10 14:16:19.383291,memory,0.333,73.84,hard
U070,memory_match,hard,68,60.8,74,4,10,True,2026-06-14 23:16:19.383363,memory,0.4,63.52,hard
U070,memory_match,easy,76,72.82,40,3,11,True,2026-08-27 06:16:19.383436,memory,0.273,74.07,easy
U070,memory_match,medium,76,69.42,33,3,10,True,2026-06-30 02:16:19.383509,memory,0.3,72.17,medium
U071,memory_match,hard,84,80.6,75,2,9,True,2026-06-29 01:16:19.383617,memory,0.222,81.4,hard
U071,routine_order,easy,90,89.9,46,1,8,True,2026-08-25 23:16:19.383697,sequencing,0.125,89.46,medium
U071,pattern_recall,easy,80,78.59,48,2,11,True,2026-06-28 07:16:19.383777,attention,0.182,79.8,easy
U071,routine_order,easy,100,100.0,44,0,6,True,2026-08-13 19:16:19.383857,sequencing,0.0,100.0,medium
U071,memory_match,easy,92,85.77,27,1,8,True,2026-08-02 00:16:19.383934,memory,0.125,88.61,medium
U071,pattern_recall,hard,70,71.05,67,3,11,True,2026-08-19 19:16:19.384010,attention,0.273,70.96,hard
U071,routine_order,medium,90,87.91,46,1,9,True,2026-07-11 19:16:19.384086,sequencing,0.111,88.94,hard
U071,routine_order,hard,60,74.64,56,4,14,True,2026-08-27 14:16:19.384286,sequencing,0.286,68.14,hard
U071,pattern_recall,medium,80,77.13,60,2,8,True,2026-08-15 11:16:19.384388,attention,0.25,77.85,medium
U071,routine_order,medium,60,71.1,49,4,15,True,2026-06-28 21:16:19.384473,sequencing,0.267,67.1,medium
U071,pattern_recall,easy,70,79.56,22,3,14,True,2026-08-16 18:16:19.384551,attention,0.214,75.54,easy
U071,memory_match,medium,100,100.0,68,0,6,True,2026-08-12 14:16:19.384629,memory,0.0,100.0,hard
U071,pattern_recall,easy,80,81.33,35,2,12,True,2026-08-23 17:16:19.384706,attention,0.167,81.19,medium
U071,pattern_recall,medium,80,79.17,61,2,9,True,2026-09-06 11:16:19.384781,attention,0.222,79.23,medium
U071,routine_order,hard,90,90.77,48,1,12,True,2026-08-31 23:16:19.384861,sequencing,0.083,90.65,hard
U071,memory_match,hard,84,83.94,66,2,14,True,2026-08-18 10:16:19.384938,memory,0.143,84.32,hard
U071,routine_order,easy,90,92.19,33,1,11,True,2026-06-24 07:16:19.385019,sequencing,0.091,91.06,medium
U071,routine_order,easy,70,69.6,34,3,9,True,2026-06-28 16:16:19.385095,sequencing,0.333,69.18,easy
U071,pattern_recall,easy,90,76.11,46,1,5,True,2026-09-06 10:16:19.385169,attention,0.2,82.44,medium
U071,pattern_recall,hard,80,54.44,95,2,5,True,2026-06-25 13:16:19.385247,attention,0.4,65.78,hard
U071,memory_match,medium,60,57.93,54,5,13,True,2026-07-09 03:16:19.385322,memory,0.385,59.47,easy
U071,routine_order,medium,70,82.22,45,3,15,False,2026-08-25 00:16:19.385399,sequencing,0.2,76.89,medium
U071,pattern_recall,hard,70,62.51,63,3,7,True,2026-08-13 05:16:19.385475,attention,0.429,64.42,hard
U071,memory_match,easy,92,93.43,29,1,10,False,2026-08-27 12:16:19.385564,memory,0.1,92.17,medium
U071,routine_order,hard,70,74.03,53,3,11,True,2026-08-01 07:16:19.385810,sequencing,0.273,72.15,hard
U071,pattern_recall,hard,60,68.91,52,4,13,True,2026-08-25 02:16:19.386016,attention,0.308,65.4,hard
U071,pattern_recall,easy,70,75.09,32,3,12,True,2026-08-18 23:16:19.386134,attention,0.25,73.04,easy
U071,memory_match,easy,92,84.15,44,1,9,True,2026-06-25 03:16:19.386221,memory,0.111,88.24,medium
U071,pattern_recall,medium,90,91.84,44,1,15,True,2026-09-06 23:16:19.386308,attention,0.067,91.4,hard
U071,routine_order,easy,80,72.37,44,2,9,True,2026-07-18 10:16:19.386393,sequencing,0.222,76.51,easy
U072,memory_match,hard,44,52.39,89,7,15,True,2026-07-08 05:16:19.386484,memory,0.467,49.22,medium
U072,memory_match,easy,92,85.05,47,1,9,True,2026-06-24 16:16:19.386571,memory,0.111,88.6,medium
U072,memory_match,hard,76,64.03,54,3,9,True,2026-08-23 20:16:19.386657,memory,0.333,69.35,hard
U072,pattern_recall,easy,70,75.05,32,3,11,True,2026-08-20 16:16:19.386737,attention,0.273,72.56,easy
U072,memory_match,hard,60,65.7,85,5,14,True,2026-08-16 02:16:19.386819,memory,0.357,63.14,hard
U072,memory_match,hard,84,78.36,68,2,11,True,2026-07-20 14:16:19.386907,memory,0.182,81.3,hard
U072,pattern_recall,easy,90,84.66,25,1,7,True,2026-08-29 13:16:19.386998,attention,0.143,87.0,medium
U072,pattern_recall,medium,80,84.72,52,2,10,True,2026-07-29 00:16:19.387087,attention,0.2,81.89,hard
U072,pattern_recall,medium,80,81.19,14,2,9,True,2026-06-18 08:16:19.387605,attention,0.222,80.04,hard
U072,routine_order,hard,70,66.73,77,3,8,True,2026-07-19 06:16:19.388015,sequencing,0.375,67.19,hard
U072,memory_match,easy,100,100.0,36,0,12,True,2026-09-02 00:16:19.388712,memory,0.0,100.0,medium
U072,pattern_recall,easy,70,77.51,25,3,15,True,2026-08-16 09:16:19.388897,attention,0.2,75.0,easy
U072,pattern_recall,medium,90,79.11,57,1,6,True,2026-08-20 02:16:19.388991,attention,0.167,84.3,hard
U072,routine_order,hard,90,92.15,72,1,11,True,2026-08-05 19:16:19.389078,sequencing,0.091,91.04,hard
U072,routine_order,easy,90,94.4,14,1,12,True,2026-06-19 17:16:19.389160,sequencing,0.083,92.1,medium
U072,pattern_recall,medium,80,79.26,31,2,12,True,2026-08-01 14:16:19.389242,attention,0.167,80.36,hard
U072,memory_match,easy,100,96.34,35,0,5,True,2026-08-20 03:16:19.389350,memory,0.0,98.54,medium
U072,memory_match,hard,52,54.32,70,6,14,True,2026-06-12 10:16:19.389432,memory,0.429,53.95,medium
U072,memory_match,easy,100,95.73,45,0,11,True,2026-07-18 12:16:19.389512,memory,0.0,98.29,medium
U072,memory_match,hard,84,83.24,67,2,9,True,2026-06-30 22:16:19.389588,memory,0.222,82.46,hard
U072,memory_match,easy,100,100.0,20,0,5,True,2026-08-03 02:16:19.389671,memory,0.0,100.0,medium
U072,routine_order,medium,70,65.82,60,3,10,True,2026-08-28 19:16:19.389757,sequencing,0.3,68.33,medium
U072,pattern_recall,hard,60,72.19,90,4,15,True,2026-07-15 22:16:19.389841,attention,0.267,67.54,hard
U072,memory_match,easy,92,84.78,39,1,8,True,2026-08-17 06:16:19.389926,memory,0.125,88.21,medium
U072,routine_order,easy,90,90.98,23,1,12,True,2026-07-07 21:16:19.390012,sequencing,0.083,90.73,medium
U072,pattern_recall,medium,80,87.33,34,2,14,True,2026-09-01 18:16:19.390094,attention,0.143,84.07,hard
U072,memory_match,hard,84,81.32,75,2,12,True,2026-08-08 14:16:19.390186,memory,0.167,82.79,hard
U072,routine_order,hard,80,65.08,70,2,5,True,2026-09-07 01:16:19.390311,sequencing,0.4,70.03,hard
U072,routine_order,easy,80,84.46,26,2,11,True,2026-09-04 00:16:19.390400,sequencing,0.182,82.14,medium
U072,routine_order,easy,100,95.93,33,0,6,True,2026-09-09 17:16:19.390482,sequencing,0.0,98.37,medium
U073,routine_order,hard,80,67.05,66,2,6,True,2026-08-09 10:16:19.390572,sequencing,0.333,72.16,hard
U073,memory_match,medium,60,54.24,47,5,11,True,2026-06-15 02:16:19.390648,memory,0.455,56.6,easy
U073,pattern_recall,hard,80,61.61,59,2,6,True,2026-08-25 14:16:19.390727,attention,0.333,69.98,hard
U073,memory_match,easy,84,81.4,59,2,12,True,2026-06-18 05:16:19.390802,memory,0.167,82.82,medium
U073,pattern_recall,hard,40,51.9,82,6,12,True,2026-09-04 01:16:19.390880,attention,0.5,46.76,medium
U073,pattern_recall,medium,50,65.7,50,5,15,True,2026-09-05 16:16:19.390958,attention,0.333,59.62,easy
U073,pattern_recall,hard,60,72.96,65,4,14,True,2026-07-06 00:16:19.391039,attention,0.286,67.46,hard
U073,memory_match,medium,84,69.53,49,2,5,True,2026-07-26 21:16:19.391118,memory,0.4,73.41,medium
U073,pattern_recall,easy,90,90.1,47,1,14,True,2026-09-01 02:16:19.391191,attention,0.071,90.62,medium
U073,memory_match,medium,92,77.16,43,1,5,True,2026-08-06 16:16:19.391264,memory,0.2,83.66,hard
U073,routine_order,easy,70,72.44,25,3,12,True,2026-09-02 04:16:19.391338,sequencing,0.25,71.98,easy
U073,pattern_recall,hard,40,59.57,59,6,15,True,2026-07-11 11:16:19.391412,attention,0.4,51.83,medium
U073,routine_order,easy,70,74.46,44,3,10,True,2026-08-15 18:16:19.391485,sequencing,0.3,71.78,easy
U073,pattern_recall,easy,90,85.2,17,1,5,True,2026-07-17 02:16:19.391565,attention,0.2,86.08,medium
U073,pattern_recall,easy,100,97.74,10,0,6,True,2026-07-27 04:16:19.391650,attention,0.0,99.1,medium
U073,memory_match,hard,76,72.54,54,3,10,True,2026-08-05 19:16:19.391774,memory,0.3,73.42,hard
U073,routine_order,hard,70,66.77,65,3,9,True,2026-08-04 23:16:19.391859,sequencing,0.333,68.05,hard
U073,memory_match,easy,84,86.76,13,2,14,True,2026-07-06 07:16:19.391937,memory,0.143,85.44,medium
U073,routine_order,hard,70,54.07,71,3,7,False,2026-08-11 12:16:19.392011,sequencing,0.429,61.05,hard
U073,pattern_recall,hard,50,62.37,53,5,12,True,2026-08-05 00:16:19.392090,attention,0.417,56.61,medium
U073,pattern_recall,medium,30,50.32,61,7,15,True,2026-06-29 00:16:19.392165,attention,0.467,42.79,easy
U073,memory_match,hard,60,69.77,81,5,15,True,2026-08-15 02:16:19.392260,memory,0.333,65.25,hard
U073,pattern_recall,medium,60,74.75,46,4,14,True,2026-07-28 14:16:19.392352,attention,0.286,68.18,medium
U073,routine_order,easy,100,95.29,29,0,7,True,2026-07-29 00:16:19.392439,sequencing,0.0,98.12,medium
U073,memory_match,hard,76,67.03,81,3,10,True,2026-06-23 08:16:19.392520,memory,0.3,71.21,hard
U073,pattern_recall,hard,60,74.14,64,4,14,False,2026-07-20 07:16:19.392599,attention,0.286,67.94,hard
U073,routine_order,medium,60,59.59,59,4,9,False,2026-08-26 05:16:19.392680,sequencing,0.444,58.96,easy
U073,memory_match,medium,92,90.86,64,1,8,True,2026-08-31 07:16:19.392758,memory,0.125,90.64,hard
U073,routine_order,easy,80,76.0,28,2,10,True,2026-08-22 17:16:19.392836,sequencing,0.2,78.4,easy
U073,pattern_recall,hard,90,76.33,62,1,5,True,2026-07-17 14:16:19.392911,attention,0.2,82.53,hard
U074,pattern_recall,easy,80,84.02,45,2,14,True,2026-07-10 22:16:19.392991,attention,0.143,82.75,medium
U074,memory_match,medium,84,81.55,50,2,12,True,2026-08-19 01:16:19.393067,memory,0.167,82.88,hard
U074,memory_match,hard,76,64.45,77,3,8,True,2026-07-26 18:16:19.393144,memory,0.375,68.68,hard
U074,memory_match,hard,84,53.47,69,2,5,True,2026-08-21 18:16:19.393223,memory,0.4,66.99,hard
U074,memory_match,medium,84,58.09,41,2,5,True,2026-07-10 12:16:19.393299,memory,0.4,68.84,medium
U074,pattern_recall,easy,90,95.06,24,1,13,True,2026-08-17 12:16:19.393375,attention,0.077,92.48,medium
U074,memory_match,hard,76,57.73,88,3,8,True,2026-08-23 06:16:19.393452,memory,0.375,65.99,hard
U074,pattern_recall,hard,70,48.79,77,3,6,True,2026-08-16 06:16:19.393528,attention,0.5,57.52,medium
U074,memory_match,easy,92,84.29,45,1,6,True,2026-07-05 07:16:19.393602,memory,0.167,87.18,medium
U074,memory_match,hard,52,55.38,55,6,14,True,2026-06-15 19:16:19.393677,memory,0.429,54.37,medium
U074,routine_order,medium,80,84.9,56,2,11,True,2026-07-30 04:16:19.393752,sequencing,0.182,82.32,hard
U074,routine_order,medium,70,68.94,49,3,10,True,2026-07-27 23:16:19.393827,sequencing,0.3,69.58,medium
U074,pattern_recall,medium,60,62.22,52,4,11,True,2026-06-23 00:16:19.393901,attention,0.364,61.61,medium
U074,memory_match,hard,68,67.86,70,4,13,True,2026-06-20 15:16:19.393977,memory,0.308,68.18,hard
U074,pattern_recall,hard,90,73.38,82,1,5,True,2026-07-05 19:16:19.394052,attention,0.2,81.35,hard
U074,routine_order,easy,90,89.42,38,1,13,True,2026-07-23 11:16:19.394130,sequencing,0.077,90.23,medium
U074,pattern_recall,easy,90,88.82,62,1,9,True,2026-08-23 08:16:19.394206,attention,0.111,89.31,medium
U074,memory_match,hard,92,80.73,64,1,7,True,2026-07-17 20:16:19.394308,memory,0.143,86.23,hard
U074,memory_match,medium,76,73.17,55,3,11,True,2026-07-14 16:16:19.394389,memory,0.273,74.21,medium
U074,routine_order,medium,80,78.3,34,2,10,True,2026-09-09 13:16:19.394464,sequencing,0.2,79.32,medium
U074,memory_match,hard,92,80.02,57,1,7,True,2026-08-26 19:16:19.394538,memory,0.143,85.95,hard
U074,pattern_recall,easy,80,81.42,24,2,10,True,2026-07-22 10:16:19.394614,attention,0.2,80.57,medium
U074,routine_order,medium,90,83.44,53,1,5,True,2026-06-15 10:16:19.394688,sequencing,0.2,85.38,hard
U074,memory_match,easy,76,78.1,34,3,15,True,2026-07-16 07:16:19.394762,memory,0.2,77.64,easy
U074,memory_match,medium,84,76.24,51,2,10,True,2026-07-24 14:16:19.394837,memory,0.2,80.1,hard
U074,pattern_recall,medium,70,76.97,53,3,14,True,2026-09-04 16:16:19.394911,attention,0.214,74.51,medium
U074,routine_order,medium,80,82.14,73,2,12,True,2026-07-28 00:16:19.394991,sequencing,0.167,81.52,hard
U074,memory_match,hard,84,82.12,51,2,11,True,2026-08-31 17:16:19.395067,memory,0.182,82.81,hard
U074,routine_order,medium,70,68.52,50,3,8,True,2026-07-13 10:16:19.395143,sequencing,0.375,67.91,medium
U074,memory_match,medium,76,74.88,41,3,11,True,2026-07-06 15:16:19.395217,memory,0.273,74.89,medium
U075,pattern_recall,hard,80,81.98,57,2,13,True,2026-06-13 03:16:19.395293,attention,0.154,81.71,hard
U075,pattern_recall,hard,60,55.24,68,4,9,True,2026-06-21 08:16:19.395367,attention,0.444,57.22,medium
U075,memory_match,medium,84,82.58,48,2,14,True,2026-08-23 11:16:19.395441,memory,0.143,83.77,hard
U075,memory_match,hard,60,55.42,69,5,12,True,2026-07-17 08:16:19.395514,memory,0.417,57.83,medium
U075,memory_match,hard,68,71.84,93,4,14,True,2026-08-05 05:16:19.395586,memory,0.286,70.22,hard
U075,routine_order,easy,90,90.79,46,1,9,True,2026-08-24 19:16:19.395659,sequencing,0.111,90.1,medium
U075,memory_match,medium,84,79.4,72,2,10,True,2026-07-01 11:16:19.395734,memory,0.2,81.36,hard
U075,memory_match,easy,84,78.91,28,2,8,True,2026-09-03 17:16:19.395807,memory,0.25,80.16,medium
U075,pattern_recall,medium,70,60.16,41,3,8,True,2026-08-06 22:16:19.395880,attention,0.375,64.56,medium
U075,memory_match,easy,84,72.28,44,2,6,True,2026-07-14 17:16:19.395953,memory,0.333,75.85,easy
U075,routine_order,easy,100,99.56,30,0,15,True,2026-07-04 00:16:19.396027,sequencing,0.0,99.82,medium
U075,routine_order,easy,70,69.93,37,3,9,True,2026-07-15 01:16:19.396104,sequencing,0.333,69.31,easy
U075,pattern_recall,medium,40,56.79,52,6,15,True,2026-08-03 00:16:19.396177,attention,0.4,50.72,easy
U075,routine_order,easy,100,100.0,27,0,12,True,2026-09-02 04:16:19.396501,sequencing,0.0,100.0,medium
U075,memory_match,medium,60,60.24,50,5,13,True,2026-06-13 10:16:19.396630,memory,0.385,60.4,medium
U075,pattern_recall,hard,50,59.73,62,5,12,True,2026-08-31 00:16:19.396719,attention,0.417,55.55,medium
U075,routine_order,medium,90,92.33,60,1,13,True,2026-06-22 12:16:19.396813,sequencing,0.077,91.39,hard
U075,memory_match,easy,100,100.0,45,0,14,True,2026-08-31 04:16:19.396901,memory,0.0,100.0,medium
U075,pattern_recall,easy,80,85.47,28,2,12,True,2026-07-27 16:16:19.397003,attention,0.167,82.85,medium
U075,memory_match,hard,60,59.97,81,5,13,False,2026-06-20 06:16:19.397079,memory,0.385,60.29,hard
U075,routine_order,hard,60,49.95,49,4,8,True,2026-08-04 07:16:19.397154,sequencing,0.5,53.98,medium
U075,memory_match,hard,84,80.46,52,2,10,True,2026-07-12 19:16:19.397228,memory,0.2,81.78,hard
U075,memory_match,medium,84,73.34,49,2,8,True,2026-06-19 13:16:19.397309,memory,0.25,77.94,medium
U075,memory_match,hard,84,58.03,77,2,5,True,2026-08-02 05:16:19.397384,memory,0.4,68.81,hard
U075,pattern_recall,hard,80,62.37,52,2,5,True,2026-09-02 16:16:19.397459,attention,0.4,68.95,hard
U075,routine_order,hard,60,59.8,80,4,9,False,2026-09-08 23:16:19.397533,sequencing,0.444,59.04,medium
U075,memory_match,easy,92,84.74,23,1,6,True,2026-06-18 07:16:19.397615,memory,0.167,87.36,medium
U075,pattern_recall,easy,90,79.44,37,1,7,True,2026-09-01 01:16:19.397690,attention,0.143,84.92,medium
U075,pattern_recall,easy,60,62.2,41,4,11,True,2026-08-16 09:16:19.397767,attention,0.364,61.6,easy
U075,pattern_recall,medium,90,86.71,43,1,7,True,2026-08-30 17:16:19.397843,attention,0.143,87.82,hard
U076,pattern_recall,hard,80,65.99,65,2,7,True,2026-06-21 20:16:19.397959,attention,0.286,72.68,hard
U076,pattern_recall,medium,80,83.83,30,2,12,True,2026-07-18 00:16:19.398057,attention,0.167,82.19,hard
U076,memory_match,easy,92,78.17,31,1,5,True,2026-07-24 01:16:19.398144,memory,0.2,84.07,medium
U076,pattern_recall,hard,60,68.04,58,4,12,True,2026-06-29 08:16:19.398230,attention,0.333,64.56,hard
U076,memory_match,medium,84,80.68,80,2,8,True,2026-08-07 03:16:19.398317,memory,0.25,80.87,hard
U076,pattern_recall,medium,90,88.4,62,1,7,True,2026-07-15 09:16:19.398413,attention,0.143,88.5,hard
U076,routine_order,hard,80,68.7,62,2,5,True,2026-07-26 15:16:19.398541,sequencing,0.4,71.48,hard
U076,pattern_recall,medium,80,78.19,22,2,9,True,2026-07-22 21:16:19.398628,attention,0.222,78.84,medium
U076,memory_match,hard,92,84.9,61,1,8,True,2026-08-26 09:16:19.398709,memory,0.125,88.26,hard
U076,routine_order,easy,90,87.11,32,1,7,True,2026-06-14 06:16:19.398800,sequencing,0.143,87.98,medium
U076,memory_match,hard,60,59.45,52,5,13,True,2026-06-13 19:16:19.398879,memory,0.385,60.08,hard
U076,routine_order,hard,90,72.37,78,1,5,True,2026-08-17 06:16:19.398959,sequencing,0.2,80.95,hard
U076,pattern_recall,medium,80,81.66,36,2,9,True,2026-08-21 01:16:19.399041,attention,0.222,80.22,hard
U076,routine_order,medium,70,75.2,47,3,12,True,2026-09-07 19:16:19.399123,sequencing,0.25,73.08,medium
U076,routine_order,medium,90,77.19,58,1,6,True,2026-06-13 08:16:19.399206,sequencing,0.167,83.54,hard
U076,memory_match,hard,76,62.79,84,3,7,False,2026-09-02 21:16:19.399287,memory,0.429,66.94,hard
U076,routine_order,easy,90,90.49,29,1,7,True,2026-09-08 04:16:19.399368,sequencing,0.143,89.34,medium
U076,memory_match,easy,100,97.27,53,0,13,True,2026-07-10 12:16:19.399448,memory,0.0,98.91,medium
U076,pattern_recall,hard,80,64.82,67,2,6,True,2026-06-22 19:16:19.399525,attention,0.333,71.27,hard
U076,memory_match,easy,100,96.69,47,0,5,True,2026-06-19 07:16:19.399602,memory,0.0,98.68,medium
U076,pattern_recall,easy,90,88.09,40,1,10,True,2026-08-05 01:16:19.399677,attention,0.1,89.24,medium
U076,memory_match,hard,76,64.77,65,3,8,True,2026-07-07 02:16:19.399752,memory,0.375,68.81,hard
U076,routine_order,easy,90,87.79,45,1,5,True,2026-06-25 08:16:19.399826,sequencing,0.2,87.12,medium
U076,routine_order,hard,70,76.01,71,3,12,True,2026-09-07 12:16:19.399953,sequencing,0.25,73.4,hard
U076,pattern_recall,easy,90,83.15,21,1,5,True,2026-08-10 19:16:19.400072,attention,0.2,85.26,medium
U076,pattern_recall,hard,80,65.52,62,2,7,True,2026-07-21 13:16:19.400156,attention,0.286,72.49,hard
U076,pattern_recall,easy,90,77.2,36,1,6,True,2026-09-04 09:16:19.400239,attention,0.167,83.54,medium
U076,pattern_recall,medium,60,64.64,48,4,10,True,2026-09-02 13:16:19.400316,attention,0.4,61.86,medium
U076,pattern_recall,easy,100,93.65,38,0,7,True,2026-07-07 03:16:19.400393,attention,0.0,97.46,medium
U076,memory_match,medium,84,83.4,38,2,15,True,2026-08-08 18:16:19.400470,memory,0.133,84.3,hard
U077,routine_order,hard,80,80.73,70,2,9,True,2026-07-18 23:16:19.400555,sequencing,0.222,79.85,hard
U077,pattern_recall,medium,70,77.85,37,3,13,True,2026-08-15 05:16:19.400636,attention,0.231,74.52,medium
U077,pattern_recall,medium,80,63.47,58,2,5,False,2026-06-18 02:16:19.400712,attention,0.4,69.39,medium
U077,memory_match,hard,68,65.84,84,4,11,True,2026-07-11 19:16:19.400791,memory,0.364,66.26,hard
U077,memory_match,medium,84,72.65,32,2,9,True,2026-08-16 13:16:19.400868,memory,0.222,78.22,medium
U077,routine_order,hard,60,68.45,48,4,14,True,2026-06-29 22:16:19.400945,sequencing,0.286,65.66,hard
U077,pattern_recall,easy,100,95.98,11,0,6,True,2026-08-25 02:16:19.401025,attention,0.0,98.39,medium
U077,memory_match,hard,68,64.71,62,4,10,True,2026-08-03 01:16:19.401099,memory,0.4,65.08,hard
U077,memory_match,medium,68,72.72,42,4,13,True,2026-08-15 01:16:19.401174,memory,0.308,70.13,medium
U077,pattern_recall,medium,80,71.28,70,2,6,True,2026-08-20 11:16:19.401251,attention,0.333,73.85,medium
U077,memory_match,hard,52,60.1,57,6,15,True,2026-08-25 03:16:19.401327,memory,0.4,56.84,medium
U077,pattern_recall,medium,100,96.06,51,0,9,True,2026-08-04 03:16:19.401413,attention,0.0,98.42,hard
U077,pattern_recall,medium,90,87.53,54,1,5,True,2026-07-23 06:16:19.401503,attention,0.2,87.01,hard
U077,memory_match,easy,68,67.19,42,4,11,True,2026-09-04 09:16:19.401578,memory,0.364,66.8,easy
U077,routine_order,easy,80,89.24,34,2,14,True,2026-08-18 20:16:19.401655,sequencing,0.143,84.84,medium
U077,memory_match,hard,84,71.95,76,2,8,True,2026-07-17 19:16:19.401732,memory,0.25,77.38,hard
U077,routine_order,medium,60,75.51,32,4,15,True,2026-06-19 09:16:19.401810,sequencing,0.267,68.86,medium
U077,memory_match,medium,92,73.29,28,1,5,True,2026-07-11 14:16:19.401883,memory,0.2,82.12,hard
U077,memory_match,medium,92,96.29,49,1,14,True,2026-09-04 20:16:19.401986,memory,0.071,93.9,hard
U077,pattern_recall,medium,90,87.36,60,1,7,True,2026-08-17 01:16:19.402066,attention,0.143,88.08,hard
U077,pattern_recall,hard,70,67.82,61,3,8,True,2026-07-23 21:16:19.402146,attention,0.375,67.63,hard
U077,routine_order,medium,80,59.05,67,2,6,True,2026-07-04 09:16:19.402222,sequencing,0.333,68.96,medium
U077,memory_match,easy,76,74.31,45,3,11,True,2026-08-27 17:16:19.402296,memory,0.273,74.66,easy
U077,memory_match,medium,92,83.32,56,1,7,True,2026-07-12 13:16:19.402371,memory,0.143,87.27,hard
U077,pattern_recall,easy,90,95.68,30,1,14,True,2026-07-11 14:16:19.402446,attention,0.071,92.85,medium
U077,memory_match,medium,92,82.02,31,1,6,True,2026-08-30 11:16:19.402519,memory,0.167,86.27,hard
U077,memory_match,hard,92,89.49,79,1,13,True,2026-07-30 19:16:19.402599,memory,0.077,91.06,hard
U077,memory_match,medium,84,76.42,36,2,10,True,2026-08-09 13:16:19.402676,memory,0.2,80.17,hard
U077,routine_order,hard,60,70.22,83,4,14,True,2026-06-19 10:16:19.402749,sequencing,0.286,66.37,hard
U077,routine_order,hard,70,69.96,56,3,11,True,2026-06-23 15:16:19.402822,sequencing,0.273,70.52,hard
U078,routine_order,easy,90,89.86,23,1,12,True,2026-08-31 04:16:19.402902,sequencing,0.083,90.28,medium
U078,routine_order,medium,60,70.0,36,4,12,True,2026-06-18 03:16:19.402977,sequencing,0.333,65.34,medium
U078,memory_match,easy,76,76.85,22,3,13,True,2026-07-02 20:16:19.403052,memory,0.231,76.52,easy
U078,routine_order,easy,100,92.7,32,0,6,True,2026-08-18 04:16:19.403125,sequencing,0.0,97.08,medium
U078,memory_match,easy,60,58.64,24,5,11,True,2026-08-27 20:16:19.403199,memory,0.455,58.36,easy
U078,memory_match,medium,76,77.18,50,3,14,True,2026-08-03 14:16:19.403272,memory,0.214,76.99,medium
U078,memory_match,hard,92,88.82,91,1,6,True,2026-07-29 04:16:19.403378,memory,0.167,88.99,hard
U078,memory_match,medium,92,91.53,46,1,13,True,2026-07-28 08:16:19.403451,memory,0.077,91.87,hard
U078,pattern_recall,medium,70,81.69,63,3,15,True,2026-06-12 15:16:19.403523,attention,0.2,76.68,medium
U078,memory_match,easy,92,94.44,40,1,14,True,2026-09-04 08:16:19.403596,memory,0.071,93.16,medium
U078,routine_order,medium,80,69.81,43,2,7,True,2026-06-26 01:16:19.403669,sequencing,0.286,74.2,medium
U078,pattern_recall,easy,80,73.75,46,2,6,True,2026-07-25 14:16:19.403741,attention,0.333,74.84,easy
U078,pattern_recall,hard,90,70.9,73,1,5,True,2026-07-07 09:16:19.403814,attention,0.2,80.36,hard
U078,routine_order,hard,70,76.01,79,3,12,False,2026-07-25 15:16:19.404216,sequencing,0.25,73.4,hard
U078,memory_match,medium,84,87.08,37,2,13,True,2026-07-15 17:16:19.404705,memory,0.154,85.35,hard
U078,routine_order,medium,70,68.05,54,3,8,True,2026-06-15 18:16:19.404933,sequencing,0.375,67.72,medium
U078,memory_match,medium,68,64.4,54,4,12,True,2026-08-24 09:16:19.405120,memory,0.333,66.3,medium
U078,pattern_recall,medium,70,73.65,54,3,11,True,2026-08-03 16:16:19.405489,attention,0.273,72.0,medium
U078,pattern_recall,easy,70,75.39,37,3,14,True,2026-08-13 18:16:19.405767,attention,0.214,73.88,easy
U078,routine_order,medium,90,88.21,58,1,10,True,2026-07-20 08:16:19.405895,sequencing,0.1,89.28,hard
U078,memory_match,hard,60,66.72,71,5,15,True,2026-07-30 06:16:19.406345,memory,0.333,64.03,hard
U078,memory_match,medium,68,73.12,53,4,15,True,2026-07-21 14:16:19.406453,memory,0.267,71.11,medium
U078,routine_order,hard,80,79.83,85,2,11,True,2026-08-06 02:16:19.406541,sequencing,0.182,80.29,hard
U078,routine_order,easy,70,73.76,16,3,12,True,2026-08-28 17:16:19.406623,sequencing,0.25,72.5,easy
U078,pattern_recall,medium,70,77.47,40,3,15,True,2026-07-28 20:16:19.406704,attention,0.2,74.99,medium
U078,memory_match,hard,68,55.78,68,4,9,True,2026-06-27 19:16:19.406782,memory,0.444,60.63,hard
U078,routine_order,easy,90,87.44,32,1,9,True,2026-08-29 10:16:19.406860,sequencing,0.111,88.76,medium
U078,memory_match,medium,84,85.01,35,2,13,True,2026-07-21 05:16:19.406938,memory,0.154,84.52,hard
U078,memory_match,hard,92,81.0,53,1,7,True,2026-07-14 07:16:19.407016,memory,0.143,86.34,hard
U078,routine_order,hard,80,82.9,67,2,11,True,2026-07-10 04:16:19.407095,sequencing,0.182,81.52,hard
U079,memory_match,medium,60,63.64,64,5,14,True,2026-07-22 04:16:19.407189,memory,0.357,62.32,medium
U079,pattern_recall,easy,70,78.89,24,3,12,True,2026-08-18 17:16:19.407276,attention,0.25,74.56,easy
U079,routine_order,hard,80,82.23,79,2,9,True,2026-08-19 19:16:19.407361,sequencing,0.222,80.45,hard
U079,pattern_recall,easy,60,74.21,30,4,15,True,2026-07-07 23:16:19.407444,attention,0.267,68.34,easy
U079,routine_order,medium,80,76.77,54,2,8,True,2026-06-28 22:16:19.407528,sequencing,0.25,77.71,medium
U079,pattern_recall,easy,90,85.19,42,1,8,True,2026-07-22 01:16:19.407618,attention,0.125,87.58,medium
U079,pattern_recall,hard,70,81.97,61,3,15,True,2026-06-27 21:16:19.407734,attention,0.2,76.79,hard
U079,pattern_recall,hard,60,70.24,63,4,12,True,2026-07-10 18:16:19.407821,attention,0.333,65.44,hard
U079,pattern_recall,hard,70,68.36,55,3,9,True,2026-07-09 05:16:19.407901,attention,0.333,68.68,hard
U079,pattern_recall,easy,70,74.06,33,3,12,True,2026-07-06 19:16:19.407978,attention,0.25,72.62,easy
U079,routine_order,hard,60,60.68,57,4,9,True,2026-08-12 02:16:19.408056,sequencing,0.444,59.39,medium
U079,pattern_recall,medium,80,78.05,57,2,8,True,2026-07-12 15:16:19.408133,attention,0.25,78.22,medium
U079,routine_order,hard,80,66.47,75,2,6,True,2026-08-24 17:16:19.408213,sequencing,0.333,71.93,hard
U079,memory_match,hard,76,82.15,82,3,15,True,2026-07-22 18:16:19.408297,memory,0.2,79.26,hard
U079,pattern_recall,easy,100,99.86,28,0,10,True,2026-07-20 05:16:19.408378,attention,0.0,99.94,medium
U079,pattern_recall,hard,80,66.17,75,2,5,True,2026-07-29 22:16:19.408610,attention,0.4,70.47,hard
U079,memory_match,easy,92,90.49,41,1,12,True,2026-06-28 13:16:19.408723,memory,0.083,91.34,medium
U079,pattern_recall,hard,50,64.39,68,5,14,True,2026-06-13 02:16:19.408817,attention,0.357,58.62,medium
U079,memory_match,hard,84,71.64,73,2,7,True,2026-09-08 00:16:19.408902,memory,0.286,76.54,hard
U079,routine_order,easy,100,96.46,44,0,8,True,2026-07-21 18:16:19.408986,sequencing,0.0,98.58,medium
U079,routine_order,easy,70,69.64,22,3,11,True,2026-06-30 11:16:19.409070,sequencing,0.273,70.4,easy
U079,routine_order,hard,70,74.75,79,3,11,True,2026-06-19 23:16:19.409153,sequencing,0.273,72.44,hard
U079,pattern_recall,medium,80,86.3,52,2,14,True,2026-07-21 17:16:19.409234,attention,0.143,83.66,hard
U079,routine_order,easy,70,78.24,41,3,15,False,2026-08-18 02:16:19.409317,sequencing,0.2,75.3,easy
U079,routine_order,medium,80,60.89,39,2,5,False,2026-07-12 20:16:19.409405,sequencing,0.4,68.36,medium
U079,memory_match,easy,92,84.69,19,1,6,True,2026-08-21 02:16:19.409483,memory,0.167,87.34,medium
U079,pattern_recall,easy,80,78.42,19,2,8,True,2026-07-07 11:16:19.409563,attention,0.25,78.37,easy
U079,pattern_recall,hard,90,90.31,88,1,8,True,2026-08-10 20:16:19.409663,attention,0.125,89.62,hard
U079,routine_order,medium,80,82.3,31,2,12,True,2026-08-28 00:16:19.409757,sequencing,0.167,81.58,hard
U079,memory_match,easy,84,86.66,50,2,15,True,2026-07-28 07:16:19.409979,memory,0.133,85.6,medium
U080,pattern_recall,medium,80,84.02,66,2,12,True,2026-08-31 06:16:19.410099,attention,0.167,82.27,hard
U080,routine_order,medium,50,53.19,43,5,10,True,2026-07-29 23:16:19.410186,sequencing,0.5,51.28,easy
U080,pattern_recall,medium,70,81.55,23,3,14,True,2026-09-05 05:16:19.410268,attention,0.214,76.34,medium
U080,memory_match,medium,76,73.27,37,3,13,True,2026-09-03 18:16:19.410349,memory,0.231,75.09,medium
U080,routine_order,hard,50,67.36,61,5,15,True,2026-08-19 21:16:19.410428,sequencing,0.333,60.28,hard
U080,routine_order,easy,90,92.81,45,1,15,True,2026-09-09 09:16:19.410506,sequencing,0.067,91.78,medium
U080,pattern_recall,hard,60,58.59,56,4,10,False,2026-07-30 17:16:19.410584,attention,0.4,59.44,medium
U080,memory_match,hard,76,64.25,60,3,9,True,2026-07-15 09:16:19.410662,memory,0.333,69.44,hard
U080,routine_order,medium,90,82.14,34,1,6,True,2026-08-05 14:16:19.410739,sequencing,0.167,85.52,hard
U080,routine_order,medium,90,91.73,66,1,8,True,2026-07-31 07:16:19.410816,sequencing,0.125,90.19,hard
U080,routine_order,hard,60,66.32,68,4,11,True,2026-08-19 20:16:19.410896,sequencing,0.364,63.25,hard
U080,routine_order,medium,100,98.67,63,0,15,True,2026-08-17 17:16:19.410976,sequencing,0.0,99.47,hard
U080,memory_match,easy,68,66.48,45,4,13,True,2026-08-30 03:16:19.411054,memory,0.308,67.63,easy
U080,memory_match,hard,76,61.82,80,3,7,True,2026-08-01 09:16:19.411135,memory,0.429,66.55,hard
U080,pattern_recall,easy,100,100.0,34,0,8,True,2026-07-28 21:16:19.411216,attention,0.0,100.0,medium
U080,memory_match,medium,76,67.78,50,3,8,True,2026-07-07 05:16:19.411293,memory,0.375,70.01,medium
U080,routine_order,medium,80,81.89,63,2,11,True,2026-08-19 13:16:19.411368,sequencing,0.182,81.12,hard
U080,memory_match,easy,100,95.43,38,0,8,True,2026-08-25 06:16:19.411768,memory,0.0,98.17,medium
U080,routine_order,easy,80,84.41,32,2,15,True,2026-09-02 13:16:19.412101,sequencing,0.133,83.1,medium
U080,routine_order,medium,80,72.16,73,2,8,True,2026-07-29 20:16:19.412340,sequencing,0.25,75.86,medium
U080,pattern_recall,medium,70,80.5,61,3,15,True,2026-08-07 21:16:19.412530,attention,0.2,76.2,medium
U080,pattern_recall,medium,50,67.94,66,5,15,True,2026-08-27 06:16:19.412688,attention,0.333,60.52,medium
U080,routine_order,hard,80,68.88,86,2,6,True,2026-08-07 15:16:19.412835,sequencing,0.333,72.89,hard
U080,pattern_recall,hard,80,70.85,78,2,8,True,2026-07-04 06:16:19.412994,attention,0.25,75.34,hard
U080,memory_match,hard,76,81.43,71,3,15,True,2026-07-08 06:16:19.413158,memory,0.2,78.97,hard
U080,pattern_recall,medium,90,87.55,42,1,7,True,2026-08-19 01:16:19.413317,attention,0.143,88.16,hard
U080,memory_match,medium,76,73.14,58,3,13,True,2026-09-07 18:16:19.413533,memory,0.231,75.04,medium
U080,memory_match,medium,92,92.06,59,1,14,True,2026-07-26 08:16:19.413677,memory,0.071,92.2,hard
U080,routine_order,medium,80,75.53,53,2,10,True,2026-06-22 12:16:19.413819,sequencing,0.2,78.21,medium
U080,pattern_recall,medium,80,83.2,34,2,9,True,2026-07-10 21:16:19.413970,attention,0.222,80.84,hard
U081,pattern_recall,easy,70,78.89,36,3,15,True,2026-06-21 18:16:19.414135,attention,0.2,75.56,easy
U081,memory_match,easy,100,97.49,37,0,6,True,2026-06-15 12:16:19.414292,memory,0.0,99.0,medium
U081,memory_match,hard,60,66.74,85,5,14,True,2026-09-01 02:16:19.414436,memory,0.357,63.56,hard
U081,memory_match,medium,68,70.17,34,4,15,True,2026-06-23 10:16:19.414575,memory,0.267,69.93,medium
U081,routine_order,easy,80,83.28,56,2,10,True,2026-07-03 06:16:19.414717,sequencing,0.2,81.31,medium
U081,pattern_recall,hard,80,61.1,84,2,6,True,2026-07-22 04:16:19.414870,attention,0.333,69.78,hard
U081,pattern_recall,hard,60,71.91,79,4,14,False,2026-08-02 08:16:19.415045,attention,0.286,67.04,hard
U081,routine_order,medium,80,75.03,39,2,8,True,2026-09-07 00:16:19.415195,sequencing,0.25,77.01,medium
U081,memory_match,hard,68,64.31,57,4,10,True,2026-09-01 01:16:19.415335,memory,0.4,64.92,hard
U081,routine_order,easy,90,86.0,42,1,8,True,2026-08-17 13:16:19.415769,sequencing,0.125,87.9,medium
U081,pattern_recall,medium,70,77.93,61,3,15,True,2026-07-26 14:16:19.415984,attention,0.2,75.17,medium
U081,memory_match,easy,92,87.02,20,1,10,True,2026-07-11 17:16:19.416133,memory,0.1,89.61,medium
U081,memory_match,easy,100,100.0,38,0,7,True,2026-07-28 20:16:19.416278,memory,0.0,100.0,medium
U081,pattern_recall,easy,80,86.35,18,2,12,True,2026-09-02 11:16:19.416443,attention,0.167,83.2,medium
U081,memory_match,medium,84,78.22,39,2,8,True,2026-09-06 14:16:19.416603,memory,0.25,79.89,medium
U081,memory_match,hard,84,86.08,81,2,13,True,2026-07-24 18:16:19.416761,memory,0.154,84.95,hard
U081,pattern_recall,hard,80,83.4,83,2,12,True,2026-06-21 06:16:19.416943,attention,0.167,82.02,hard
U081,routine_order,easy,80,85.3,36,2,11,True,2026-08-24 13:16:19.417107,sequencing,0.182,82.48,medium
U081,pattern_recall,hard,90,78.22,67,1,6,True,2026-07-09 06:16:19.417274,attention,0.167,83.95,hard
U081,routine_order,medium,80,67.29,42,2,7,True,2026-07-25 08:16:19.417463,sequencing,0.286,73.2,medium
U081,routine_order,medium,100,100.0,55,0,13,True,2026-08-25 22:16:19.417733,sequencing,0.0,100.0,hard
U081,routine_order,hard,90,82.71,70,1,8,True,2026-07-23 20:16:19.417913,sequencing,0.125,86.58,hard
U081,memory_match,medium,84,85.6,54,2,11,True,2026-07-03 08:16:19.418003,memory,0.182,84.2,hard
U081,pattern_recall,hard,60,74.3,80,4,15,True,2026-07-23 00:16:19.418085,attention,0.267,68.38,hard
U081,pattern_recall,easy,80,80.79,44,2,12,True,2026-07-27 05:16:19.418163,attention,0.167,80.98,medium
U081,pattern_recall,easy,90,82.81,15,1,7,True,2026-08-19 23:16:19.418240,attention,0.143,86.26,medium
U081,routine_order,easy,80,86.32,39,2,15,True,2026-06-12 12:16:19.418327,sequencing,0.133,83.87,medium
U081,pattern_recall,medium,70,79.83,55,3,15,True,2026-06-27 13:16:19.418404,attention,0.2,75.93,medium
U081,routine_order,hard,90,78.48,69,1,6,True,2026-08-15 20:16:19.418486,sequencing,0.167,84.05,hard
U081,routine_order,hard,50,59.11,64,5,13,True,2026-06-14 14:16:19.418563,sequencing,0.385,55.94,medium
U082,pattern_recall,medium,70,82.68,46,3,15,True,2026-08-19 19:16:19.418649,attention,0.2,77.07,medium
U082,pattern_recall,medium,80,82.91,66,2,13,False,2026-07-17 08:16:19.418726,attention,0.154,82.08,hard
U082,pattern_recall,hard,90,72.71,78,1,5,True,2026-08-06 16:16:19.418803,attention,0.2,81.08,hard
U082,pattern_recall,medium,80,76.95,40,2,8,True,2026-08-06 10:16:19.418877,attention,0.25,77.78,medium
U082,pattern_recall,hard,80,80.17,57,2,10,True,2026-06-19 04:16:19.418955,attention,0.2,80.07,hard
U082,memory_match,hard,76,75.25,82,3,12,True,2026-06-29 10:16:19.419044,memory,0.25,75.5,hard
U082,routine_order,hard,40,55.82,57,6,14,True,2026-07-14 21:16:19.419127,sequencing,0.429,49.75,medium
U082,memory_match,medium,76,71.38,62,3,10,True,2026-07-27 16:16:19.419243,memory,0.3,72.95,medium
U082,memory_match,hard,84,72.63,71,2,8,True,2026-07-17 12:16:19.419332,memory,0.25,77.65,hard
U082,pattern_recall,medium,70,75.73,62,3,11,True,2026-08-10 13:16:19.419413,attention,0.273,72.83,medium
U082,memory_match,medium,76,78.64,54,3,13,True,2026-07-15 22:16:19.419494,memory,0.231,77.24,medium
U082,routine_order,hard,60,62.76,67,4,12,True,2026-08-14 01:16:19.419573,sequencing,0.333,62.44,hard
U082,pattern_recall,easy,80,77.84,42,2,10,True,2026-09-02 05:16:19.419650,attention,0.2,79.14,easy
U082,memory_match,easy,92,90.78,48,1,14,True,2026-09-03 11:16:19.419727,memory,0.071,91.69,medium
U082,pattern_recall,easy,90,89.74,42,1,5,True,2026-08-23 15:16:19.419806,attention,0.2,87.9,medium
U082,pattern_recall,hard,70,72.18,80,3,9,True,2026-07-13 08:16:19.419890,attention,0.333,70.21,hard
U082,memory_match,medium,92,78.44,40,1,5,True,2026-07-26 14:16:19.419974,memory,0.2,84.18,hard
U082,pattern_recall,easy,70,80.11,70,3,13,True,2026-08-28 13:16:19.420053,attention,0.231,75.42,easy
U082,routine_order,medium,70,77.89,44,3,13,True,2026-06-28 11:16:19.420131,sequencing,0.231,74.54,medium
U082,routine_order,easy,80,80.95,47,2,8,True,2026-07-10 20:16:19.420206,sequencing,0.25,79.38,easy
U082,memory_match,easy,92,79.42,30,1,7,True,2026-07-12 22:16:19.420283,memory,0.143,85.71,medium
U082,pattern_recall,easy,90,86.48,42,1,8,True,2026-07-15 19:16:19.420358,attention,0.125,88.09,medium
U082,pattern_recall,easy,90,90.66,35,1,7,False,2026-08-22 04:16:19.420432,attention,0.143,89.4,medium
U082,memory_match,medium,68,68.74,59,4,14,True,2026-08-23 23:16:19.421106,memory,0.286,68.98,medium
U082,memory_match,hard,68,59.15,60,4,11,True,2026-07-21 03:16:19.421260,memory,0.364,63.58,hard
U082,pattern_recall,medium,30,54.42,49,7,15,True,2026-06-18 13:16:19.421352,attention,0.467,44.43,easy
U082,pattern_recall,hard,70,72.37,64,3,10,False,2026-07-19 23:16:19.421451,attention,0.3,70.95,hard
U082,pattern_recall,medium,50,66.76,64,5,15,True,2026-07-09 07:16:19.421538,attention,0.333,60.04,medium
U082,routine_order,easy,90,90.52,19,1,13,True,2026-06-18 01:16:19.421625,sequencing,0.077,90.67,medium
U082,pattern_recall,easy,80,83.2,34,2,10,True,2026-08-06 17:16:19.421884,attention,0.2,81.28,medium
U083,pattern_recall,hard,60,60.14,79,4,10,True,2026-08-11 01:16:19.422117,attention,0.4,60.06,hard
U083,routine_order,hard,50,59.59,52,5,12,True,2026-06-30 10:16:19.422225,sequencing,0.417,55.5,medium
U083,pattern_recall,hard,80,84.3,81,2,11,True,2026-06-18 13:16:19.422530,attention,0.182,82.08,hard
U083,routine_order,medium,80,77.11,50,2,7,True,2026-07-01 16:16:19.422687,sequencing,0.286,77.12,medium
U083,routine_order,medium,80,71.38,70,2,7,True,2026-09-08 04:16:19.422790,sequencing,0.286,74.83,medium
U083,pattern_recall,medium,60,58.14,46,4,10,True,2026-06-27 15:16:19.422879,attention,0.4,59.26,easy
U083,memory_match,medium,68,68.21,36,4,12,True,2026-08-05 16:16:19.422965,memory,0.333,67.82,medium
U083,memory_match,medium,68,74.64,39,4,14,True,2026-06-13 05:16:19.423041,memory,0.286,71.34,medium
U083,pattern_recall,easy,90,79.11,54,1,7,False,2026-09-09 18:16:19.423117,attention,0.143,84.78,medium
U083,memory_match,easy,100,92.2,41,0,5,True,2026-09-03 00:16:19.423210,memory,0.0,96.88,medium
U083,routine_order,hard,70,59.32,66,3,8,True,2026-07-05 11:16:19.423303,sequencing,0.375,64.23,hard
U083,routine_order,easy,90,89.42,30,1,12,False,2026-07-10 12:16:19.423382,sequencing,0.083,90.11,medium
U083,routine_order,hard,60,66.89,80,4,12,True,2026-08-24 08:16:19.423458,sequencing,0.333,64.1,hard
U083,memory_match,hard,84,72.52,63,2,6,False,2026-06-21 10:16:19.423534,memory,0.333,75.95,hard
U083,pattern_recall,easy,90,80.55,19,1,7,True,2026-06-19 16:16:19.423609,attention,0.143,85.36,medium
U083,memory_match,hard,60,66.11,75,5,14,True,2026-08-27 16:16:19.423686,memory,0.357,63.3,hard
U083,pattern_recall,medium,60,68.75,58,4,13,False,2026-06-27 05:16:19.423770,attention,0.308,65.34,medium
U083,routine_order,easy,80,84.97,50,2,14,True,2026-08-18 08:16:19.423851,sequencing,0.143,83.13,medium
U083,routine_order,hard,50,67.11,64,5,15,True,2026-06-22 15:16:19.423933,sequencing,0.333,60.18,hard
U083,routine_order,hard,30,51.05,85,7,15,True,2026-09-03 10:16:19.424019,sequencing,0.467,43.08,medium
U083,memory_match,medium,68,72.95,69,4,13,True,2026-07-17 03:16:19.424108,memory,0.308,70.22,medium
U083,pattern_recall,medium,50,53.41,33,5,11,True,2026-06-30 21:16:19.424195,attention,0.455,52.26,easy
U083,pattern_recall,medium,80,74.96,31,2,8,True,2026-08-10 18:16:19.424285,attention,0.25,76.98,medium
U083,routine_order,medium,90,91.45,57,1,6,True,2026-08-26 11:16:19.424373,sequencing,0.167,89.24,hard
U083,pattern_recall,easy,90,91.29,15,1,11,True,2026-06-26 16:16:19.424464,attention,0.091,90.7,medium
U083,pattern_recall,easy,80,84.89,56,2,11,True,2026-07-05 13:16:19.424567,attention,0.182,82.32,medium
U083,memory_match,hard,84,60.16,73,2,6,True,2026-07-17 17:16:19.424673,memory,0.333,71.0,hard
U083,memory_match,easy,76,78.04,45,3,14,True,2026-08-18 07:16:19.424773,memory,0.214,77.34,easy
U083,memory_match,hard,60,60.85,62,5,13,True,2026-08-03 18:16:19.424866,memory,0.385,60.64,hard
U083,routine_order,easy,90,93.5,55,1,13,True,2026-09-01 20:16:19.424954,sequencing,0.077,91.86,medium
U084,memory_match,medium,84,79.56,46,2,8,True,2026-07-20 07:16:19.425049,memory,0.25,80.42,hard
U084,routine_order,easy,100,95.31,34,0,9,True,2026-08-09 12:16:19.425137,sequencing,0.0,98.12,medium
U084,memory_match,easy,76,70.27,39,3,9,True,2026-08-14 20:16:19.425244,memory,0.333,71.85,easy
U084,memory_match,medium,68,67.97,60,4,14,True,2026-09-06 16:16:19.425348,memory,0.286,68.67,medium
U084,pattern_recall,medium,60,63.07,65,4,10,True,2026-08-19 05:16:19.425441,attention,0.4,61.23,medium
U084,routine_order,medium,90,78.25,43,1,6,True,2026-06-21 20:16:19.425525,sequencing,0.167,83.96,hard
U084,pattern_recall,hard,50,61.96,79,5,13,True,2026-09-08 02:16:19.425614,attention,0.385,57.08,medium
U084,routine_order,easy,90,73.49,34,1,5,True,2026-06-14 03:16:19.425701,sequencing,0.2,81.4,medium
U084,pattern_recall,easy,90,84.56,40,1,6,True,2026-06-14 13:16:19.425789,attention,0.167,86.48,medium
U084,routine_order,easy,80,84.07,13,2,14,True,2026-09-02 18:16:19.425872,sequencing,0.143,82.77,medium
U084,routine_order,medium,90,87.43,25,1,10,True,2026-07-19 00:16:19.425948,sequencing,0.1,88.97,hard
U084,memory_match,medium,84,67.76,54,2,6,True,2026-06-30 22:16:19.426026,memory,0.333,74.04,medium
U084,pattern_recall,hard,60,57.75,70,4,9,True,2026-07-01 16:16:19.426105,attention,0.444,58.22,medium
U084,pattern_recall,easy,70,80.79,36,3,15,True,2026-07-02 15:16:19.426183,attention,0.2,76.32,easy
U084,routine_order,medium,90,76.83,57,1,5,True,2026-08-23 11:16:19.426258,sequencing,0.2,82.73,hard
U084,memory_match,hard,76,65.4,67,3,8,True,2026-08-02 22:16:19.426332,memory,0.375,69.06,hard
U084,memory_match,hard,68,70.43,56,4,12,True,2026-06-30 13:16:19.426410,memory,0.333,68.71,hard
U084,memory_match,easy,100,94.67,19,0,7,True,2026-06-29 03:16:19.426484,memory,0.0,97.87,medium
U084,routine_order,hard,80,65.82,69,2,7,False,2026-07-01 23:16:19.426558,sequencing,0.286,72.61,hard
U084,pattern_recall,medium,80,77.58,62,2,7,True,2026-09-07 21:16:19.426631,attention,0.286,77.31,medium
U084,memory_match,medium,84,68.79,55,2,7,True,2026-06-18 01:16:19.426705,memory,0.286,75.4,medium
U084,pattern_recall,medium,80,72.98,59,2,8,True,2026-08-08 14:16:19.426780,attention,0.25,76.19,medium
U084,memory_match,medium,92,78.11,29,1,5,True,2026-09-07 10:16:19.426853,memory,0.2,84.04,hard
U084,memory_match,medium,76,80.38,55,3,13,True,2026-06-23 23:16:19.426924,memory,0.231,77.93,medium
U084,routine_order,easy,80,71.27,44,2,8,True,2026-07-22 05:16:19.426996,sequencing,0.25,75.51,easy
U084,memory_match,hard,92,76.46,71,1,6,True,2026-07-26 05:16:19.427067,memory,0.167,84.04,hard
U084,pattern_recall,medium,90,86.88,58,1,5,True,2026-06-17 05:16:19.427143,attention,0.2,86.75,hard
U084,memory_match,easy,92,77.92,10,1,5,True,2026-06-18 15:16:19.427232,memory,0.2,83.97,medium
U084,routine_order,hard,70,72.01,43,3,10,False,2026-08-28 17:16:19.427321,sequencing,0.3,70.8,hard
U084,pattern_recall,easy,80,73.4,18,2,6,True,2026-07-06 10:16:19.427398,attention,0.333,74.7,easy
U085,pattern_recall,easy,90,77.51,20,1,6,True,2026-07-21 03:16:19.427479,attention,0.167,83.66,medium
U085,memory_match,easy,76,73.24,37,3,12,True,2026-06-29 20:16:19.427556,memory,0.25,74.7,easy
U085,routine_order,easy,90,85.27,37,1,8,True,2026-06-28 11:16:19.427633,sequencing,0.125,87.61,medium
U085,pattern_recall,medium,90,79.75,44,1,5,True,2026-06-30 20:16:19.427707,attention,0.2,83.9,hard
U085,pattern_recall,easy,90,89.5,43,1,9,True,2026-07-20 16:16:19.427782,attention,0.111,89.58,medium
U085,routine_order,hard,70,75.05,65,3,14,True,2026-08-08 19:16:19.427855,sequencing,0.214,73.74,hard
U085,pattern_recall,easy,90,89.64,42,1,11,True,2026-06-30 06:16:19.427932,attention,0.091,90.04,medium
U085,memory_match,medium,68,70.1,59,4,13,True,2026-06-15 11:16:19.428005,memory,0.308,69.08,medium
U085,routine_order,easy,80,71.01,52,2,7,True,2026-07-27 13:16:19.428078,sequencing,0.286,74.68,easy
U085,memory_match,hard,52,57.92,47,6,15,False,2026-07-24 05:16:19.428152,memory,0.4,55.97,medium
U085,memory_match,medium,68,70.56,40,4,13,True,2026-07-17 03:16:19.428225,memory,0.308,69.26,medium
U085,pattern_recall,easy,80,83.51,20,2,13,True,2026-06-15 07:16:19.428297,attention,0.154,82.32,medium
U085,pattern_recall,hard,80,82.22,69,2,10,True,2026-06-24 10:16:19.428370,attention,0.2,80.89,hard
U085,memory_match,medium,92,86.83,38,1,10,True,2026-08-08 09:16:19.428441,memory,0.1,89.53,hard
U085,pattern_recall,medium,60,71.94,49,4,14,True,2026-08-18 22:16:19.428513,attention,0.286,67.06,medium
U085,pattern_recall,hard,90,70.18,83,1,5,True,2026-06-25 03:16:19.428586,attention,0.2,80.07,hard
U085,memory_match,medium,92,87.15,62,1,5,True,2026-08-20 20:16:19.428664,memory,0.2,87.66,hard
U085,pattern_recall,medium,90,82.7,50,1,5,True,2026-07-03 05:16:19.428741,attention,0.2,85.08,hard
U085,routine_order,medium,70,77.93,73,3,12,True,2026-06-12 07:16:19.428814,sequencing,0.25,74.17,medium
U085,memory_match,medium,84,74.46,59,2,8,True,2026-07-13 06:16:19.428887,memory,0.25,78.38,medium
U085,memory_match,hard,84,69.54,56,2,8,True,2026-09-03 02:16:19.428959,memory,0.25,76.42,hard
U085,routine_order,hard,70,75.34,75,3,14,True,2026-07-04 19:16:19.429032,sequencing,0.214,73.86,hard
U085,routine_order,easy,60,73.54,26,4,14,True,2026-07-12 13:16:19.429104,sequencing,0.286,67.7,easy
U085,pattern_recall,hard,70,65.27,60,3,9,True,2026-08-08 12:16:19.429176,attention,0.333,67.45,hard
U085,memory_match,easy,76,77.62,33,3,14,True,2026-08-27 00:16:19.429272,memory,0.214,77.17,easy
U085,pattern_recall,medium,60,64.57,37,4,10,True,2026-07-22 17:16:19.429354,attention,0.4,61.83,medium
U085,pattern_recall,medium,70,67.47,61,3,9,True,2026-07-02 16:16:19.429434,attention,0.333,68.33,medium
U085,routine_order,easy,100,97.09,24,0,10,True,2026-07-13 07:16:19.429508,sequencing,0.0,98.84,medium
U085,pattern_recall,easy,70,79.78,48,3,14,True,2026-08-22 15:16:19.429581,attention,0.214,75.63,easy
U085,pattern_recall,medium,80,72.39,47,2,7,True,2026-08-20 06:16:19.429655,attention,0.286,75.24,medium
U086,routine_order,hard,80,74.14,51,2,9,True,2026-09-09 06:16:19.429733,sequencing,0.222,77.22,hard
U086,pattern_recall,hard,40,62.96,66,6,15,True,2026-08-25 09:16:19.429808,attention,0.4,53.18,medium
U086,routine_order,medium,90,92.07,41,1,10,True,2026-07-05 19:16:19.429883,sequencing,0.1,90.83,hard
U086,memory_match,easy,84,83.18,39,2,14,False,2026-07-30 21:16:19.429957,memory,0.143,84.01,medium
U086,pattern_recall,hard,40,54.6,68,6,14,True,2026-07-10 01:16:19.430029,attention,0.429,49.26,medium
U086,pattern_recall,easy,90,83.89,32,1,9,True,2026-07-23 22:16:19.430105,attention,0.111,87.34,medium
U086,pattern_recall,easy,90,91.5,28,1,8,True,2026-07-21 01:16:19.430180,attention,0.125,90.1,medium
U086,memory_match,hard,84,82.73,55,2,12,True,2026-08-01 10:16:19.430253,memory,0.167,83.35,hard
U086,pattern_recall,medium,60,62.09,45,4,11,True,2026-08-25 10:16:19.430326,attention,0.364,61.56,medium
U086,pattern_recall,easy,90,83.09,15,1,8,True,2026-07-16 07:16:19.430398,attention,0.125,86.74,medium
U086,memory_match,hard,60,60.21,69,5,12,True,2026-06-24 09:16:19.430470,memory,0.417,59.74,medium
U086,pattern_recall,medium,80,69.12,44,2,7,True,2026-08-07 02:16:19.430547,attention,0.286,73.93,medium
U086,routine_order,medium,60,71.7,49,4,13,True,2026-08-31 17:16:19.430622,sequencing,0.308,66.52,medium
U086,pattern_recall,hard,40,54.14,75,6,13,True,2026-08-06 18:16:19.430694,attention,0.462,48.42,medium
U086,pattern_recall,medium,100,98.43,47,0,15,True,2026-08-13 17:16:19.430765,attention,0.0,99.37,hard
U086,routine_order,medium,70,70.92,47,3,12,True,2026-06-14 08:16:19.430837,sequencing,0.25,71.37,medium
U086,routine_order,medium,80,81.42,40,2,10,True,2026-07-30 03:16:19.430910,sequencing,0.2,80.57,hard
U086,routine_order,medium,90,94.68,66,1,12,True,2026-08-07 02:16:19.430981,sequencing,0.083,92.21,hard
U086,routine_order,easy,70,71.81,12,3,9,True,2026-07-03 02:16:19.431052,sequencing,0.333,70.06,easy
U086,pattern_recall,hard,60,58.86,60,4,9,True,2026-06-26 15:16:19.431124,attention,0.444,58.66,medium
U086,memory_match,medium,68,70.89,60,4,15,True,2026-06-23 14:16:19.431196,memory,0.267,70.22,medium
U086,routine_order,easy,70,77.61,45,3,13,True,2026-07-22 00:16:19.431296,sequencing,0.231,74.42,easy
U086,routine_order,hard,50,57.85,70,5,12,True,2026-08-15 21:16:19.431376,sequencing,0.417,54.8,medium
U086,routine_order,medium,80,81.38,56,2,13,True,2026-06-17 23:16:19.431453,sequencing,0.154,81.47,hard
U086,pattern_recall,easy,80,88.14,27,2,14,True,2026-08-03 19:16:19.431526,attention,0.143,84.4,medium
U086,routine_order,hard,80,61.03,50,2,5,False,2026-09-09 21:16:19.431599,sequencing,0.4,68.41,hard
U086,pattern_recall,easy,80,77.46,36,2,8,True,2026-06-17 00:16:19.431674,attention,0.25,77.98,easy
U086,memory_match,medium,84,68.21,41,2,5,True,2026-08-05 19:16:19.431746,memory,0.4,72.88,medium
U086,pattern_recall,hard,70,65.77,83,3,9,True,2026-07-21 04:16:19.431818,attention,0.333,67.65,hard
U086,routine_order,medium,60,67.47,67,4,11,True,2026-09-01 22:16:19.431891,sequencing,0.364,63.71,medium
U087,routine_order,easy,80,87.34,28,2,13,True,2026-08-16 12:16:19.431967,sequencing,0.154,83.86,medium
U087,memory_match,easy,100,100.0,39,0,11,True,2026-06-25 08:16:19.432041,memory,0.0,100.0,medium
U087,pattern_recall,easy,80,85.11,34,2,11,True,2026-07-30 10:16:19.432113,attention,0.182,82.4,medium
U087,memory_match,medium,76,74.08,38,3,12,True,2026-07-26 20:16:19.432186,memory,0.25,75.03,medium
U087,memory_match,easy,92,91.0,31,1,13,True,2026-07-06 04:16:19.432259,memory,0.077,91.66,medium
U087,pattern_recall,easy,100,100.0,45,0,8,True,2026-07-31 21:16:19.432331,attention,0.0,100.0,medium
U087,memory_match,hard,84,87.66,66,2,14,True,2026-06-14 11:16:19.432631,memory,0.143,85.8,hard
U087,routine_order,easy,90,89.59,46,1,10,True,2026-06-18 11:16:19.432993,sequencing,0.1,89.84,medium
U087,pattern_recall,hard,70,72.34,65,3,12,True,2026-07-20 15:16:19.433189,attention,0.25,71.94,hard
U087,memory_match,medium,84,79.8,33,2,11,True,2026-06-27 19:16:19.433357,memory,0.182,81.88,hard
U087,memory_match,medium,92,92.08,56,1,9,True,2026-09-09 22:16:19.433514,memory,0.111,91.41,hard
U087,memory_match,medium,84,80.37,63,2,9,True,2026-07-27 06:16:19.433663,memory,0.222,81.31,hard
U087,memory_match,medium,76,76.9,28,3,13,True,2026-07-05 15:16:19.433818,memory,0.231,76.54,medium
U087,routine_order,easy,80,78.5,19,2,9,False,2026-07-23 23:16:19.433971,sequencing,0.222,78.96,easy
U087,memory_match,hard,76,68.58,74,3,9,False,2026-06-13 04:16:19.434116,memory,0.333,71.17,hard
U087,memory_match,easy,92,86.43,26,1,8,True,2026-07-12 05:16:19.434305,memory,0.125,88.87,medium
U087,memory_match,medium,92,93.62,50,1,11,True,2026-08-12 21:16:19.434457,memory,0.091,92.43,hard
U087,routine_order,medium,40,60.54,52,6,15,True,2026-07-02 17:16:19.434607,sequencing,0.4,52.22,easy
U087,routine_order,easy,90,86.5,26,1,9,True,2026-08-23 00:16:19.434774,sequencing,0.111,88.38,medium
U087,pattern_recall,hard,80,74.57,59,2,6,True,2026-09-05 05:16:19.434963,attention,0.333,75.17,hard
U087,pattern_recall,easy,80,65.55,17,2,5,True,2026-06-30 16:16:19.435134,attention,0.4,70.22,easy
U087,memory_match,medium,76,69.29,46,3,9,True,2026-06-29 10:16:19.435303,memory,0.333,71.46,medium
U087,memory_match,easy,92,75.65,49,1,6,True,2026-08-11 07:16:19.435469,memory,0.167,83.72,medium
U087,memory_match,easy,84,72.84,32,2,9,True,2026-07-23 06:16:19.435633,memory,0.222,78.3,easy
U087,routine_order,medium,70,70.36,71,3,9,True,2026-07-26 16:16:19.435831,sequencing,0.333,69.48,medium
U087,memory_match,medium,84,70.85,72,2,8,False,2026-07-04 20:16:19.436017,memory,0.25,76.94,medium
U087,memory_match,easy,100,100.0,27,0,10,True,2026-06-29 07:16:19.436223,memory,0.0,100.0,medium
U087,routine_order,medium,70,78.19,50,3,15,True,2026-09-09 20:16:19.436411,sequencing,0.2,75.28,medium
U087,routine_order,easy,100,99.5,22,0,5,True,2026-08-30 09:16:19.436577,sequencing,0.0,99.8,medium
U087,memory_match,easy,76,74.13,33,3,10,True,2026-08-05 19:16:19.436743,memory,0.3,74.05,easy
U088,routine_order,medium,50,64.62,66,5,13,True,2026-06-26 20:16:19.436915,sequencing,0.385,58.15,easy
U088,memory_match,easy,92,86.02,17,1,8,True,2026-08-11 15:16:19.437110,memory,0.125,88.71,medium
U088,memory_match,hard,84,79.25,51,2,10,True,2026-06-17 17:16:19.437639,memory,0.2,81.3,hard
U088,routine_order,easy,70,66.46,50,3,9,True,2026-08-14 10:16:19.437806,sequencing,0.333,67.92,easy
U088,pattern_recall,easy,90,91.99,43,1,9,True,2026-07-24 01:16:19.437895,attention,0.111,90.58,medium
U088,pattern_recall,hard,70,57.98,81,3,8,True,2026-08-28 21:16:19.438041,attention,0.375,63.69,hard
U088,routine_order,easy,80,84.63,35,2,10,True,2026-07-22 16:16:19.438352,sequencing,0.2,81.85,medium
U088,pattern_recall,hard,50,64.02,68,5,15,True,2026-09-01 19:16:19.438631,attention,0.333,58.95,medium
U088,routine_order,easy,90,79.6,45,1,6,True,2026-08-15 11:16:19.438940,sequencing,0.167,84.5,medium
U088,memory_match,hard,84,61.16,50,2,5,True,2026-07-03 17:16:19.439106,memory,0.4,70.06,hard
U088,memory_match,hard,84,58.62,72,2,6,True,2026-09-02 21:16:19.439216,memory,0.333,70.39,hard
U088,memory_match,hard,92,87.04,56,1,10,True,2026-07-29 07:16:19.439306,memory,0.1,89.62,hard
U088,routine_order,easy,80,74.29,45,2,6,True,2026-06-28 03:16:19.439388,sequencing,0.333,75.06,easy
U088,memory_match,medium,84,76.48,40,2,10,True,2026-06-25 20:16:19.439469,memory,0.2,80.19,hard
U088,routine_order,easy,90,83.32,37,1,5,True,2026-07-14 23:16:19.439557,sequencing,0.2,85.33,medium
U088,routine_order,easy,100,93.33,60,0,6,True,2026-09-04 13:16:19.439642,sequencing,0.0,97.33,medium
U088,memory_match,hard,68,69.57,96,4,14,True,2026-07-04 00:16:19.439731,memory,0.286,69.31,hard
U088,pattern_recall,hard,70,49.77,63,3,6,True,2026-07-10 02:16:19.439816,attention,0.5,57.91,medium
U088,routine_order,medium,90,71.05,63,1,5,True,2026-08-26 17:16:19.439897,sequencing,0.2,80.42,hard
U088,pattern_recall,easy,80,72.93,52,2,7,True,2026-08-24 06:16:19.440178,attention,0.286,75.45,easy
U088,routine_order,hard,70,61.9,78,3,7,True,2026-08-12 10:16:19.440309,sequencing,0.429,64.18,hard
U088,routine_order,easy,80,85.3,54,2,13,True,2026-07-27 12:16:19.440399,sequencing,0.154,83.04,medium
U088,pattern_recall,hard,70,52.98,65,3,7,True,2026-07-27 17:16:19.440482,attention,0.429,60.61,hard
U088,routine_order,medium,80,81.68,52,2,13,True,2026-08-01 18:16:19.440563,sequencing,0.154,81.59,hard
U088,routine_order,easy,80,81.89,27,2,9,True,2026-08-16 09:16:19.440644,sequencing,0.222,80.32,medium
U088,memory_match,hard,84,82.35,81,2,14,True,2026-07-28 14:16:19.440726,memory,0.143,83.68,hard
U088,routine_order,hard,70,70.35,91,3,11,True,2026-08-03 01:16:19.440823,sequencing,0.273,70.68,hard
U088,routine_order,medium,80,74.81,50,2,8,True,2026-08-04 00:16:19.440906,sequencing,0.25,76.92,medium
U088,routine_order,medium,70,74.69,32,3,10,True,2026-09-09 03:16:19.440991,sequencing,0.3,71.88,medium
U088,pattern_recall,medium,70,79.62,50,3,15,True,2026-08-21 20:16:19.441078,attention,0.2,75.85,medium
U089,memory_match,hard,84,80.83,51,2,8,True,2026-07-12 19:16:19.441172,memory,0.25,80.93,hard
U089,memory_match,easy,76,80.2,28,3,13,True,2026-07-31 23:16:19.441258,memory,0.231,77.86,easy
U089,routine_order,hard,70,67.63,80,3,8,True,2026-06-29 02:16:19.441343,sequencing,0.375,67.55,hard
U089,pattern_recall,medium,80,78.46,35,2,9,True,2026-06-22 22:16:19.441433,attention,0.222,78.94,medium
U089,pattern_recall,hard,70,78.0,61,3,13,False,2026-07-28 07:16:19.441516,attention,0.231,74.58,hard
U089,memory_match,hard,76,69.13,81,3,9,True,2026-08-07 17:16:19.441613,memory,0.333,71.39,hard
U089,pattern_recall,easy,90,91.48,44,1,9,True,2026-08-18 15:16:19.441718,attention,0.111,90.37,medium
U089,routine_order,easy,90,84.36,10,1,8,True,2026-06-30 04:16:19.441800,sequencing,0.125,87.24,medium
U089,memory_match,hard,60,61.92,65,5,13,True,2026-06-27 10:16:19.441880,memory,0.385,61.07,hard
U089,pattern_recall,easy,90,93.75,33,1,13,True,2026-07-20 06:16:19.441961,attention,0.077,91.96,medium
U089,routine_order,hard,80,71.45,90,2,6,True,2026-08-04 10:16:19.442041,sequencing,0.333,73.92,hard
U089,memory_match,medium,68,64.9,60,4,10,True,2026-07-03 05:16:19.442123,memory,0.4,65.16,medium
U089,pattern_recall,medium,70,76.27,56,3,11,True,2026-07-11 16:16:19.442211,attention,0.273,73.05,medium
U089,memory_match,hard,68,71.73,88,4,13,True,2026-07-27 02:16:19.442296,memory,0.308,69.73,hard
U089,memory_match,hard,68,64.6,84,4,10,True,2026-06-30 10:16:19.442377,memory,0.4,65.04,hard
U089,memory_match,medium,84,74.91,44,2,8,True,2026-08-08 11:16:19.442457,memory,0.25,78.56,medium
U089,routine_order,hard,50,62.35,63,5,12,True,2026-06-23 22:16:19.442542,sequencing,0.417,56.6,medium
U089,pattern_recall,medium,80,74.12,37,2,9,True,2026-07-17 01:16:19.442623,attention,0.222,77.21,medium
U089,routine_order,hard,80,79.29,59,2,11,False,2026-07-16 11:16:19.442701,sequencing,0.182,80.08,hard
U089,memory_match,medium,84,78.91,49,2,10,True,2026-09-02 18:16:19.442779,memory,0.2,81.16,hard
U089,routine_order,medium,60,44.5,75,4,7,True,2026-08-22 19:16:19.442860,sequencing,0.571,50.38,easy
U089,pattern_recall,medium,90,79.67,56,1,7,True,2026-06-18 14:16:19.442942,attention,0.143,85.01,hard
U089,routine_order,hard,70,77.28,80,3,12,True,2026-07-29 06:16:19.443023,sequencing,0.25,73.91,hard
U089,memory_match,medium,84,81.18,42,2,10,True,2026-08-16 14:16:19.443106,memory,0.2,82.07,hard
U089,routine_order,easy,100,99.15,45,0,6,True,2026-08-07 06:16:19.443190,sequencing,0.0,99.66,medium
U089,routine_order,easy,80,84.71,27,2,12,True,2026-08-22 11:16:19.443266,sequencing,0.167,82.54,medium
U089,routine_order,easy,80,80.34,28,2,11,True,2026-08-10 11:16:19.443350,sequencing,0.182,80.5,medium
U089,memory_match,easy,76,75.74,20,3,11,True,2026-09-06 06:16:19.443425,memory,0.273,75.24,easy
U089,routine_order,easy,80,82.65,35,2,11,True,2026-08-29 12:16:19.443500,sequencing,0.182,81.42,medium
U089,routine_order,hard,80,73.65,54,2,6,True,2026-07-10 02:16:19.443577,sequencing,0.333,74.8,hard
U090,memory_match,hard,84,69.62,78,2,6,True,2026-07-24 16:16:19.443688,memory,0.333,74.79,hard
U090,memory_match,easy,92,88.03,31,1,12,True,2026-08-11 08:16:19.443771,memory,0.083,90.35,medium
U090,pattern_recall,hard,50,64.51,81,5,14,True,2026-06-24 20:16:19.443849,attention,0.357,58.66,medium
U090,pattern_recall,easy,90,88.74,39,1,12,True,2026-07-26 15:16:19.443926,attention,0.083,89.84,medium
U090,routine_order,medium,90,80.2,52,1,6,True,2026-09-07 05:16:19.444003,sequencing,0.167,84.74,hard
U090,routine_order,hard,60,58.24,85,4,10,True,2026-09-07 20:16:19.444081,sequencing,0.4,59.3,medium
U090,routine_order,easy,100,95.72,40,0,7,False,2026-07-05 03:16:19.444163,sequencing,0.0,98.29,medium
U090,pattern_recall,medium,90,77.84,46,1,5,True,2026-06-21 20:16:19.444241,attention,0.2,83.14,hard
U090,pattern_recall,hard,90,79.46,55,1,5,True,2026-08-28 16:16:19.444316,attention,0.2,83.78,hard
U090,pattern_recall,hard,80,79.17,78,2,9,True,2026-08-22 04:16:19.444394,attention,0.222,79.23,hard
U090,routine_order,hard,70,78.39,59,3,12,True,2026-08-19 09:16:19.444474,sequencing,0.25,74.36,hard
U090,routine_order,easy,80,69.53,39,2,5,True,2026-08-11 01:16:19.444555,sequencing,0.4,71.81,easy
U090,memory_match,easy,84,83.77,29,2,11,True,2026-07-11 14:16:19.444635,memory,0.182,83.47,medium
U090,routine_order,medium,80,75.4,44,2,9,True,2026-08-22 18:16:19.444718,sequencing,0.222,77.72,medium
U090,routine_order,easy,70,71.53,20,3,12,True,2026-06-25 09:16:19.444798,sequencing,0.25,71.61,easy
U090,routine_order,hard,50,64.69,76,5,13,True,2026-07-31 16:16:19.444875,sequencing,0.385,58.18,medium
U090,pattern_recall,hard,80,75.67,72,2,8,True,2026-06-22 01:16:19.444954,attention,0.25,77.27,hard
U090,routine_order,easy,90,85.74,10,1,8,True,2026-06-18 02:16:19.445030,sequencing,0.125,87.8,medium
U090,memory_match,hard,68,67.94,80,4,14,True,2026-07-23 13:16:19.445106,memory,0.286,68.66,hard
U090,memory_match,medium,68,69.7,45,4,13,True,2026-06-20 00:16:19.445191,memory,0.308,68.92,medium
U090,routine_order,easy,100,100.0,47,0,12,True,2026-06-25 22:16:19.445268,sequencing,0.0,100.0,medium
U090,pattern_recall,medium,90,82.85,39,1,5,True,2026-07-13 22:16:19.445343,attention,0.2,85.14,hard
U090,routine_order,medium,90,83.96,60,1,8,True,2026-06-24 23:16:19.445419,sequencing,0.125,87.08,hard
U090,routine_order,easy,90,90.04,41,1,11,True,2026-07-15 14:16:19.445494,sequencing,0.091,90.2,medium
U090,routine_order,hard,50,67.51,58,5,15,True,2026-08-08 11:16:19.445566,sequencing,0.333,60.34,hard
U090,routine_order,medium,100,96.79,33,0,15,True,2026-08-21 02:16:19.445660,sequencing,0.0,98.72,hard
U090,pattern_recall,medium,80,66.28,49,2,6,True,2026-09-08 11:16:19.445750,attention,0.333,71.85,medium
U090,pattern_recall,hard,60,66.32,85,4,12,True,2026-09-06 16:16:19.445826,attention,0.333,63.87,hard
U090,routine_order,medium,80,81.37,51,2,11,True,2026-07-29 01:16:19.445902,sequencing,0.182,80.91,hard
U090,memory_match,hard,60,64.03,62,5,13,True,2026-09-09 15:16:19.445978,memory,0.385,61.91,hard
U091,memory_match,hard,76,74.03,58,3,13,True,2026-07-23 08:16:19.446058,memory,0.231,75.39,hard
U091,pattern_recall,easy,80,65.33,37,2,7,True,2026-08-20 11:16:19.446132,attention,0.286,72.41,easy
U091,pattern_recall,easy,90,93.79,24,1,11,True,2026-08-01 12:16:19.446206,attention,0.091,91.7,medium
U091,pattern_recall,easy,90,79.92,22,1,5,True,2026-08-28 11:16:19.446279,attention,0.2,83.97,medium
U091,memory_match,easy,92,93.91,49,1,14,True,2026-07-07 12:16:19.446352,memory,0.071,92.94,medium
U091,pattern_recall,easy,70,75.31,45,3,11,True,2026-06-18 02:16:19.446425,attention,0.273,72.66,easy
U091,pattern_recall,medium,80,81.53,42,2,12,True,2026-07-03 23:16:19.446502,attention,0.167,81.27,hard
U091,routine_order,easy,90,87.09,19,1,11,True,2026-07-02 04:16:19.446574,sequencing,0.091,89.02,medium
U091,memory_match,hard,84,72.64,57,2,6,True,2026-07-29 16:16:19.446646,memory,0.333,76.0,hard
U091,routine_order,hard,40,54.35,84,6,14,True,2026-06-24 05:16:19.446721,sequencing,0.429,49.16,medium
U091,memory_match,medium,76,74.17,44,3,10,True,2026-06-23 17:16:19.446795,memory,0.3,74.07,medium
U091,memory_match,medium,76,58.46,55,3,8,True,2026-08-06 16:16:19.446868,memory,0.375,66.28,medium
U091,pattern_recall,hard,80,67.96,95,2,6,True,2026-07-11 22:16:19.446940,attention,0.333,72.52,hard
U091,memory_match,medium,92,89.83,47,1,8,True,2026-07-27 16:16:19.447014,memory,0.125,90.23,hard
U091,pattern_recall,medium,90,90.68,62,1,14,True,2026-07-14 10:16:19.447086,attention,0.071,90.85,hard
U091,routine_order,medium,70,76.86,52,3,11,True,2026-07-26 17:16:19.447162,sequencing,0.273,73.28,medium
U091,routine_order,easy,100,97.97,25,0,11,True,2026-07-05 14:16:19.447239,sequencing,0.0,99.19,medium
U091,memory_match,easy,92,85.07,33,1,6,True,2026-07-01 08:16:19.447312,memory,0.167,87.49,medium
U091,pattern_recall,medium,90,96.05,43,1,13,True,2026-07-23 17:16:19.447384,attention,0.077,92.88,hard
U091,routine_order,easy,90,85.99,33,1,10,True,2026-07-06 13:16:19.447457,sequencing,0.1,88.4,medium
U091,pattern_recall,hard,70,72.12,78,3,10,True,2026-08-08 08:16:19.447529,attention,0.3,70.85,hard
U091,routine_order,medium,80,87.55,46,2,15,True,2026-07-09 02:16:19.447600,sequencing,0.133,84.36,hard
U091,pattern_recall,medium,60,72.18,33,4,15,True,2026-06-18 22:16:19.447705,attention,0.267,67.53,medium
U091,routine_order,hard,80,71.34,63,2,7,True,2026-06-16 15:16:19.447786,sequencing,0.286,74.82,hard
U091,routine_order,medium,50,64.84,61,5,15,True,2026-09-08 18:16:19.447863,sequencing,0.333,59.28,easy
U091,memory_match,easy,92,76.16,33,1,5,True,2026-07-25 18:16:19.447938,memory,0.2,83.26,medium
U091,pattern_recall,easy,90,92.69,40,1,9,True,2026-08-30 09:16:19.448015,attention,0.111,90.86,medium
U091,memory_match,medium,68,76.16,51,4,15,True,2026-06-30 19:16:19.448089,memory,0.267,72.32,medium
U091,memory_match,easy,92,93.2,46,1,14,True,2026-08-27 18:16:19.448165,memory,0.071,92.66,medium
U091,pattern_recall,medium,70,78.58,42,3,15,True,2026-09-06 22:16:19.448240,attention,0.2,75.43,medium
U092,pattern_recall,medium,100,100.0,70,0,13,True,2026-07-14 08:16:19.448319,attention,0.0,100.0,hard
U092,routine_order,hard,70,76.48,85,3,11,True,2026-08-04 13:16:19.448394,sequencing,0.273,73.13,hard
U092,memory_match,easy,76,74.96,29,3,11,True,2026-07-26 11:16:19.448468,memory,0.273,74.92,easy
U092,memory_match,easy,68,68.06,25,4,11,True,2026-07-13 05:16:19.448542,memory,0.364,67.14,easy
U092,pattern_recall,medium,90,77.77,44,1,5,True,2026-07-01 11:16:19.448614,attention,0.2,83.11,hard
U092,pattern_recall,hard,60,69.72,96,4,12,True,2026-09-06 12:16:19.448686,attention,0.333,65.23,hard
U092,memory_match,medium,84,85.78,35,2,11,True,2026-07-06 15:16:19.448766,memory,0.182,84.27,hard
U092,routine_order,hard,20,44.19,56,8,14,True,2026-06-28 11:16:19.448839,sequencing,0.571,34.26,medium
U092,memory_match,easy,100,94.01,50,0,7,True,2026-06-12 18:16:19.448912,memory,0.0,97.6,medium
U092,memory_match,medium,84,78.54,52,2,11,True,2026-07-05 06:16:19.448985,memory,0.182,81.38,hard
U092,pattern_recall,easy,90,88.98,18,1,8,True,2026-06-30 11:16:19.449060,attention,0.125,89.09,medium
U092,routine_order,hard,80,59.73,49,2,6,True,2026-08-16 03:16:19.449137,sequencing,0.333,69.23,hard
U092,routine_order,medium,70,67.81,34,3,10,False,2026-08-05 16:16:19.449209,sequencing,0.3,69.12,medium
U092,memory_match,hard,76,46.7,79,3,6,True,2026-06-12 02:16:19.449284,memory,0.5,59.08,medium
U092,pattern_recall,hard,70,62.85,70,3,8,True,2026-08-27 09:16:19.449357,attention,0.375,65.64,hard
U092,pattern_recall,easy,90,91.99,37,1,14,True,2026-08-27 13:16:19.449428,attention,0.071,91.38,medium
U092,routine_order,hard,60,55.77,88,4,9,True,2026-09-01 04:16:19.449504,sequencing,0.444,57.43,medium
U092,routine_order,easy,100,94.72,49,0,6,False,2026-08-26 12:16:19.449577,sequencing,0.0,97.89,medium
U092,routine_order,easy,100,100.0,37,0,5,True,2026-07-22 07:16:19.449674,sequencing,0.0,100.0,medium
U092,routine_order,hard,50,63.88,73,5,15,True,2026-07-10 12:16:19.449758,sequencing,0.333,58.89,medium
U092,routine_order,hard,70,76.11,63,3,12,True,2026-06-20 22:16:19.449833,sequencing,0.25,73.44,hard
U092,pattern_recall,medium,70,66.41,61,3,10,True,2026-07-24 18:16:19.449907,attention,0.3,68.56,medium
U092,routine_order,easy,80,88.59,56,2,15,True,2026-06-21 01:16:19.449983,sequencing,0.133,84.78,medium
U092,pattern_recall,medium,90,91.2,57,1,15,True,2026-08-26 18:16:19.450058,attention,0.067,91.14,hard
U092,pattern_recall,easy,100,96.82,47,0,7,True,2026-08-10 10:16:19.450131,attention,0.0,98.73,medium
U092,routine_order,medium,40,56.95,62,6,15,True,2026-08-05 20:16:19.450203,sequencing,0.4,50.78,easy
U092,routine_order,hard,60,75.25,78,4,15,False,2026-08-02 20:16:19.450282,sequencing,0.267,68.76,hard
U092,routine_order,hard,60,62.63,74,4,12,True,2026-09-04 20:16:19.450354,sequencing,0.333,62.39,hard
U092,memory_match,easy,92,92.07,31,1,13,True,2026-07-29 13:16:19.450428,memory,0.077,92.09,medium
U092,memory_match,medium,92,81.42,57,1,8,True,2026-06-19 22:16:19.450501,memory,0.125,86.87,hard
U093,pattern_recall,hard,90,77.23,82,1,6,True,2026-07-12 00:16:19.450578,attention,0.167,83.55,hard
U093,routine_order,hard,40,57.66,71,6,15,True,2026-07-22 23:16:19.450652,sequencing,0.4,51.06,medium
U093,pattern_recall,hard,80,81.46,76,2,11,True,2026-07-12 13:16:19.450725,attention,0.182,80.94,hard
U093,memory_match,medium,92,86.56,48,1,11,True,2026-09-07 14:16:19.450798,memory,0.091,89.6,hard
U093,routine_order,easy,90,87.56,59,1,11,True,2026-08-21 06:16:19.450871,sequencing,0.091,89.2,medium
U093,pattern_recall,medium,80,74.82,46,2,7,True,2026-06-16 08:16:19.450943,attention,0.286,76.21,medium
U093,routine_order,easy,80,82.13,49,2,10,True,2026-07-19 06:16:19.451023,sequencing,0.2,80.85,medium
U093,pattern_recall,hard,60,75.37,66,4,15,True,2026-06-30 22:16:19.451095,attention,0.267,68.81,hard
U093,memory_match,hard,44,56.1,78,7,15,True,2026-07-25 14:16:19.451166,memory,0.467,50.7,medium
U093,pattern_recall,medium,70,76.98,35,3,15,True,2026-07-17 06:16:19.451239,attention,0.2,74.79,medium
U093,routine_order,hard,80,78.36,64,2,9,True,2026-08-08 16:16:19.451310,sequencing,0.222,78.9,hard
U093,pattern_recall,hard,50,54.2,86,5,11,True,2026-08-23 10:16:19.451382,attention,0.455,52.58,medium
U093,routine_order,easy,100,96.98,39,0,9,True,2026-07-15 09:16:19.451454,sequencing,0.0,98.79,medium
U093,pattern_recall,hard,60,68.92,72,4,14,True,2026-07-05 16:16:19.451525,attention,0.286,65.85,hard
U093,memory_match,medium,76,63.25,60,3,9,True,2026-07-27 08:16:19.451596,memory,0.333,69.04,medium
U093,memory_match,easy,92,93.57,37,1,11,True,2026-09-05 06:16:19.451693,memory,0.091,92.41,medium
U093,pattern_recall,easy,100,100.0,19,0,7,True,2026-08-11 16:16:19.451777,attention,0.0,100.0,medium
U093,memory_match,hard,68,70.26,55,4,15,True,2026-07-08 18:16:19.451854,memory,0.267,69.96,hard
U093,routine_order,easy,100,96.97,30,0,13,True,2026-08-11 00:16:19.451960,sequencing,0.0,98.79,medium
U093,pattern_recall,hard,70,75.62,50,3,13,True,2026-07-05 23:16:19.452050,attention,0.231,73.63,hard
U093,routine_order,easy,90,79.42,43,1,7,True,2026-08-05 06:16:19.452149,sequencing,0.143,84.91,medium
U093,routine_order,hard,30,44.92,73,7,13,True,2026-08-02 23:16:19.452225,sequencing,0.538,39.21,medium
U093,pattern_recall,medium,90,77.93,52,1,6,True,2026-08-05 07:16:19.452301,attention,0.167,83.83,hard
U093,routine_order,easy,80,85.64,36,2,12,False,2026-06-26 09:16:19.452376,sequencing,0.167,82.92,medium
U093,routine_order,hard,50,57.83,90,5,11,True,2026-07-14 10:16:19.452450,sequencing,0.455,54.03,medium
U093,memory_match,easy,92,77.7,46,1,5,True,2026-08-31 21:16:19.452525,memory,0.2,83.88,medium
U093,pattern_recall,easy,80,85.15,27,2,15,True,2026-07-06 21:16:19.452603,attention,0.133,83.4,medium
U093,routine_order,medium,90,82.19,53,1,6,True,2026-07-12 02:16:19.452677,sequencing,0.167,85.54,hard
U093,pattern_recall,medium,80,82.48,56,2,11,True,2026-08-05 23:16:19.452749,attention,0.182,81.35,hard
U093,memory_match,easy,84,86.24,42,2,15,True,2026-07-15 16:16:19.452822,memory,0.133,85.44,medium
U094,memory_match,hard,68,64.06,63,4,11,True,2026-07-15 15:16:19.452900,memory,0.364,65.54,hard
U094,pattern_recall,medium,60,69.96,41,4,12,True,2026-08-01 12:16:19.452980,attention,0.333,65.32,medium
U094,routine_order,medium,100,92.16,33,0,5,True,2026-06-28 18:16:19.453057,sequencing,0.0,96.86,hard
U094,routine_order,hard,60,65.39,67,4,12,True,2026-07-21 16:16:19.453130,sequencing,0.333,63.5,hard
U094,routine_order,medium,90,83.09,46,1,7,True,2026-09-01 18:16:19.453201,sequencing,0.143,86.38,hard
U094,routine_order,easy,70,72.17,21,3,9,True,2026-08-07 16:16:19.453274,sequencing,0.333,70.21,easy
U094,memory_match,medium,84,73.22,60,2,7,True,2026-07-20 03:16:19.453350,memory,0.286,77.17,medium
U094,routine_order,medium,80,79.92,36,2,12,True,2026-07-09 05:16:19.453422,sequencing,0.167,80.63,hard
U094,memory_match,medium,76,71.31,62,3,9,True,2026-06-12 08:16:19.453494,memory,0.333,72.26,medium
U094,pattern_recall,medium,100,95.13,39,0,8,True,2026-07-13 11:16:19.453566,attention,0.0,98.05,hard
U094,routine_order,medium,80,78.71,52,2,11,True,2026-07-06 15:16:19.453650,sequencing,0.182,79.84,medium
U094,pattern_recall,hard,70,53.07,65,3,6,True,2026-08-25 01:16:19.453740,attention,0.5,59.23,medium
U094,memory_match,hard,76,65.35,69,3,8,True,2026-08-26 03:16:19.453817,memory,0.375,69.04,hard
U094,memory_match,easy,92,89.19,33,1,12,False,2026-07-28 03:16:19.453893,memory,0.083,90.82,medium
U094,pattern_recall,medium,40,47.69,74,6,11,True,2026-08-31 03:16:19.454237,attention,0.545,44.18,easy
U094,pattern_recall,hard,60,63.72,68,4,11,True,2026-06-26 16:16:19.454627,attention,0.364,62.21,hard
U094,pattern_recall,hard,70,68.03,70,3,8,True,2026-09-02 17:16:19.454884,attention,0.375,67.71,hard
U094,memory_match,hard,84,67.76,76,2,5,True,2026-08-15 07:16:19.455109,memory,0.4,72.7,hard
U094,memory_match,easy,92,78.73,30,1,6,True,2026-07-30 01:16:19.455313,memory,0.167,84.95,medium
U094,memory_match,easy,92,91.59,24,1,6,True,2026-08-21 03:16:19.455496,memory,0.167,90.1,medium
U094,pattern_recall,hard,50,61.31,71,5,13,True,2026-06-13 23:16:19.455675,attention,0.385,56.82,medium
U094,memory_match,hard,76,70.01,90,3,11,True,2026-08-09 23:16:19.455855,memory,0.273,72.94,hard
U094,pattern_recall,hard,90,81.06,60,1,6,True,2026-07-02 23:16:19.456087,attention,0.167,85.08,hard
U094,routine_order,hard,70,76.32,64,3,13,True,2026-07-06 16:16:19.456250,sequencing,0.231,73.91,hard
U094,routine_order,hard,70,69.79,95,3,9,True,2026-06-25 12:16:19.456410,sequencing,0.333,69.26,hard
U094,memory_match,hard,76,63.19,72,3,9,True,2026-08-10 01:16:19.456568,memory,0.333,69.02,hard
U094,memory_match,easy,68,69.52,44,4,14,True,2026-08-21 15:16:19.456724,memory,0.286,69.29,easy
U094,memory_match,medium,84,85.72,43,2,15,True,2026-06-12 07:16:19.456859,memory,0.133,85.23,hard
U094,memory_match,hard,76,77.1,86,3,11,True,2026-08-14 11:16:19.456990,memory,0.273,75.78,hard
U094,memory_match,easy,84,72.16,39,2,6,True,2026-07-15 23:16:19.457124,memory,0.333,75.8,easy
U095,pattern_recall,medium,80,77.76,62,2,11,True,2026-08-11 06:16:19.457288,attention,0.182,79.46,medium
U095,routine_order,medium,60,73.99,66,4,15,True,2026-07-25 08:16:19.457488,sequencing,0.267,68.26,medium
U095,routine_order,medium,80,79.17,31,2,10,True,2026-08-31 15:16:19.457641,sequencing,0.2,79.67,medium
U095,memory_match,medium,92,89.74,43,1,8,True,2026-09-04 15:16:19.457819,memory,0.125,90.2,hard
U095,memory_match,medium,92,79.78,47,1,7,True,2026-08-04 17:16:19.458008,memory,0.143,85.85,hard
U095,routine_order,medium,80,75.96,47,2,8,False,2026-09-09 16:16:19.458157,sequencing,0.25,77.38,medium
U095,memory_match,medium,36,45.87,53,8,15,True,2026-08-01 19:16:19.458317,memory,0.533,42.09,easy
U095,memory_match,hard,84,84.98,62,2,13,True,2026-07-26 23:16:19.458461,memory,0.154,84.51,hard
U095,routine_order,hard,90,85.34,81,1,7,True,2026-07-01 17:16:19.458610,sequencing,0.143,87.28,hard
U095,memory_match,medium,84,80.85,35,2,11,True,2026-07-03 01:16:19.458754,memory,0.182,82.3,hard
U095,routine_order,medium,80,79.63,50,2,8,True,2026-09-03 00:16:19.458904,sequencing,0.25,78.85,medium
U095,pattern_recall,easy,100,100.0,31,0,10,True,2026-07-25 02:16:19.459062,attention,0.0,100.0,medium
U095,pattern_recall,easy,80,79.73,27,2,12,True,2026-08-24 14:16:19.459214,attention,0.167,80.55,medium
U095,pattern_recall,hard,70,68.93,40,3,11,True,2026-09-09 02:16:19.459363,attention,0.273,70.11,hard
U095,memory_match,hard,76,65.58,56,3,9,True,2026-06-30 21:16:19.459515,memory,0.333,69.97,hard
U095,routine_order,medium,90,80.57,51,1,5,True,2026-07-26 18:16:19.459676,sequencing,0.2,84.23,hard
U095,memory_match,medium,76,57.29,49,3,7,True,2026-06-17 21:16:19.459842,memory,0.429,64.74,medium
U095,memory_match,easy,92,81.93,42,1,6,True,2026-08-10 01:16:19.460035,memory,0.167,86.23,medium
U095,routine_order,medium,60,70.35,66,4,12,True,2026-08-15 00:16:19.460194,sequencing,0.333,65.48,medium
U095,pattern_recall,easy,90,87.66,32,1,6,True,2026-07-25 12:16:19.460365,attention,0.167,87.72,medium
U095,memory_match,hard,76,61.29,73,3,7,True,2026-08-11 06:16:19.460536,memory,0.429,66.34,hard
U095,routine_order,hard,50,63.1,76,5,13,True,2026-06-20 04:16:19.460696,sequencing,0.385,57.54,medium
U095,routine_order,hard,70,60.44,82,3,7,True,2026-06-17 07:16:19.460851,sequencing,0.429,63.6,hard
U095,memory_match,easy,100,100.0,31,0,13,True,2026-07-06 14:16:19.461019,memory,0.0,100.0,medium
U095,pattern_recall,hard,70,67.06,100,3,9,True,2026-07-27 18:16:19.461171,attention,0.333,68.16,hard
U095,pattern_recall,hard,70,61.72,54,3,9,True,2026-07-09 15:16:19.461312,attention,0.333,66.03,hard
U095,memory_match,easy,68,75.23,54,4,15,True,2026-07-04 10:16:19.461463,memory,0.267,71.95,easy
U095,routine_order,medium,70,81.5,59,3,15,True,2026-08-22 15:16:19.461610,sequencing,0.2,76.6,medium
U095,routine_order,hard,50,58.04,66,5,12,True,2026-07-05 05:16:19.461761,sequencing,0.417,54.88,medium
U095,memory_match,easy,76,78.31,43,3,15,True,2026-07-26 04:16:19.461906,memory,0.2,77.72,easy
U096,memory_match,medium,84,81.75,68,2,11,True,2026-06-19 06:16:19.462112,memory,0.182,82.66,hard
U096,memory_match,hard,84,87.41,87,2,14,True,2026-06-27 13:16:19.462261,memory,0.143,85.7,hard
U096,routine_order,medium,70,68.69,66,3,9,True,2026-07-24 13:16:19.462414,sequencing,0.333,68.82,medium
U096,routine_order,hard,70,66.7,62,3,10,True,2026-08-26 07:16:19.462616,sequencing,0.3,68.68,hard
U096,pattern_recall,hard,70,75.48,70,3,13,True,2026-08-23 08:16:19.463000,attention,0.231,73.57,hard
U096,memory_match,medium,92,83.82,79,1,5,True,2026-06-20 00:16:19.463240,memory,0.2,86.33,hard
U096,routine_order,easy,90,81.63,36,1,6,True,2026-08-16 11:16:19.463368,sequencing,0.167,85.31,medium
U096,memory_match,hard,84,76.84,53,2,9,True,2026-08-06 01:16:19.463462,memory,0.222,79.9,hard
U096,memory_match,hard,84,73.4,62,2,8,True,2026-06-28 05:16:19.463548,memory,0.25,77.96,hard
U096,routine_order,easy,80,80.01,29,2,10,True,2026-08-14 04:16:19.463632,sequencing,0.2,80.0,medium
U096,memory_match,hard,84,66.69,65,2,6,True,2026-08-30 21:16:19.463718,memory,0.333,73.62,hard
U096,memory_match,easy,100,100.0,42,0,7,True,2026-09-06 07:16:19.463809,memory,0.0,100.0,medium
U096,routine_order,easy,90,76.94,44,1,6,True,2026-09-04 11:16:19.463901,sequencing,0.167,83.44,medium
U096,pattern_recall,medium,60,71.93,63,4,14,True,2026-08-14 03:16:19.463987,attention,0.286,67.05,medium
U096,pattern_recall,hard,70,57.91,62,3,8,True,2026-07-04 19:16:19.464071,attention,0.375,63.66,hard
U096,routine_order,easy,100,100.0,10,0,7,True,2026-09-01 18:16:19.464158,sequencing,0.0,100.0,medium
U096,pattern_recall,easy,90,89.16,51,1,13,True,2026-08-30 10:16:19.464246,attention,0.077,90.12,medium
U096,routine_order,easy,80,79.81,38,2,10,True,2026-06-17 13:16:19.464336,sequencing,0.2,79.92,easy
U096,routine_order,hard,60,60.08,81,4,9,True,2026-07-05 16:16:19.464430,sequencing,0.444,59.15,medium
U096,routine_order,easy,90,90.12,39,1,14,True,2026-07-28 19:16:19.464544,sequencing,0.071,90.63,medium
U096,memory_match,medium,92,93.39,53,1,8,True,2026-08-12 14:16:19.464642,memory,0.125,91.66,hard
U096,pattern_recall,hard,40,50.5,59,6,12,True,2026-08-21 06:16:19.464732,attention,0.5,46.2,medium
U096,routine_order,hard,80,78.39,70,2,10,True,2026-08-29 08:16:19.464813,sequencing,0.2,79.36,hard
U096,pattern_recall,medium,80,83.88,56,2,11,True,2026-08-19 00:16:19.464892,attention,0.182,81.91,hard
U096,memory_match,medium,92,80.52,42,1,5,True,2026-08-22 09:16:19.464975,memory,0.2,85.01,hard
U096,routine_order,hard,70,74.93,63,3,11,True,2026-07-25 17:16:19.465055,sequencing,0.273,72.51,hard
U096,pattern_recall,easy,80,77.34,21,2,11,False,2026-06-21 21:16:19.465135,attention,0.182,79.3,easy
U096,routine_order,hard,60,68.98,58,4,13,True,2026-07-31 15:16:19.465211,sequencing,0.308,65.43,hard
U096,routine_order,medium,70,80.33,43,3,13,True,2026-09-08 04:16:19.465287,sequencing,0.231,75.51,medium
U096,pattern_recall,medium,90,85.31,62,1,5,True,2026-08-19 15:16:19.465361,attention,0.2,86.12,hard
U097,routine_order,easy,90,93.87,35,1,9,True,2026-06-26 06:16:19.465449,sequencing,0.111,91.33,medium
U097,routine_order,easy,90,91.21,24,1,6,True,2026-08-13 05:16:19.465526,sequencing,0.167,89.14,medium
U097,pattern_recall,easy,90,90.67,55,1,15,True,2026-07-06 01:16:19.465601,attention,0.067,90.93,medium
U097,routine_order,easy,70,78.82,27,3,15,True,2026-07-01 00:16:19.465674,sequencing,0.2,75.53,easy
U097,pattern_recall,hard,50,54.79,68,5,11,True,2026-09-06 11:16:19.465748,attention,0.455,52.82,medium
U097,pattern_recall,medium,70,70.77,69,3,10,True,2026-08-06 08:16:19.465828,attention,0.3,70.31,medium
U097,pattern_recall,easy,80,84.22,62,2,13,True,2026-07-06 19:16:19.465904,attention,0.154,82.61,medium
U097,memory_match,medium,92,84.43,49,1,9,True,2026-06-14 03:16:19.465977,memory,0.111,88.35,hard
U097,memory_match,hard,68,68.99,78,4,13,False,2026-07-19 23:16:19.466048,memory,0.308,68.64,hard
U097,pattern_recall,easy,60,72.87,40,4,15,True,2026-06-30 04:16:19.466120,attention,0.267,67.81,easy
U097,routine_order,easy,90,79.86,46,1,5,True,2026-07-17 23:16:19.466190,sequencing,0.2,83.94,medium
U097,memory_match,easy,84,77.9,48,2,8,False,2026-09-09 01:16:19.466260,memory,0.25,79.76,easy
U097,pattern_recall,hard,70,80.12,90,3,14,True,2026-08-08 04:16:19.466331,attention,0.214,75.77,hard
U097,pattern_recall,easy,90,91.42,20,1,15,False,2026-08-19 02:16:19.466405,attention,0.067,91.23,medium
U097,routine_order,medium,80,81.9,53,2,10,True,2026-07-21 10:16:19.466476,sequencing,0.2,80.76,hard
U097,routine_order,easy,80,71.2,25,2,6,True,2026-07-15 12:16:19.466573,sequencing,0.333,73.82,easy
U097,memory_match,hard,92,83.04,77,1,5,False,2026-06-28 05:16:19.466656,memory,0.2,86.02,hard
U097,routine_order,hard,60,64.2,71,4,12,True,2026-07-29 07:16:19.466730,sequencing,0.333,63.02,hard
U097,pattern_recall,medium,90,83.28,53,1,6,True,2026-09-07 14:16:19.466802,attention,0.167,85.97,hard
U097,pattern_recall,easy,90,86.33,28,1,9,True,2026-08-06 23:16:19.466874,attention,0.111,88.31,medium
U097,pattern_recall,medium,80,75.5,43,2,10,True,2026-06-30 23:16:19.466947,attention,0.2,78.2,medium
U097,routine_order,easy,90,91.65,48,1,7,True,2026-07-13 02:16:19.467021,sequencing,0.143,89.8,medium
U097,pattern_recall,hard,50,50.43,51,5,11,True,2026-08-18 17:16:19.467091,attention,0.455,51.07,medium
U097,pattern_recall,hard,60,66.82,80,4,12,True,2026-08-19 01:16:19.467161,attention,0.333,64.07,hard
U097,routine_order,easy,100,94.71,29,0,7,True,2026-08-30 03:16:19.467231,sequencing,0.0,97.88,medium
U097,pattern_recall,easy,80,83.17,43,2,12,True,2026-08-19 16:16:19.467307,attention,0.167,81.93,medium
U097,pattern_recall,easy,90,86.62,16,1,7,True,2026-08-20 15:16:19.467384,attention,0.143,87.79,medium
U097,memory_match,easy,84,74.83,26,2,8,True,2026-07-31 18:16:19.467455,memory,0.25,78.53,easy
U097,memory_match,medium,92,78.0,57,1,6,True,2026-09-01 12:16:19.467526,memory,0.167,84.66,hard
U097,routine_order,hard,30,51.93,84,7,14,True,2026-08-18 19:16:19.467597,sequencing,0.5,42.77,medium
U098,routine_order,hard,70,66.72,55,3,8,True,2026-07-19 12:16:19.467671,sequencing,0.375,67.19,hard
U098,routine_order,easy,90,87.75,33,1,5,True,2026-09-09 14:16:19.467742,sequencing,0.2,87.1,medium
U098,memory_match,medium,84,78.46,52,2,9,True,2026-07-06 03:16:19.467813,memory,0.222,80.54,hard
U098,routine_order,easy,90,89.86,25,1,12,True,2026-07-08 02:16:19.467882,sequencing,0.083,90.28,medium
U098,pattern_recall,easy,70,81.41,63,3,14,True,2026-08-24 11:16:19.467951,attention,0.214,76.28,easy
U098,pattern_recall,medium,80,68.47,39,2,7,True,2026-08-25 01:16:19.468021,attention,0.286,73.67,medium
U098,pattern_recall,easy,70,77.72,40,3,15,True,2026-09-01 03:16:19.468094,attention,0.2,75.09,easy
U098,pattern_recall,medium,60,74.49,55,4,15,True,2026-09-01 09:16:19.468162,attention,0.267,68.46,medium
U098,pattern_recall,easy,70,71.75,41,3,11,True,2026-09-08 10:16:19.468231,attention,0.273,71.24,easy
U098,routine_order,medium,80,89.37,41,2,15,True,2026-08-08 14:16:19.468302,sequencing,0.133,85.09,hard
U098,pattern_recall,medium,80,81.5,41,2,11,True,2026-09-09 09:16:19.468373,attention,0.182,80.96,hard
U098,pattern_recall,hard,60,51.01,73,4,8,True,2026-08-24 09:16:19.468441,attention,0.5,54.4,medium
U098,memory_match,medium,68,75.73,64,4,15,True,2026-07-02 10:16:19.468511,memory,0.267,72.15,medium
U098,pattern_recall,hard,70,67.78,73,3,8,True,2026-07-17 17:16:19.468609,attention,0.375,67.61,hard
U098,routine_order,easy,80,79.18,11,2,11,True,2026-07-02 06:16:19.468684,sequencing,0.182,80.03,medium
U098,pattern_recall,hard,50,61.32,67,5,14,True,2026-06-28 16:16:19.468756,attention,0.357,57.39,medium
U098,pattern_recall,hard,80,76.84,72,2,9,True,2026-08-19 19:16:19.468830,attention,0.222,78.3,hard
U098,pattern_recall,medium,80,76.16,48,2,7,True,2026-09-05 13:16:19.468901,attention,0.286,76.74,medium
U098,pattern_recall,easy,80,87.64,19,2,13,True,2026-09-07 00:16:19.468971,attention,0.154,83.98,medium
U098,pattern_recall,easy,90,92.27,53,1,8,True,2026-08-22 12:16:19.469042,attention,0.125,90.41,medium
U098,pattern_recall,medium,70,52.88,36,3,6,True,2026-06-20 11:16:19.469111,attention,0.5,59.15,easy
U098,pattern_recall,hard,80,81.24,105,2,10,True,2026-08-29 18:16:19.469181,attention,0.2,80.5,hard
U098,memory_match,easy,100,97.05,34,0,13,True,2026-06-18 19:16:19.469251,memory,0.0,98.82,medium
U098,memory_match,medium,84,78.13,79,2,7,True,2026-08-25 12:16:19.469321,memory,0.286,79.13,medium
U098,pattern_recall,easy,80,76.3,25,2,8,True,2026-08-25 06:16:19.469392,attention,0.25,77.52,easy
U098,pattern_recall,hard,80,82.34,84,2,13,True,2026-06-13 04:16:19.469462,attention,0.154,81.86,hard
U098,memory_match,medium,84,80.34,60,2,12,True,2026-07-19 02:16:19.469534,memory,0.167,82.4,hard
U098,memory_match,hard,84,73.93,66,2,9,True,2026-08-08 01:16:19.469605,memory,0.222,78.73,hard
U098,pattern_recall,easy,100,98.43,32,0,15,True,2026-08-31 12:16:19.469683,attention,0.0,99.37,medium
U098,pattern_recall,easy,90,82.53,52,1,8,True,2026-08-13 07:16:19.469761,attention,0.125,86.51,medium
U099,pattern_recall,easy,90,91.4,43,1,11,True,2026-06-21 14:16:19.469836,attention,0.091,90.74,medium
U099,pattern_recall,medium,70,75.05,41,3,11,True,2026-07-18 11:16:19.469905,attention,0.273,72.56,medium
U099,memory_match,medium,76,82.1,38,3,14,True,2026-09-08 04:16:19.469976,memory,0.214,78.96,medium
U099,routine_order,hard,70,78.73,61,3,13,True,2026-06-22 23:16:19.470046,sequencing,0.231,74.87,hard
U099,routine_order,easy,50,66.77,38,5,15,True,2026-07-22 19:16:19.470118,sequencing,0.333,60.05,easy
U099,pattern_recall,medium,70,74.54,40,3,12,True,2026-08-04 12:16:19.470192,attention,0.25,72.82,medium
U099,memory_match,hard,76,83.01,75,3,15,True,2026-08-26 15:16:19.470266,memory,0.2,79.6,hard
U099,pattern_recall,medium,100,94.14,38,0,6,True,2026-08-20 16:16:19.470336,attention,0.0,97.66,hard
U099,routine_order,easy,100,99.3,37,0,7,True,2026-07-13 11:16:19.470405,sequencing,0.0,99.72,medium
U099,memory_match,easy,92,70.91,22,1,5,True,2026-08-28 20:16:19.470476,memory,0.2,81.16,medium
U099,memory_match,hard,84,66.55,71,2,6,True,2026-07-31 03:16:19.470830,memory,0.333,73.56,hard
U099,memory_match,medium,76,70.17,36,3,10,True,2026-07-16 13:16:19.471424,memory,0.3,72.47,medium
U099,memory_match,easy,84,84.7,26,2,13,True,2026-08-07 04:16:19.471577,memory,0.154,84.4,medium
U099,pattern_recall,medium,70,75.53,67,3,11,True,2026-08-26 01:16:19.471670,attention,0.273,72.75,medium
U099,pattern_recall,easy,80,85.68,35,2,13,True,2026-06-23 20:16:19.471749,attention,0.154,83.19,medium
U099,memory_match,hard,68,57.97,66,4,9,True,2026-06-20 01:16:19.471825,memory,0.444,61.51,hard
U099,pattern_recall,hard,80,56.16,90,2,5,True,2026-07-14 00:16:19.471913,attention,0.4,66.46,hard
U099,routine_order,medium,80,74.36,44,2,8,True,2026-06-25 06:16:19.471990,sequencing,0.25,76.74,medium
U099,routine_order,hard,60,74.66,82,4,15,True,2026-08-14 10:16:19.472069,sequencing,0.267,68.52,hard
U099,memory_match,easy,100,93.91,31,0,8,True,2026-06-12 01:16:19.472146,memory,0.0,97.56,medium
U099,memory_match,medium,76,75.4,51,3,11,True,2026-07-18 04:16:19.472222,memory,0.273,75.1,medium
U099,pattern_recall,medium,90,89.74,46,1,13,True,2026-06-29 20:16:19.472298,attention,0.077,90.36,hard
U099,pattern_recall,easy,90,84.59,21,1,5,True,2026-06-15 14:16:19.472377,attention,0.2,85.84,medium
U099,pattern_recall,medium,100,99.08,41,0,8,True,2026-06-24 22:16:19.472458,attention,0.0,99.63,hard
U099,pattern_recall,hard,50,67.29,72,5,14,True,2026-08-14 13:16:19.472537,attention,0.357,59.78,medium
U099,memory_match,hard,76,73.33,52,3,13,True,2026-07-14 12:16:19.472617,memory,0.231,75.11,hard
U099,memory_match,hard,76,49.03,71,3,5,True,2026-06-30 03:16:19.472697,memory,0.6,58.01,medium
U099,pattern_recall,hard,70,76.96,72,3,13,True,2026-08-02 22:16:19.472775,attention,0.231,74.16,hard
U099,routine_order,medium,80,78.86,41,2,11,True,2026-08-06 10:16:19.472850,sequencing,0.182,79.9,medium
U099,memory_match,easy,92,91.98,10,1,12,True,2026-09-03 04:16:19.472926,memory,0.083,91.93,medium
U100,memory_match,hard,76,67.52,87,3,8,True,2026-08-02 18:16:19.473056,memory,0.375,69.91,hard
U100,routine_order,medium,90,80.65,56,1,6,True,2026-07-30 00:16:19.473140,sequencing,0.167,84.92,hard
U100,memory_match,hard,52,35.69,77,6,10,True,2026-06-18 17:16:19.473219,memory,0.6,43.08,medium
U100,memory_match,easy,76,74.92,21,3,10,True,2026-06-14 15:16:19.473297,memory,0.3,74.37,easy
U100,routine_order,hard,40,59.42,63,6,14,True,2026-06-25 06:16:19.473376,sequencing,0.429,51.19,medium
U100,routine_order,easy,90,95.17,25,1,12,True,2026-08-10 01:16:19.473453,sequencing,0.083,92.41,medium
U100,routine_order,easy,90,92.31,30,1,14,True,2026-07-16 08:16:19.473533,sequencing,0.071,91.5,medium
U100,routine_order,medium,70,81.72,63,3,14,True,2026-08-15 09:16:19.473612,sequencing,0.214,76.41,medium
U100,pattern_recall,easy,100,100.0,30,0,13,True,2026-06-28 08:16:19.473688,attention,0.0,100.0,medium
U100,routine_order,medium,70,79.24,33,3,13,True,2026-07-28 20:16:19.473764,sequencing,0.231,75.08,medium
U100,pattern_recall,hard,60,74.34,86,4,15,True,2026-06-20 20:16:19.473839,attention,0.267,68.4,hard
U100,memory_match,medium,92,85.94,69,1,6,True,2026-07-02 08:16:19.473921,memory,0.167,87.84,hard
U100,pattern_recall,medium,70,63.92,52,3,8,True,2026-07-24 22:16:19.473994,attention,0.375,66.07,medium
U100,pattern_recall,hard,90,90.01,49,1,8,True,2026-07-06 18:16:19.474071,attention,0.125,89.5,hard
U100,pattern_recall,easy,80,73.13,46,2,8,True,2026-08-26 13:16:19.474145,attention,0.25,76.25,easy
U100,pattern_recall,medium,60,70.18,61,4,12,False,2026-08-24 13:16:19.474219,attention,0.333,65.41,medium
U100,routine_order,hard,80,56.18,56,2,5,True,2026-08-11 02:16:19.474294,sequencing,0.4,66.47,hard
U100,memory_match,medium,100,98.03,56,0,9,True,2026-09-04 05:16:19.474367,memory,0.0,99.21,hard
U100,pattern_recall,easy,90,86.76,17,1,5,False,2026-07-07 03:16:19.474440,attention,0.2,86.7,medium
U100,routine_order,hard,60,72.06,42,4,13,True,2026-08-13 05:16:19.474515,sequencing,0.308,66.66,hard
U100,pattern_recall,easy,90,78.19,39,1,5,True,2026-09-01 06:16:19.474597,attention,0.2,83.28,medium
U100,routine_order,easy,80,77.63,36,2,9,True,2026-08-22 18:16:19.474669,sequencing,0.222,78.61,easy
U100,pattern_recall,easy,90,95.6,22,1,13,True,2026-08-27 01:16:19.474741,attention,0.077,92.7,medium
U100,routine_order,medium,80,75.13,43,2,9,True,2026-07-26 01:16:19.474815,sequencing,0.222,77.61,medium
U100,pattern_recall,medium,70,68.9,40,3,10,True,2026-08-25 09:16:19.474892,attention,0.3,69.56,medium
U100,routine_order,easy,100,100.0,40,0,13,True,2026-06-12 23:16:19.475044,sequencing,0.0,100.0,medium
U100,routine_order,hard,70,67.26,54,3,9,True,2026-07-12 13:16:19.475211,sequencing,0.333,68.24,hard
U100,routine_order,easy,100,100.0,46,0,15,False,2026-09-04 03:16:19.475357,sequencing,0.0,100.0,medium
U100,pattern_recall,easy,90,90.47,32,1,6,True,2026-08-08 08:16:19.475464,attention,0.167,88.85,medium
U100,pattern_recall,easy,90,87.51,43,1,7,True,2026-07-18 07:16:19.475544,attention,0.143,88.14,medium
