user_id,game_id,difficulty_level,score,accuracy,completion_time,mistakes,attempts,completed,mistake_rate,time_efficiency,performance_score,recommended_difficulty
U001,routine_order,easy,90,90.44,28,1,9,True,0.1111111111111111,73.07692307692308,87.45,medium
U001,routine_order,hard,70,71.79,82,3,12,True,0.25,21.153846153846157,64.05,hard
U001,pattern_recall,medium,90,91.62,68,1,13,True,0.07692307692307693,35.238095238095234,82.7,hard
U001,routine_order,medium,80,79.22,41,2,11,False,0.18181818181818182,60.57692307692308,77.09,hard
U001,routine_order,hard,70,63.0,81,3,9,True,0.3333333333333333,22.115384615384613,59.87,hard
U001,memory_match,hard,84,65.14,56,2,6,True,0.3333333333333333,43.99999999999999,68.8,hard
U001,pattern_recall,medium,80,72.39,51,2,6,True,0.3333333333333333,51.42857142857142,71.05,medium
U001,pattern_recall,medium,60,67.93,64,4,11,True,0.36363636363636365,39.047619047619044,60.18,medium
U001,memory_match,easy,92,92.74,29,1,14,False,0.07142857142857142,71.0,89.24,medium
U001,memory_match,easy,92,90.82,46,1,7,True,0.14285714285714285,54.0,84.94,medium
U001,routine_order,medium,60,61.92,63,4,11,True,0.36363636363636365,39.42307692307693,58.13,medium
U001,routine_order,medium,80,76.28,62,2,9,False,0.2222222222222222,40.38461538461539,72.42,medium
U001,memory_match,medium,60,69.2,40,5,15,True,0.3333333333333333,60.0,64.22,medium
U001,memory_match,hard,84,69.87,66,2,8,True,0.25,34.0,70.2,hard
U001,routine_order,hard,90,83.78,64,1,8,True,0.125,38.46153846153846,79.72,hard
U001,pattern_recall,medium,70,62.33,61,3,9,True,0.3333333333333333,41.9047619047619,62.6,medium
U001,pattern_recall,medium,90,90.72,52,1,13,True,0.07692307692307693,50.476190476190474,84.67,hard
U001,memory_match,easy,68,76.3,29,4,15,True,0.26666666666666666,71.0,72.16,easy
U001,routine_order,medium,80,81.53,48,2,10,True,0.2,53.84615384615385,76.61,hard
U001,memory_match,medium,92,76.81,30,1,5,True,0.2,70.0,81.58,hard
U001,routine_order,easy,80,84.36,39,2,11,True,0.18181818181818182,62.5,79.17,medium
U001,pattern_recall,medium,50,52.01,68,5,10,True,0.5,35.238095238095234,48.49,easy
U001,routine_order,hard,80,76.28,63,2,9,True,0.2222222222222222,39.42307692307693,72.28,hard
U001,routine_order,hard,70,59.09,63,3,7,True,0.42857142857142855,39.42307692307693,59.67,hard
U001,routine_order,medium,60,61.49,51,4,11,True,0.36363636363636365,50.96153846153846,59.71,medium
U001,routine_order,medium,80,81.82,61,2,13,True,0.15384615384615385,41.34615384615385,75.53,hard
U001,routine_order,hard,70,79.44,76,3,13,True,0.23076923076923078,26.923076923076927,67.88,hard
U001,pattern_recall,easy,80,87.6,44,2,13,True,0.15384615384615385,58.09523809523809,80.07,medium
U001,routine_order,medium,70,83.18,65,3,15,True,0.2,37.5,71.24,medium
U001,pattern_recall,hard,70,74.67,68,3,13,True,0.23076923076923078,35.238095238095234,67.46,hard
U002,pattern_recall,hard,80,57.09,78,2,5,True,0.4,25.71428571428571,60.84,hard
U002,routine_order,hard,70,77.22,93,3,15,True,0.2,10.576923076923073,65.11,hard
U002,pattern_recall,medium,70,76.89,55,3,12,True,0.25,47.61904761904761,69.8,medium
U002,routine_order,easy,90,91.26,25,1,7,True,0.14285714285714285,75.96153846153845,87.69,medium
U002,memory_match,medium,84,75.76,59,2,9,True,0.2222222222222222,41.0,73.73,medium
U002,routine_order,easy,100,95.46,31,0,7,True,0.0,70.1923076923077,93.94,medium
U002,routine_order,medium,80,83.3,71,2,12,True,0.16666666666666666,31.73076923076923,74.41,hard
U002,routine_order,medium,60,68.45,38,4,14,True,0.2857142857142857,63.46153846153846,65.19,medium
U002,routine_order,medium,60,63.22,39,4,11,True,0.36363636363636365,62.5,62.05,medium
U002,memory_match,medium,84,71.44,48,2,7,True,0.2857142857142857,52.0,72.92,medium
U002,routine_order,medium,70,67.87,45,3,10,True,0.3,56.730769230769226,67.26,medium
U002,pattern_recall,medium,80,80.54,27,2,9,True,0.2222222222222222,74.28571428571429,79.0,medium
U002,memory_match,hard,92,92.89,92,1,11,True,0.09090909090909091,7.9999999999999964,79.55,hard
U002,pattern_recall,medium,90,87.48,42,1,7,True,0.14285714285714285,60.0,83.98,hard
U002,pattern_recall,easy,90,83.64,25,1,9,True,0.1111111111111111,76.19047619047619,85.54,medium
U002,pattern_recall,medium,80,78.84,57,2,11,True,0.18181818181818182,45.714285714285715,74.72,medium
U002,memory_match,hard,84,69.87,63,2,7,True,0.2857142857142857,37.0,70.12,hard
U002,memory_match,hard,60,66.63,92,5,14,True,0.35714285714285715,7.9999999999999964,55.16,hard
U002,memory_match,medium,52,57.05,34,6,14,True,0.42857142857142855,65.99999999999999,56.64,easy
U002,routine_order,medium,90,77.59,78,1,5,True,0.2,25.0,74.41,hard
U002,routine_order,medium,70,77.7,45,3,15,True,0.2,56.730769230769226,72.2,medium
U002,routine_order,easy,100,100.0,12,0,9,True,0.0,88.46153846153845,98.27,medium
U002,pattern_recall,hard,90,71.81,63,1,5,True,0.2,40.0,74.63,hard
U002,pattern_recall,medium,80,71.11,60,2,8,True,0.25,42.85714285714286,70.57,medium
U002,memory_match,easy,92,85.51,41,1,9,True,0.1111111111111111,59.00000000000001,84.31,medium
U002,memory_match,hard,60,51.12,55,5,11,True,0.45454545454545453,44.99999999999999,53.82,medium
U002,memory_match,hard,76,77.25,80,3,13,True,0.23076923076923078,19.999999999999996,68.18,hard
U002,memory_match,medium,84,71.1,46,2,8,True,0.25,54.0,73.63,medium
U002,memory_match,hard,84,70.04,73,2,8,True,0.25,27.0,69.21,hard
U002,memory_match,hard,84,80.24,96,2,9,True,0.2222222222222222,4.0000000000000036,69.75,hard
U003,memory_match,hard,76,68.88,59,3,11,False,0.2727272727272727,41.0,67.77,hard
U003,routine_order,easy,70,76.75,31,3,13,True,0.23076923076923078,70.1923076923077,73.43,easy
U003,routine_order,medium,80,72.67,52,2,6,True,0.3333333333333333,50.0,70.93,medium
U003,memory_match,easy,92,89.46,17,1,5,True,0.2,83.0,87.96,medium
U003,memory_match,easy,84,78.36,51,2,7,True,0.2857142857142857,49.0,74.89,easy
U003,routine_order,medium,60,73.98,50,4,14,True,0.2857142857142857,51.92307692307692,65.4,medium
U003,routine_order,easy,70,73.96,44,3,13,True,0.23076923076923078,57.692307692307686,70.58,easy
U003,memory_match,medium,92,90.59,47,1,9,True,0.1111111111111111,53.0,85.19,hard
U003,memory_match,hard,60,64.28,73,5,13,True,0.38461538461538464,27.0,56.78,hard
U003,memory_match,medium,84,85.72,52,2,13,True,0.15384615384615385,48.0,79.29,hard
U003,pattern_recall,easy,70,76.6,28,3,14,True,0.21428571428571427,73.33333333333334,74.1,easy
U003,memory_match,easy,92,81.77,15,1,5,True,0.2,85.0,85.57,medium
U003,memory_match,easy,76,71.8,57,3,12,True,0.25,43.00000000000001,69.43,easy
U003,memory_match,medium,76,79.95,37,3,13,False,0.23076923076923078,63.0,75.57,medium
U003,memory_match,easy,84,60.48,24,2,5,True,0.4,76.0,70.97,easy
U003,memory_match,easy,100,100.0,39,0,9,True,0.0,61.0,94.15,medium
U003,memory_match,medium,84,70.43,41,2,8,True,0.25,59.00000000000001,74.15,medium
U003,routine_order,hard,70,71.42,95,3,10,True,0.3,8.653846153846157,61.3,hard
U003,memory_match,medium,84,81.14,66,2,11,True,0.18181818181818182,34.0,75.17,hard
U003,pattern_recall,hard,80,64.66,66,2,6,True,0.3333333333333333,37.142857142857146,66.2,hard
U003,routine_order,hard,70,66.31,79,3,10,True,0.3,24.03846153846154,61.81,hard
U003,pattern_recall,hard,70,78.69,78,3,14,True,0.21428571428571427,25.71428571428571,67.68,hard
U003,memory_match,medium,52,61.77,64,6,15,True,0.4,36.0,54.22,easy
U003,routine_order,easy,100,100.0,22,0,15,True,0.0,78.84615384615384,96.83,medium
U003,memory_match,hard,84,69.44,83,2,6,True,0.3333333333333333,17.000000000000004,66.25,hard
U003,memory_match,easy,76,72.2,19,3,10,True,0.3,81.0,74.52,easy
U003,memory_match,medium,60,64.82,36,5,14,True,0.35714285714285715,64.0,62.93,medium
U003,pattern_recall,hard,90,77.51,63,1,5,True,0.2,40.0,76.63,hard
U003,routine_order,hard,70,68.65,71,3,11,True,0.2727272727272727,31.73076923076923,64.2,hard
U003,pattern_recall,medium,80,85.67,56,2,15,True,0.13333333333333333,46.666666666666664,77.98,hard
U004,routine_order,hard,60,60.89,59,4,9,True,0.4444444444444444,43.269230769230774,57.14,medium
U004,routine_order,medium,80,69.27,46,2,5,True,0.4,55.769230769230774,69.61,medium
U004,pattern_recall,hard,70,66.02,96,3,8,True,0.375,8.571428571428575,58.27,hard
U004,memory_match,hard,68,53.77,56,4,8,True,0.5,43.99999999999999,56.72,medium
U004,routine_order,easy,90,89.97,33,1,9,True,0.1111111111111111,68.26923076923077,86.56,medium
U004,routine_order,medium,70,71.08,40,3,12,True,0.25,61.53846153846154,69.86,medium
U004,routine_order,easy,90,88.9,34,1,8,True,0.125,67.3076923076923,85.84,medium
U004,routine_order,hard,60,52.31,77,4,9,True,0.4444444444444444,25.96153846153846,51.54,medium
U004,memory_match,easy,100,100.0,38,0,10,True,0.0,62.0,94.3,medium
U004,memory_match,hard,52,51.7,85,6,12,True,0.5,15.000000000000002,46.04,medium
U004,pattern_recall,easy,80,79.17,38,2,9,True,0.2222222222222222,63.8095238095238,76.95,easy
U004,routine_order,medium,80,59.3,38,2,5,True,0.4,63.46153846153846,67.27,medium
U004,pattern_recall,medium,90,71.92,35,1,5,True,0.2,66.66666666666667,78.67,hard
U004,routine_order,easy,90,92.63,43,1,7,True,0.14285714285714285,58.65384615384615,85.58,medium
U004,routine_order,medium,40,54.92,54,6,14,True,0.42857142857142855,48.07692307692307,49.0,easy
U004,routine_order,medium,90,79.5,60,1,5,True,0.2,42.307692307692314,77.67,hard
U004,memory_match,easy,84,82.61,45,2,9,True,0.2222222222222222,55.00000000000001,78.23,medium
U004,routine_order,medium,70,78.65,57,3,12,True,0.25,45.192307692307686,70.06,medium
U004,memory_match,easy,100,94.66,36,0,8,False,0.0,64.0,92.73,medium
U004,memory_match,easy,84,80.03,40,2,8,True,0.25,60.0,77.66,medium
U004,routine_order,medium,90,87.38,44,1,8,True,0.125,57.692307692307686,83.86,hard
U004,routine_order,easy,80,74.81,71,2,8,True,0.25,31.73076923076923,70.19,easy
U004,routine_order,medium,50,69.26,35,5,15,False,0.3333333333333333,66.34615384615384,61.69,medium
U004,routine_order,hard,70,77.14,52,3,14,True,0.21428571428571427,50.0,70.78,hard
U004,memory_match,easy,92,86.09,44,1,8,True,0.125,56.00000000000001,83.86,medium
U004,routine_order,medium,60,70.97,66,4,13,True,0.3076923076923077,36.53846153846154,61.7,medium
U004,memory_match,medium,84,70.73,44,2,8,True,0.25,56.00000000000001,73.81,medium
U004,routine_order,medium,100,100.0,56,0,9,True,0.0,46.15384615384615,91.92,hard
U004,pattern_recall,easy,90,93.52,10,1,15,True,0.06666666666666667,90.47619047619048,91.8,medium
U004,routine_order,medium,70,78.61,59,3,15,True,0.2,43.269230769230774,70.5,medium
U005,memory_match,hard,76,79.39,62,3,15,True,0.2,38.0,72.09,hard
U005,memory_match,easy,84,82.31,22,2,12,True,0.16666666666666666,78.0,82.41,medium
U005,pattern_recall,hard,90,82.5,66,1,5,True,0.2,37.142857142857146,77.95,hard
U005,routine_order,medium,90,87.4,38,1,6,True,0.16666666666666666,63.46153846153846,84.11,hard
U005,routine_order,easy,90,79.32,32,1,7,True,0.14285714285714285,69.23076923076923,82.5,medium
U005,pattern_recall,medium,80,73.38,49,2,6,True,0.3333333333333333,53.333333333333336,71.68,medium
U005,memory_match,hard,60,61.29,63,5,12,True,0.4166666666666667,37.0,56.75,hard
U005,memory_match,hard,76,77.62,77,3,12,True,0.25,23.0,68.47,hard
U005,memory_match,medium,84,70.43,39,2,6,True,0.3333333333333333,61.0,73.2,medium
U005,routine_order,easy,80,68.3,56,2,6,True,0.3333333333333333,46.15384615384615,68.83,easy
U005,routine_order,medium,70,72.41,63,3,11,True,0.2727272727272727,39.42307692307693,66.67,medium
U005,pattern_recall,medium,90,86.5,46,1,7,True,0.14285714285714285,56.19047619047619,83.06,hard
U005,memory_match,medium,84,79.84,50,2,11,True,0.18181818181818182,50.0,77.12,hard
U005,routine_order,easy,80,88.08,14,2,13,True,0.15384615384615385,86.53846153846155,84.5,medium
U005,pattern_recall,medium,60,64.12,51,4,11,True,0.36363636363636365,51.42857142857142,60.7,medium
U005,memory_match,medium,84,60.7,57,2,5,True,0.4,43.00000000000001,66.1,medium
U005,memory_match,medium,76,72.76,42,3,10,True,0.3,58.00000000000001,71.27,medium
U005,memory_match,easy,60,66.59,20,5,14,True,0.35714285714285715,80.0,65.95,easy
U005,routine_order,easy,80,86.87,26,2,14,True,0.14285714285714285,75.0,82.51,medium
U005,routine_order,easy,90,92.48,53,1,10,True,0.1,49.03846153846154,84.72,medium
U005,pattern_recall,easy,70,67.45,34,3,8,True,0.375,67.61904761904762,67.63,easy
U005,routine_order,medium,60,72.2,78,4,13,True,0.3076923076923077,25.0,60.4,medium
U005,memory_match,easy,84,78.73,57,2,11,True,0.18181818181818182,43.00000000000001,75.68,medium
U005,pattern_recall,medium,40,59.37,64,6,15,True,0.4,39.047619047619044,49.64,easy
U005,pattern_recall,easy,70,71.81,32,3,12,True,0.25,69.52380952380952,71.31,easy
U005,routine_order,easy,90,93.34,41,1,13,True,0.07692307692307693,60.57692307692308,87.1,medium
U005,routine_order,medium,70,78.45,45,3,14,True,0.21428571428571427,56.730769230769226,72.25,medium
U005,pattern_recall,easy,70,65.48,32,3,9,True,0.3333333333333333,69.52380952380952,67.85,easy
U005,pattern_recall,hard,70,68.6,78,3,8,True,0.375,25.71428571428571,61.74,hard
U005,routine_order,easy,80,72.26,52,2,6,True,0.3333333333333333,50.0,70.79,easy
U006,pattern_recall,hard,80,83.44,47,2,12,True,0.16666666666666666,55.23809523809524,77.99,hard
U006,pattern_recall,easy,90,87.67,46,1,6,True,0.16666666666666666,56.19047619047619,83.11,medium
U006,pattern_recall,hard,80,69.82,83,2,7,True,0.2857142857142857,20.952380952380956,66.29,hard
U006,memory_match,medium,100,100.0,42,0,13,True,0.0,58.00000000000001,93.7,hard
U006,memory_match,easy,84,80.8,32,2,12,True,0.16666666666666666,68.0,80.38,medium
U006,pattern_recall,easy,90,84.65,38,1,5,True,0.2,63.8095238095238,82.7,medium
U006,routine_order,medium,70,70.51,60,3,10,False,0.3,42.307692307692314,66.02,medium
U006,routine_order,medium,70,65.77,55,3,8,True,0.375,47.11538461538461,63.96,medium
U006,memory_match,hard,76,75.18,64,3,14,True,0.21428571428571427,36.0,70.1,hard
U006,memory_match,medium,76,70.63,64,3,9,True,0.3333333333333333,36.0,66.72,medium
U006,memory_match,hard,68,75.31,99,4,15,True,0.26666666666666666,1.0000000000000009,61.31,hard
U006,pattern_recall,easy,90,88.44,30,1,10,True,0.1,71.42857142857143,86.67,medium
U006,pattern_recall,easy,70,78.87,30,3,13,True,0.23076923076923078,71.42857142857143,74.36,easy
U006,memory_match,hard,68,75.59,94,4,15,True,0.26666666666666666,6.000000000000005,62.16,hard
U006,routine_order,easy,90,85.46,27,1,9,True,0.1111111111111111,74.03846153846155,85.85,medium
U006,memory_match,easy,100,94.07,35,0,7,True,0.0,65.0,92.67,medium
U006,memory_match,easy,84,87.4,39,2,12,True,0.16666666666666666,61.0,81.64,medium
U006,memory_match,easy,92,90.02,45,1,14,True,0.07142857142857142,55.00000000000001,85.89,medium
U006,routine_order,easy,80,81.3,25,2,11,True,0.18181818181818182,75.96153846153845,80.12,medium
U006,memory_match,easy,76,77.18,28,3,15,False,0.2,72.0,76.41,easy
U006,routine_order,medium,90,83.45,76,1,7,True,0.14285714285714285,26.923076923076927,77.6,hard
U006,pattern_recall,easy,90,84.05,38,1,9,True,0.1111111111111111,63.8095238095238,83.82,medium
U006,pattern_recall,hard,90,73.9,63,1,5,True,0.2,40.0,75.36,hard
U006,pattern_recall,hard,40,63.13,93,6,15,True,0.4,11.428571428571432,46.81,medium
U006,memory_match,hard,84,64.51,84,2,7,True,0.2857142857142857,16.000000000000004,65.09,hard
U006,pattern_recall,medium,60,64.7,48,4,11,True,0.36363636363636365,54.28571428571429,61.33,medium
U006,pattern_recall,hard,70,80.22,86,3,15,True,0.2,18.0952380952381,67.29,hard
U006,routine_order,easy,60,72.73,55,4,13,True,0.3076923076923077,47.11538461538461,63.91,easy
U006,routine_order,medium,50,64.48,67,5,15,False,0.3333333333333333,35.57692307692307,55.4,easy
U006,memory_match,easy,92,83.41,21,1,6,True,0.16666666666666666,79.0,85.74,medium
U007,memory_match,medium,92,89.49,56,1,13,True,0.07692307692307693,43.99999999999999,83.97,hard
U007,pattern_recall,easy,80,84.6,18,2,10,True,0.2,82.85714285714285,82.04,medium
U007,routine_order,easy,90,83.81,21,1,6,True,0.16666666666666666,79.8076923076923,85.3,medium
U007,memory_match,easy,92,88.72,41,1,12,True,0.08333333333333333,59.00000000000001,85.85,medium
U007,memory_match,easy,92,86.63,24,1,10,True,0.1,76.0,87.42,medium
U007,pattern_recall,medium,90,79.08,25,1,5,True,0.2,76.19047619047619,82.61,hard
U007,memory_match,medium,68,66.98,47,4,11,True,0.36363636363636365,53.0,64.74,medium
U007,pattern_recall,hard,80,72.52,72,2,7,True,0.2857142857142857,31.428571428571427,68.81,hard
U007,memory_match,hard,52,53.66,80,6,12,True,0.5,19.999999999999996,47.48,medium
U007,pattern_recall,hard,60,70.15,81,4,14,True,0.2857142857142857,22.857142857142854,59.7,hard
U007,pattern_recall,medium,80,70.49,44,2,7,True,0.2857142857142857,58.09523809523809,72.1,medium
U007,memory_match,easy,92,91.19,49,1,7,True,0.14285714285714285,51.0,84.62,medium
U007,routine_order,medium,70,82.06,26,3,15,True,0.2,75.0,76.47,medium
U007,routine_order,easy,80,82.43,15,2,9,True,0.2222222222222222,85.57692307692308,81.35,medium
U007,memory_match,medium,84,79.24,63,2,8,True,0.25,37.0,73.93,hard
U007,pattern_recall,medium,80,68.12,34,2,7,True,0.2857142857142857,67.61904761904762,72.7,medium
U007,routine_order,easy,90,89.02,27,1,11,True,0.09090909090909091,74.03846153846155,87.4,medium
U007,pattern_recall,hard,50,61.96,68,5,13,True,0.38461538461538464,35.238095238095234,53.7,medium
U007,pattern_recall,hard,80,80.49,49,2,10,True,0.2,53.333333333333336,76.17,hard
U007,routine_order,easy,80,85.17,34,2,12,True,0.16666666666666666,67.3076923076923,80.41,medium
U007,routine_order,hard,50,67.5,82,5,14,True,0.35714285714285715,21.153846153846157,53.94,medium
U007,memory_match,easy,100,91.49,18,0,5,True,0.0,82.0,94.32,medium
U007,memory_match,hard,84,65.78,95,2,5,True,0.4,5.000000000000004,62.17,hard
U007,routine_order,medium,80,74.41,48,2,6,False,0.3333333333333333,53.84615384615385,72.12,medium
U007,pattern_recall,easy,80,72.63,43,2,9,True,0.2222222222222222,59.04761904761905,73.94,easy
U007,memory_match,hard,76,78.16,74,3,12,True,0.25,26.0,69.11,hard
U007,pattern_recall,hard,60,59.62,78,4,11,True,0.36363636363636365,25.71428571428571,55.27,hard
U007,routine_order,easy,100,95.73,33,0,10,True,0.0,68.26923076923077,93.75,medium
U007,routine_order,medium,90,75.97,50,1,6,True,0.16666666666666666,51.92307692307692,78.38,hard
U007,memory_match,hard,92,70.98,75,1,5,True,0.2,25.0,72.79,hard
U008,pattern_recall,easy,100,93.39,57,0,6,False,0.0,45.714285714285715,89.54,medium
U008,memory_match,easy,76,82.38,29,3,15,True,0.2,71.0,78.08,easy
U008,routine_order,medium,90,84.9,45,1,5,True,0.2,56.730769230769226,81.72,hard
U008,memory_match,easy,76,74.04,18,3,11,True,0.2727272727272727,82.0,75.72,easy
U008,memory_match,easy,76,81.97,35,3,15,True,0.2,65.0,77.04,easy
U008,pattern_recall,medium,100,100.0,50,0,12,True,0.0,52.38095238095239,92.86,hard
U008,memory_match,medium,76,60.69,52,3,8,True,0.375,48.0,64.42,medium
U008,pattern_recall,medium,60,74.47,55,4,15,True,0.26666666666666666,47.61904761904761,65.21,medium
U008,memory_match,medium,84,72.33,45,2,8,True,0.25,55.00000000000001,74.22,medium
U008,routine_order,easy,80,86.8,52,2,14,True,0.14285714285714285,50.0,78.74,medium
U008,memory_match,easy,68,75.18,32,4,15,True,0.26666666666666666,68.0,71.31,easy
U008,memory_match,hard,60,62.99,74,5,14,True,0.35714285714285715,26.0,56.59,hard
U008,pattern_recall,hard,50,64.38,84,5,14,True,0.35714285714285715,19.999999999999996,52.68,medium
U008,pattern_recall,medium,100,100.0,55,0,14,True,0.0,47.61904761904761,92.14,hard
U008,pattern_recall,easy,80,72.56,27,2,9,True,0.2222222222222222,74.28571428571429,76.21,easy
U008,routine_order,medium,80,82.87,58,2,14,True,0.14285714285714285,44.230769230769226,76.5,hard
U008,memory_match,hard,76,68.2,83,3,9,True,0.3333333333333333,17.000000000000004,63.02,hard
U008,routine_order,hard,70,78.64,97,3,14,True,0.21428571428571427,6.730769230769229,64.82,hard
U008,routine_order,hard,60,60.96,90,4,10,True,0.4,13.461538461538458,53.36,hard
U008,routine_order,hard,80,79.43,64,2,8,True,0.25,38.46153846153846,72.82,hard
U008,memory_match,medium,92,85.1,34,1,8,True,0.125,65.99999999999999,85.01,hard
U008,routine_order,medium,90,71.13,48,1,5,True,0.2,53.84615384615385,76.47,hard
U008,routine_order,easy,90,91.31,16,1,7,True,0.14285714285714285,84.61538461538461,89.01,medium
U008,pattern_recall,medium,80,75.56,44,2,10,True,0.2,58.09523809523809,75.16,medium
U008,pattern_recall,medium,50,67.09,58,5,14,True,0.35714285714285715,44.76190476190476,57.34,easy
U008,memory_match,hard,68,58.08,66,4,9,True,0.4444444444444444,34.0,57.56,hard
U008,pattern_recall,medium,90,78.92,46,1,5,True,0.2,56.19047619047619,79.55,hard
U008,pattern_recall,easy,80,77.14,19,2,9,True,0.2222222222222222,81.9047619047619,78.95,easy
U008,routine_order,hard,70,57.97,44,3,8,True,0.375,57.692307692307686,62.82,hard
U008,pattern_recall,hard,90,85.9,93,1,8,True,0.125,11.428571428571432,76.4,hard
U009,pattern_recall,medium,90,91.76,63,1,14,True,0.07142857142857142,40.0,83.54,hard
U009,routine_order,medium,90,75.25,41,1,6,True,0.16666666666666666,60.57692307692308,79.42,hard
U009,pattern_recall,medium,80,87.86,56,2,13,True,0.15384615384615385,46.666666666666664,78.44,hard
U009,routine_order,medium,80,71.84,61,2,7,True,0.2857142857142857,41.34615384615385,70.06,medium
U009,memory_match,medium,92,82.08,51,1,8,True,0.125,49.0,81.4,hard
U009,memory_match,hard,92,84.31,85,1,7,True,0.14285714285714285,15.000000000000002,76.82,hard
U009,pattern_recall,medium,90,76.21,32,1,6,True,0.16666666666666666,69.52380952380952,81.1,hard
U009,memory_match,hard,60,63.36,65,5,13,True,0.38461538461538464,35.0,57.66,hard
U009,memory_match,hard,76,61.67,61,3,8,True,0.375,39.0,63.41,hard
U009,routine_order,medium,60,63.33,47,4,11,True,0.36363636363636365,54.807692307692314,60.93,medium
U009,routine_order,easy,90,89.18,34,1,11,True,0.09090909090909091,67.3076923076923,86.45,medium
U009,pattern_recall,hard,80,86.49,80,2,12,True,0.16666666666666666,23.809523809523814,74.34,hard
U009,memory_match,medium,60,67.06,50,5,15,True,0.3333333333333333,50.0,61.97,medium
U009,memory_match,medium,92,84.32,35,1,7,True,0.14285714285714285,65.0,84.32,hard
U009,pattern_recall,easy,80,87.91,26,2,13,True,0.15384615384615385,75.23809523809524,82.75,medium
U009,memory_match,easy,84,84.12,46,2,15,True,0.13333333333333333,54.0,79.94,medium
U009,memory_match,hard,84,67.76,82,2,7,True,0.2857142857142857,18.000000000000004,66.53,hard
U009,routine_order,easy,100,92.93,50,0,7,True,0.0,51.92307692307692,90.31,medium
U009,memory_match,easy,84,77.31,10,2,8,True,0.25,90.0,81.21,easy
U009,routine_order,hard,70,64.49,65,3,9,True,0.3333333333333333,37.5,62.7,hard
U009,pattern_recall,hard,70,78.96,61,3,13,False,0.23076923076923078,41.9047619047619,69.96,hard
U009,routine_order,easy,70,76.39,24,3,13,True,0.23076923076923078,76.92307692307692,74.31,easy
U009,pattern_recall,easy,90,84.27,22,1,6,True,0.16666666666666666,79.04761904761905,85.35,medium
U009,pattern_recall,hard,50,60.71,72,5,12,True,0.4166666666666667,31.428571428571427,52.21,medium
U009,pattern_recall,medium,90,79.11,56,1,7,True,0.14285714285714285,46.666666666666664,79.05,hard
U009,pattern_recall,medium,80,75.33,53,2,9,False,0.2222222222222222,49.523809523809526,73.46,medium
U009,pattern_recall,hard,70,80.25,60,3,13,True,0.23076923076923078,42.85714285714286,70.55,hard
U009,pattern_recall,medium,70,81.0,42,3,15,False,0.2,60.0,73.85,medium
U009,routine_order,easy,100,99.78,29,0,5,True,0.0,72.11538461538461,95.74,medium
U009,routine_order,hard,70,76.53,75,3,13,True,0.23076923076923078,27.884615384615387,67.01,hard
U010,pattern_recall,easy,90,90.39,39,1,8,True,0.125,62.857142857142854,85.69,medium
U010,pattern_recall,hard,80,80.0,60,2,11,True,0.18181818181818182,42.85714285714286,74.7,hard
U010,memory_match,easy,84,83.66,35,2,14,True,0.14285714285714285,65.0,81.29,medium
U010,pattern_recall,medium,90,85.27,60,1,8,True,0.125,42.85714285714286,80.9,hard
U010,routine_order,easy,90,82.12,24,1,8,True,0.125,76.92307692307692,84.91,medium
U010,routine_order,medium,60,62.82,29,4,12,True,0.3333333333333333,72.11538461538461,63.8,medium
U010,pattern_recall,easy,70,70.55,15,3,11,True,0.2727272727272727,85.71428571428572,72.96,easy
U010,memory_match,medium,92,95.61,73,1,12,True,0.08333333333333333,27.0,83.46,hard
U010,routine_order,hard,60,60.82,70,4,10,True,0.4,32.692307692307686,56.19,hard
U010,memory_match,hard,84,69.82,86,2,8,True,0.25,14.000000000000002,67.19,hard
U010,pattern_recall,hard,60,73.8,54,4,15,True,0.26666666666666666,48.57142857142858,65.12,hard
U010,memory_match,easy,100,100.0,22,0,15,True,0.0,78.0,96.7,medium
U010,routine_order,hard,80,87.85,89,2,13,True,0.15384615384615385,14.423076923076927,73.6,hard
U010,routine_order,easy,90,92.18,55,1,10,True,0.1,47.11538461538461,84.33,medium
U010,routine_order,easy,80,79.17,19,2,9,True,0.2222222222222222,81.73076923076923,79.64,easy
U010,memory_match,medium,76,72.13,52,3,11,True,0.2727272727272727,48.0,69.95,medium
U010,memory_match,medium,84,74.26,38,2,8,True,0.25,62.0,75.94,medium
U010,pattern_recall,medium,80,67.24,39,2,7,True,0.2857142857142857,62.857142857142854,71.68,medium
U010,pattern_recall,medium,90,88.6,47,1,10,True,0.1,55.23809523809524,84.3,hard
U010,routine_order,medium,50,52.76,61,5,11,True,0.45454545454545453,41.34615384615385,50.35,easy
U010,routine_order,hard,50,66.42,81,5,14,True,0.35714285714285715,22.115384615384613,53.71,medium
U010,pattern_recall,easy,90,92.94,20,1,14,True,0.07142857142857142,80.95238095238095,90.1,medium
U010,routine_order,easy,70,78.93,55,3,13,True,0.23076923076923078,47.11538461538461,70.73,easy
U010,memory_match,easy,92,89.29,43,1,13,True,0.07692307692307693,57.00000000000001,85.85,medium
U010,pattern_recall,medium,80,82.51,45,2,14,True,0.14285714285714285,57.14285714285714,78.31,hard
U010,memory_match,medium,92,93.33,47,1,12,True,0.08333333333333333,53.0,86.57,hard
U010,routine_order,hard,60,62.72,77,4,11,True,0.36363636363636365,25.96153846153846,56.39,hard
U010,pattern_recall,medium,50,67.26,56,5,15,True,0.3333333333333333,46.666666666666664,58.04,medium
U010,routine_order,medium,70,76.39,41,3,12,True,0.25,60.57692307692308,71.57,medium
U010,routine_order,medium,50,68.97,24,5,15,True,0.3333333333333333,76.92307692307692,63.18,medium
U011,routine_order,hard,60,70.13,53,4,12,True,0.3333333333333333,49.03846153846154,62.9,hard
U011,memory_match,easy,92,95.5,18,1,12,True,0.08333333333333333,82.0,91.68,medium
U011,pattern_recall,medium,90,85.34,45,1,7,True,0.14285714285714285,57.14285714285714,82.8,hard
U011,memory_match,easy,84,84.06,31,2,15,True,0.13333333333333333,69.0,82.17,medium
U011,pattern_recall,hard,70,70.92,73,3,11,False,0.2727272727272727,30.476190476190478,64.8,hard
U011,routine_order,easy,100,96.49,52,0,8,False,0.0,50.0,91.27,medium
U011,routine_order,easy,100,96.87,66,0,13,True,0.0,36.53846153846154,89.39,medium
U011,routine_order,easy,70,72.41,23,3,10,True,0.3,77.88461538461539,72.03,easy
U011,memory_match,hard,68,71.77,79,4,13,True,0.3076923076923077,20.999999999999996,62.45,hard
U011,pattern_recall,medium,60,72.43,46,4,14,True,0.2857142857142857,56.19047619047619,65.49,medium
U011,pattern_recall,easy,70,77.16,42,3,15,True,0.2,60.0,72.51,easy
U011,memory_match,easy,84,89.29,40,2,15,True,0.13333333333333333,60.0,82.65,medium
U011,pattern_recall,medium,70,67.77,56,3,8,True,0.375,46.666666666666664,64.59,medium
U011,routine_order,hard,80,77.68,65,2,10,True,0.2,37.5,72.81,hard
U011,memory_match,easy,100,99.58,29,0,8,True,0.0,71.0,95.5,medium
U011,routine_order,easy,90,87.82,44,1,10,True,0.1,57.692307692307686,84.39,medium
U011,pattern_recall,medium,80,71.28,34,2,7,True,0.2857142857142857,67.61904761904762,73.81,medium
U011,memory_match,easy,84,80.94,34,2,10,True,0.2,65.99999999999999,79.63,medium
U011,pattern_recall,hard,80,74.41,81,2,8,False,0.25,22.857142857142854,68.72,hard
U011,routine_order,hard,90,91.0,76,1,8,True,0.125,26.923076923076927,80.51,hard
U011,memory_match,easy,60,66.15,31,5,15,True,0.3333333333333333,69.0,64.5,easy
U011,pattern_recall,easy,90,89.28,46,1,10,True,0.1,56.19047619047619,84.68,medium
U011,memory_match,medium,84,77.7,64,2,9,True,0.2222222222222222,36.0,73.66,hard
U011,memory_match,easy,92,94.75,41,1,12,False,0.08333333333333333,59.00000000000001,87.96,medium
U011,routine_order,hard,70,57.8,69,3,7,True,0.42857142857142855,33.65384615384615,58.35,hard
U011,memory_match,hard,92,83.32,67,1,7,True,0.14285714285714285,32.99999999999999,79.17,hard
U011,pattern_recall,easy,80,82.92,14,2,13,True,0.15384615384615385,86.66666666666667,82.71,medium
U011,pattern_recall,medium,70,69.58,34,3,10,True,0.3,67.61904761904762,69.5,medium
U011,pattern_recall,easy,80,70.85,10,2,7,True,0.2857142857142857,90.47619047619048,77.08,easy
U011,memory_match,easy,92,82.95,35,1,5,True,0.2,65.0,82.98,medium
U012,memory_match,medium,44,53.16,33,7,14,True,0.5,67.0,51.56,easy
U012,memory_match,easy,84,76.14,38,2,7,True,0.2857142857142857,62.0,76.06,easy
U012,routine_order,easy,70,82.06,36,3,15,True,0.2,65.38461538461539,75.03,easy
U012,memory_match,hard,84,77.31,68,2,9,True,0.2222222222222222,31.999999999999996,72.93,hard
U012,memory_match,easy,92,91.88,40,1,11,True,0.09090909090909091,60.0,86.99,medium
U012,memory_match,hard,76,65.23,77,3,8,True,0.375,23.0,62.26,hard
U012,memory_match,hard,92,80.32,96,1,5,True,0.2,4.0000000000000036,72.91,hard
U012,routine_order,medium,90,89.26,64,1,6,True,0.16666666666666666,38.46153846153846,81.01,hard
U012,pattern_recall,medium,70,73.99,46,3,10,True,0.3,56.19047619047619,69.33,medium
U012,routine_order,medium,80,60.03,42,2,5,True,0.4,59.61538461538461,66.95,medium
U012,memory_match,medium,60,57.41,59,5,11,True,0.45454545454545453,41.0,55.43,easy
U012,pattern_recall,hard,90,87.4,61,1,11,True,0.09090909090909091,41.9047619047619,82.01,hard
U012,pattern_recall,hard,90,90.91,53,1,13,True,0.07692307692307693,49.523809523809526,84.59,hard
U012,pattern_recall,hard,90,84.86,79,1,5,True,0.2,24.761904761904763,76.92,hard
U012,memory_match,hard,52,59.36,65,6,14,True,0.42857142857142855,35.0,52.8,medium
U012,routine_order,hard,90,73.36,86,1,5,True,0.2,17.307692307692314,71.77,hard
U012,pattern_recall,medium,100,95.91,44,0,6,True,0.0,58.09523809523809,92.28,hard
U012,routine_order,easy,80,80.64,34,2,10,True,0.2,67.3076923076923,78.32,medium
U012,pattern_recall,hard,60,68.59,56,4,14,True,0.2857142857142857,46.666666666666664,62.72,hard
U012,memory_match,hard,68,71.4,81,4,13,False,0.3076923076923077,18.999999999999993,62.02,hard
U012,pattern_recall,easy,80,69.29,21,2,8,False,0.25,80.0,75.5,easy
U012,pattern_recall,easy,90,91.38,41,1,7,True,0.14285714285714285,60.952380952380956,85.48,medium
U012,routine_order,medium,80,75.32,44,2,9,False,0.2222222222222222,57.692307692307686,74.68,medium
U012,memory_match,hard,84,67.28,57,2,6,True,0.3333333333333333,43.00000000000001,69.4,hard
U012,routine_order,medium,80,88.01,74,2,14,True,0.14285714285714285,28.846153846153843,75.99,hard
U012,memory_match,easy,92,90.24,38,1,15,True,0.06666666666666667,62.0,87.08,medium
U012,memory_match,hard,84,65.38,73,2,5,True,0.4,27.0,65.33,hard
U012,pattern_recall,medium,80,75.75,36,2,8,True,0.25,65.71428571428571,75.62,medium
U012,pattern_recall,hard,60,75.4,61,4,15,True,0.26666666666666666,41.9047619047619,64.68,hard
U012,memory_match,medium,68,55.0,29,4,8,True,0.5,71.0,61.2,easy
U013,routine_order,easy,70,71.15,47,3,12,True,0.25,54.807692307692314,68.87,easy
U013,routine_order,easy,100,100.0,37,0,11,True,0.0,64.42307692307692,94.66,medium
U013,routine_order,hard,70,61.27,75,3,9,True,0.3333333333333333,27.884615384615387,60.13,hard
U013,routine_order,medium,70,71.64,60,3,11,True,0.2727272727272727,42.307692307692314,66.83,medium
U013,memory_match,hard,84,73.21,63,2,9,True,0.2222222222222222,37.0,72.24,hard
U013,routine_order,medium,80,74.77,40,2,6,True,0.3333333333333333,61.53846153846154,73.4,medium
U013,routine_order,hard,90,90.09,79,1,6,True,0.16666666666666666,24.03846153846154,79.14,hard
U013,pattern_recall,easy,100,99.55,35,0,10,True,0.0,66.66666666666667,94.84,medium
U013,routine_order,hard,50,61.31,59,5,12,True,0.4166666666666667,43.269230769230774,54.2,medium
U013,memory_match,hard,52,53.59,68,6,13,True,0.46153846153846156,31.999999999999996,49.83,medium
U013,routine_order,easy,100,99.81,29,0,5,True,0.0,72.11538461538461,95.75,medium
U013,pattern_recall,medium,90,79.1,44,1,6,True,0.16666666666666666,58.09523809523809,80.4,hard
U013,routine_order,medium,50,66.93,52,5,15,True,0.3333333333333333,50.0,58.43,medium
U013,routine_order,hard,80,62.05,65,2,6,True,0.3333333333333333,37.5,65.34,hard
U013,routine_order,easy,80,85.0,35,2,14,True,0.14285714285714285,66.34615384615384,80.56,medium
U013,memory_match,hard,68,59.33,99,4,10,True,0.4,1.0000000000000009,53.72,hard
U013,memory_match,easy,92,86.85,22,1,6,True,0.16666666666666666,78.0,86.8,medium
U013,routine_order,easy,60,66.2,21,4,12,False,0.3333333333333333,79.8076923076923,66.14,easy
U013,pattern_recall,hard,20,44.61,68,8,15,True,0.5333333333333333,35.238095238095234,34.9,medium
U013,routine_order,hard,80,74.5,66,2,9,False,0.2222222222222222,36.53846153846154,71.22,hard
U013,routine_order,easy,90,78.82,31,1,7,True,0.14285714285714285,70.1923076923077,82.47,medium
U013,memory_match,easy,60,60.75,35,5,13,True,0.38461538461538464,65.0,61.24,easy
U013,routine_order,easy,100,97.35,31,0,6,True,0.0,70.1923076923077,94.6,medium
U013,routine_order,medium,70,74.27,54,3,11,True,0.2727272727272727,48.07692307692307,68.62,medium
U013,routine_order,medium,80,78.38,46,2,10,True,0.2,55.769230769230774,75.8,medium
U013,routine_order,easy,70,67.56,36,3,9,True,0.3333333333333333,65.38461538461539,67.95,easy
U013,pattern_recall,medium,70,74.82,18,3,10,True,0.3,82.85714285714285,73.62,medium
U013,memory_match,hard,84,83.12,63,2,11,True,0.18181818181818182,37.0,76.31,hard
U013,pattern_recall,hard,50,61.37,72,5,13,True,0.38461538461538464,31.428571428571427,52.92,medium
U013,memory_match,easy,92,86.02,54,1,8,True,0.125,46.0,82.33,medium
U014,routine_order,easy,90,86.65,36,1,7,True,0.14285714285714285,65.38461538461539,84.49,medium
U014,memory_match,hard,76,66.77,88,3,10,True,0.3,12.0,62.27,hard
U014,memory_match,medium,76,70.8,79,3,11,True,0.2727272727272727,20.999999999999996,65.44,medium
U014,memory_match,hard,76,74.37,71,3,10,True,0.3,29.000000000000004,67.48,hard
U014,routine_order,medium,70,65.63,39,3,9,True,0.3333333333333333,62.5,66.85,medium
U014,routine_order,hard,70,60.89,55,3,8,True,0.375,47.11538461538461,62.25,hard
U014,routine_order,easy,100,96.15,48,0,6,True,0.0,53.84615384615385,91.73,medium
U014,routine_order,medium,80,60.11,41,2,6,True,0.3333333333333333,60.57692307692308,68.13,medium
U014,pattern_recall,easy,90,91.55,37,1,6,True,0.16666666666666666,64.76190476190476,85.76,medium
U014,routine_order,medium,90,87.87,52,1,12,True,0.08333333333333333,50.0,83.5,hard
U014,routine_order,easy,60,61.24,42,4,10,True,0.4,59.61538461538461,60.38,easy
U014,routine_order,medium,70,61.9,51,3,9,True,0.3333333333333333,50.96153846153846,63.81,medium
U014,routine_order,medium,80,78.63,50,2,8,True,0.25,51.92307692307692,74.56,medium
U014,memory_match,hard,84,74.26,69,2,6,True,0.3333333333333333,31.000000000000007,70.04,hard
U014,pattern_recall,hard,80,66.59,51,2,5,True,0.4,51.42857142857142,68.02,hard
U014,pattern_recall,easy,70,81.87,35,3,14,True,0.21428571428571427,66.66666666666667,74.94,easy
U014,routine_order,hard,50,69.6,54,5,15,True,0.3333333333333333,48.07692307692307,59.07,hard
U014,memory_match,easy,84,81.42,27,2,12,False,0.16666666666666666,73.0,81.35,medium
U014,memory_match,easy,84,78.51,51,2,8,True,0.25,49.0,75.48,medium
U014,memory_match,hard,76,50.33,82,3,6,False,0.5,18.000000000000004,54.42,hard
U014,routine_order,medium,50,64.89,59,5,14,True,0.35714285714285715,43.269230769230774,56.34,easy
U014,routine_order,medium,80,81.87,58,2,9,True,0.2222222222222222,44.230769230769226,74.96,hard
U014,pattern_recall,easy,70,81.35,17,3,15,True,0.2,83.80952380952381,77.54,easy
U014,pattern_recall,hard,60,60.01,54,4,11,True,0.36363636363636365,48.57142857142858,58.83,hard
U014,memory_match,medium,92,75.72,68,1,6,True,0.16666666666666666,31.999999999999996,76.0,hard
U014,routine_order,hard,50,69.92,66,5,15,True,0.3333333333333333,36.53846153846154,57.45,hard
U014,memory_match,easy,100,97.66,31,0,12,True,0.0,69.0,94.53,medium
U014,memory_match,medium,92,77.63,66,1,5,True,0.2,34.0,76.47,hard
U014,memory_match,hard,68,72.48,64,4,13,True,0.3076923076923077,36.0,64.95,hard
U014,pattern_recall,easy,70,76.34,43,3,11,True,0.2727272727272727,59.04761904761905,70.99,easy
U015,routine_order,hard,80,80.07,59,2,8,True,0.25,43.269230769230774,73.76,hard
U015,routine_order,medium,60,66.38,36,4,13,True,0.3076923076923077,65.38461538461539,64.43,medium
U015,memory_match,medium,68,63.23,44,4,10,True,0.4,56.00000000000001,63.33,medium
U015,memory_match,hard,84,83.97,64,2,15,True,0.13333333333333333,36.0,77.19,hard
U015,routine_order,medium,60,54.59,46,4,8,True,0.5,55.769230769230774,55.97,easy
U015,pattern_recall,easy,100,100.0,72,0,8,False,0.0,31.428571428571427,89.71,medium
U015,routine_order,hard,70,77.16,69,3,11,True,0.2727272727272727,33.65384615384615,67.46,hard
U015,pattern_recall,hard,80,75.42,57,2,9,True,0.2222222222222222,45.714285714285715,72.92,hard
U015,routine_order,easy,90,84.94,43,1,7,True,0.14285714285714285,58.65384615384615,82.88,medium
U015,pattern_recall,easy,90,84.4,40,1,8,True,0.125,61.904761904761905,83.45,medium
U015,pattern_recall,easy,100,100.0,58,0,9,True,0.0,44.76190476190476,91.71,medium
U015,pattern_recall,easy,90,86.87,38,1,8,True,0.125,63.8095238095238,84.6,medium
U015,pattern_recall,hard,50,61.18,70,5,12,True,0.4166666666666667,33.333333333333336,52.66,medium
U015,routine_order,hard,70,69.7,62,3,9,True,0.3333333333333333,40.38461538461539,64.95,hard
U015,memory_match,medium,92,89.18,40,1,9,True,0.1111111111111111,60.0,85.75,hard
U015,pattern_recall,medium,100,95.13,42,0,9,True,0.0,60.0,92.3,hard
U015,memory_match,easy,92,92.01,45,1,11,True,0.09090909090909091,55.00000000000001,86.29,medium
U015,memory_match,easy,92,89.24,33,1,13,False,0.07692307692307693,67.0,87.33,medium
U015,memory_match,medium,92,92.14,43,1,14,True,0.07142857142857142,57.00000000000001,86.93,hard
U015,routine_order,hard,80,72.91,99,2,7,True,0.2857142857142857,4.807692307692313,64.95,hard
U015,pattern_recall,medium,70,79.86,37,3,15,True,0.2,64.76190476190476,74.17,medium
U015,pattern_recall,hard,90,83.99,85,1,9,True,0.1111111111111111,19.047619047619047,77.09,hard
U015,routine_order,hard,80,80.9,82,2,10,True,0.2,21.153846153846157,71.49,hard
U015,memory_match,easy,92,83.66,23,1,9,True,0.1111111111111111,77.0,86.36,medium
U015,memory_match,hard,76,74.98,86,3,13,True,0.23076923076923078,14.000000000000002,66.48,hard
U015,memory_match,hard,84,65.73,51,2,5,True,0.4,49.0,68.76,hard
U015,pattern_recall,medium,70,68.69,58,3,10,True,0.3,44.76190476190476,65.76,medium
U015,pattern_recall,hard,80,72.5,74,2,8,True,0.25,29.52380952380952,69.05,hard
U015,memory_match,hard,68,56.08,78,4,8,True,0.5,21.999999999999996,54.23,medium
U015,memory_match,hard,76,68.26,67,3,9,True,0.3333333333333333,32.99999999999999,65.44,hard
U016,routine_order,easy,90,70.93,31,1,5,True,0.2,70.1923076923077,78.85,medium
U016,routine_order,medium,80,74.29,61,2,8,True,0.25,41.34615384615385,71.45,medium
U016,pattern_recall,hard,80,83.17,78,2,12,False,0.16666666666666666,25.71428571428571,73.47,hard
U016,pattern_recall,medium,40,63.24,46,6,15,True,0.4,56.19047619047619,53.56,easy
U016,pattern_recall,easy,100,96.07,43,0,9,True,0.0,59.04761904761905,92.48,medium
U016,routine_order,medium,40,60.85,26,6,15,True,0.4,75.0,55.55,easy
U016,routine_order,medium,90,81.66,66,1,8,True,0.125,36.53846153846154,78.69,hard
U016,pattern_recall,hard,80,78.79,58,2,10,True,0.2,44.76190476190476,74.29,hard
U016,pattern_recall,easy,90,90.43,23,1,11,True,0.09090909090909091,78.0952380952381,88.5,medium
U016,routine_order,hard,60,67.96,79,4,14,True,0.2857142857142857,24.03846153846154,59.11,hard
U016,memory_match,easy,92,90.49,32,1,9,True,0.1111111111111111,68.0,87.4,medium
U016,pattern_recall,hard,50,61.61,57,5,13,True,0.38461538461538464,45.714285714285715,55.15,medium
U016,pattern_recall,easy,90,89.18,45,1,5,True,0.2,57.14285714285714,83.28,medium
U016,pattern_recall,easy,70,61.78,22,3,8,True,0.375,79.04761904761905,67.36,easy
U016,memory_match,hard,76,70.12,91,3,10,True,0.3,8.999999999999996,62.99,hard
U016,pattern_recall,hard,60,74.73,74,4,14,True,0.2857142857142857,29.52380952380952,62.3,hard
U016,memory_match,medium,68,62.82,57,4,11,True,0.36363636363636365,43.00000000000001,61.78,medium
U016,routine_order,medium,70,78.13,55,3,13,True,0.23076923076923078,47.11538461538461,70.45,medium
U016,routine_order,hard,90,79.86,83,1,5,True,0.2,20.192307692307686,74.48,hard
U016,memory_match,medium,76,76.58,73,3,11,True,0.2727272727272727,27.0,68.36,medium
U016,routine_order,easy,90,93.58,32,1,11,True,0.09090909090909091,69.23076923076923,88.27,medium
U016,memory_match,medium,100,100.0,37,0,9,True,0.0,63.0,94.45,hard
U016,memory_match,medium,92,79.81,71,1,5,True,0.2,29.000000000000004,76.48,hard
U016,memory_match,hard,68,65.12,62,4,11,True,0.36363636363636365,38.0,61.84,hard
U016,pattern_recall,easy,90,84.1,47,1,9,True,0.1111111111111111,55.23809523809524,82.55,medium
U016,pattern_recall,hard,50,60.03,62,5,12,True,0.4166666666666667,40.95238095238095,53.4,medium
U016,memory_match,hard,84,70.92,63,2,6,True,0.3333333333333333,37.0,69.77,hard
U016,routine_order,easy,80,66.23,42,2,7,True,0.2857142857142857,59.61538461538461,70.84,easy
U016,routine_order,hard,70,62.95,44,3,8,True,0.375,57.692307692307686,64.56,hard
U016,pattern_recall,medium,80,73.1,63,2,6,True,0.3333333333333333,40.0,69.58,medium
U017,memory_match,easy,100,98.97,40,0,11,True,0.0,60.0,93.64,medium
U017,memory_match,hard,84,83.03,78,2,11,True,0.18181818181818182,21.999999999999996,74.03,hard
U017,routine_order,hard,90,86.0,83,1,8,True,0.125,20.192307692307686,77.75,hard
U017,pattern_recall,easy,70,75.12,46,3,12,True,0.25,56.19047619047619,70.47,easy
U017,memory_match,hard,92,78.43,80,1,5,True,0.2,19.999999999999996,74.65,hard
U017,routine_order,medium,90,82.66,49,1,5,True,0.2,52.88461538461539,80.36,hard
U017,routine_order,medium,70,68.87,59,3,9,True,0.3333333333333333,43.269230769230774,65.09,medium
U017,routine_order,medium,70,75.43,66,3,11,True,0.2727272727272727,36.53846153846154,67.29,medium
U017,memory_match,easy,76,68.0,32,3,9,True,0.3333333333333333,68.0,70.6,easy
U017,pattern_recall,medium,60,73.45,67,4,15,True,0.26666666666666666,36.1904761904762,63.14,medium
U017,memory_match,medium,92,79.34,45,1,5,True,0.2,55.00000000000001,80.22,hard
U017,routine_order,hard,100,93.49,56,0,5,False,0.0,46.15384615384615,89.64,hard
U017,routine_order,medium,60,58.88,58,4,9,True,0.4444444444444444,44.230769230769226,56.58,easy
U017,pattern_recall,easy,90,88.87,48,1,7,True,0.14285714285714285,54.28571428571429,83.6,medium
U017,memory_match,medium,84,70.34,48,2,7,True,0.2857142857142857,52.0,72.53,medium
U017,memory_match,hard,84,65.86,81,2,6,True,0.3333333333333333,18.999999999999993,65.3,hard
U017,routine_order,easy,90,91.26,46,1,13,True,0.07692307692307693,55.769230769230774,85.65,medium
U017,memory_match,medium,84,86.38,46,2,12,True,0.16666666666666666,54.0,80.23,hard
U017,memory_match,hard,76,80.13,83,3,13,True,0.23076923076923078,17.000000000000004,68.73,hard
U017,memory_match,hard,68,56.94,74,4,10,True,0.4,26.0,56.63,hard
U017,memory_match,medium,76,82.23,66,3,15,True,0.2,34.0,72.48,medium
U017,pattern_recall,medium,80,67.2,87,2,6,True,0.3333333333333333,17.14285714285714,64.09,medium
U017,pattern_recall,medium,60,72.81,53,4,15,True,0.26666666666666666,49.523809523809526,64.91,medium
U017,pattern_recall,medium,80,79.07,59,2,11,True,0.18181818181818182,43.80952380952381,74.52,medium
U017,routine_order,easy,100,97.13,29,0,13,False,0.0,72.11538461538461,94.81,medium
U017,pattern_recall,easy,90,87.89,36,1,12,True,0.08333333333333333,65.71428571428571,85.87,medium
U017,memory_match,hard,84,85.37,58,2,14,True,0.14285714285714285,42.00000000000001,78.44,hard
U017,routine_order,medium,80,75.23,31,2,10,True,0.2,70.1923076923077,76.86,medium
U017,routine_order,easy,80,88.34,35,2,13,False,0.15384615384615385,66.34615384615384,81.56,medium
U017,routine_order,hard,50,56.97,57,5,12,True,0.4166666666666667,45.192307692307686,52.97,medium
U018,memory_match,easy,84,81.21,39,2,10,True,0.2,61.0,78.97,medium
U018,pattern_recall,hard,80,74.73,49,2,9,True,0.2222222222222222,53.333333333333336,73.82,hard
U018,pattern_recall,hard,50,67.39,82,5,14,True,0.35714285714285715,21.904761904761905,54.02,medium
U018,pattern_recall,easy,90,79.6,22,1,6,True,0.16666666666666666,79.04761904761905,83.72,medium
U018,routine_order,medium,80,80.94,27,2,11,True,0.18181818181818182,74.03846153846155,79.71,hard
U018,pattern_recall,hard,30,43.57,94,7,13,True,0.5384615384615384,10.476190476190473,34.24,medium
U018,routine_order,hard,70,71.05,67,3,11,True,0.2727272727272727,35.57692307692307,65.61,hard
U018,memory_match,easy,100,100.0,55,0,14,True,0.0,44.99999999999999,91.75,medium
U018,routine_order,easy,80,76.22,47,2,10,True,0.2,54.807692307692314,74.9,easy
U018,routine_order,easy,90,93.47,33,1,10,False,0.1,68.26923076923077,87.95,medium
U018,pattern_recall,hard,80,81.38,59,2,9,True,0.2222222222222222,43.80952380952381,74.72,hard
U018,routine_order,medium,100,100.0,77,0,10,True,0.0,25.96153846153846,88.89,hard
U018,pattern_recall,easy,100,98.54,43,0,10,True,0.0,59.04761904761905,93.35,medium
U018,memory_match,easy,68,75.0,26,4,15,True,0.26666666666666666,74.0,72.15,easy
U018,routine_order,medium,80,81.3,66,2,9,True,0.2222222222222222,36.53846153846154,73.6,hard
U018,routine_order,medium,80,77.8,69,2,11,True,0.18181818181818182,33.65384615384615,72.55,medium
U018,routine_order,easy,60,72.82,43,4,13,True,0.3076923076923077,58.65384615384615,65.67,easy
U018,pattern_recall,easy,90,77.23,43,1,5,True,0.2,59.04761904761905,79.39,medium
U018,routine_order,medium,80,85.81,69,2,14,True,0.14285714285714285,33.65384615384615,75.94,hard
U018,routine_order,hard,70,61.69,79,3,9,True,0.3333333333333333,24.03846153846154,59.7,hard
U018,pattern_recall,medium,70,77.98,66,3,13,True,0.23076923076923078,37.142857142857146,68.9,medium
U018,memory_match,easy,92,85.92,38,1,7,True,0.14285714285714285,62.0,84.43,medium
U018,routine_order,medium,90,85.74,32,1,9,True,0.1111111111111111,69.23076923076923,85.23,hard
U018,pattern_recall,easy,100,93.76,53,0,7,True,0.0,49.523809523809526,90.24,medium
U018,pattern_recall,medium,70,77.19,53,3,12,True,0.25,49.523809523809526,70.2,medium
U018,routine_order,easy,90,92.98,23,1,12,True,0.08333333333333333,77.88461538461539,89.48,medium
U018,routine_order,medium,80,79.64,59,2,12,True,0.16666666666666666,43.269230769230774,74.86,hard
U018,memory_match,hard,84,59.51,91,2,6,True,0.3333333333333333,8.999999999999996,61.58,hard
U018,routine_order,hard,60,62.72,66,4,10,True,0.4,36.53846153846154,57.43,hard
U018,pattern_recall,easy,100,97.23,32,0,10,True,0.0,69.52380952380952,94.46,medium
U019,pattern_recall,medium,80,81.15,42,2,13,True,0.15384615384615385,60.0,78.09,hard
U019,memory_match,hard,92,81.64,60,1,8,True,0.125,40.0,79.9,hard
U019,pattern_recall,hard,50,61.59,90,5,14,True,0.35714285714285715,14.28571428571429,50.84,medium
U019,routine_order,easy,80,82.59,37,2,9,True,0.2222222222222222,64.42307692307692,78.24,medium
U019,pattern_recall,easy,90,88.22,32,1,6,True,0.16666666666666666,69.52380952380952,85.31,medium
U019,pattern_recall,hard,40,59.48,71,6,14,True,0.42857142857142855,32.38095238095238,48.25,medium
U019,pattern_recall,medium,50,57.92,40,5,11,True,0.45454545454545453,61.904761904761905,55.24,easy
U019,memory_match,hard,52,58.24,73,6,14,True,0.42857142857142855,27.0,51.21,medium
U019,memory_match,medium,60,55.36,46,5,12,True,0.4166666666666667,54.0,57.23,easy
U019,pattern_recall,medium,80,79.83,47,2,10,True,0.2,55.23809523809524,76.23,medium
U019,memory_match,hard,84,64.89,84,2,5,True,0.4,16.000000000000004,63.51,hard
U019,memory_match,medium,92,75.58,41,1,6,True,0.16666666666666666,59.00000000000001,80.0,hard
U019,pattern_recall,medium,90,88.88,68,1,8,True,0.125,35.238095238095234,81.02,hard
U019,memory_match,hard,76,59.37,68,3,7,True,0.42857142857142855,31.999999999999996,60.75,hard
U019,routine_order,hard,70,76.37,57,3,14,True,0.21428571428571427,45.192307692307686,69.79,hard
U019,routine_order,hard,70,68.36,76,3,8,True,0.375,26.923076923076927,61.84,hard
U019,memory_match,hard,52,56.98,65,6,15,True,0.4,35.0,52.39,medium
U019,memory_match,medium,60,61.86,54,5,12,False,0.4166666666666667,46.0,58.3,medium
U019,routine_order,easy,50,62.44,27,5,13,True,0.38461538461538464,74.03846153846155,59.69,easy
U019,pattern_recall,medium,60,65.34,25,4,11,True,0.36363636363636365,76.19047619047619,64.84,medium
U019,pattern_recall,easy,60,65.33,22,4,11,True,0.36363636363636365,79.04761904761905,65.27,easy
U019,pattern_recall,easy,90,91.73,14,1,12,True,0.08333333333333333,86.66666666666667,90.36,medium
U019,routine_order,hard,90,84.08,62,1,9,True,0.1111111111111111,40.38461538461539,80.32,hard
U019,pattern_recall,easy,100,98.47,29,0,15,True,0.0,72.38095238095238,95.32,medium
U019,routine_order,medium,60,69.7,54,4,13,True,0.3076923076923077,48.07692307692307,62.99,medium
U019,memory_match,hard,68,67.95,38,4,11,True,0.36363636363636365,62.0,66.43,hard
U019,memory_match,hard,68,72.89,73,4,13,True,0.3076923076923077,27.0,63.75,hard
U019,routine_order,medium,80,76.61,49,2,9,True,0.2222222222222222,52.88461538461539,74.41,medium
U019,routine_order,easy,90,89.91,31,1,13,True,0.07692307692307693,70.1923076923077,87.34,medium
U019,memory_match,hard,60,65.41,69,5,14,True,0.35714285714285715,31.000000000000007,58.19,hard
U020,routine_order,hard,80,77.23,57,2,8,False,0.25,45.192307692307686,73.06,hard
U020,routine_order,hard,60,69.4,57,4,12,True,0.3333333333333333,45.192307692307686,62.07,hard
U020,memory_match,hard,76,61.92,61,3,9,True,0.3333333333333333,39.0,64.12,hard
U020,pattern_recall,easy,70,70.58,45,3,11,True,0.2727272727272727,57.14285714285714,68.68,easy
U020,memory_match,easy,76,65.68,27,3,8,True,0.375,73.0,69.91,easy
U020,memory_match,medium,76,70.31,39,3,11,True,0.2727272727272727,61.0,71.27,medium
U020,routine_order,medium,90,93.98,40,1,9,True,0.1111111111111111,61.53846153846154,86.96,hard
U020,routine_order,hard,60,62.77,79,4,10,True,0.4,24.03846153846154,55.58,hard
U020,routine_order,easy,80,80.31,18,2,10,True,0.2,82.6923076923077,80.51,medium
U020,memory_match,medium,60,65.96,46,5,15,True,0.3333333333333333,54.0,62.19,medium
U020,memory_match,medium,76,76.45,44,3,11,True,0.2727272727272727,56.00000000000001,72.67,medium
U020,memory_match,easy,84,80.9,44,2,9,True,0.2222222222222222,56.00000000000001,77.78,medium
U020,pattern_recall,medium,90,92.4,63,1,11,True,0.09090909090909091,40.0,83.48,hard
U020,routine_order,hard,80,71.17,60,2,6,True,0.3333333333333333,42.307692307692314,69.26,hard
U020,routine_order,easy,100,96.77,43,0,11,True,0.0,58.65384615384615,92.67,medium
U020,routine_order,medium,60,71.8,47,4,15,True,0.26666666666666666,54.807692307692314,65.35,medium
U020,pattern_recall,hard,90,85.67,88,1,6,True,0.16666666666666666,16.19047619047619,76.41,hard
U020,pattern_recall,easy,80,84.72,31,2,14,True,0.14285714285714285,70.47619047619047,81.08,medium
U020,memory_match,medium,84,79.84,38,2,8,True,0.25,62.0,77.89,hard
U020,pattern_recall,medium,50,61.06,70,5,13,True,0.38461538461538464,33.333333333333336,53.1,easy
U020,memory_match,medium,92,76.38,65,1,6,True,0.16666666666666666,35.0,76.68,hard
U020,pattern_recall,hard,90,80.67,76,1,6,True,0.16666666666666666,27.61904761904762,76.38,hard
U020,memory_match,hard,76,61.27,70,3,9,True,0.3333333333333333,30.000000000000004,62.54,hard
U020,pattern_recall,medium,90,81.41,41,1,8,True,0.125,60.952380952380956,82.26,hard
U020,memory_match,easy,92,88.74,48,1,10,True,0.1,52.0,84.56,medium
U020,memory_match,hard,76,66.62,71,3,10,True,0.3,29.000000000000004,64.77,hard
U020,routine_order,medium,80,76.17,12,2,9,True,0.2222222222222222,88.46153846153845,79.6,medium
U020,routine_order,medium,80,67.84,66,2,7,True,0.2857142857142857,36.53846153846154,67.94,medium
U020,memory_match,hard,84,82.32,73,2,10,True,0.2,27.0,74.26,hard
U020,routine_order,easy,70,78.72,32,3,15,True,0.2,69.23076923076923,74.44,easy
U021,routine_order,easy,80,84.1,47,2,14,True,0.14285714285714285,54.807692307692314,78.51,medium
U021,pattern_recall,easy,90,87.71,48,1,7,True,0.14285714285714285,54.28571428571429,83.2,medium
U021,memory_match,hard,84,70.9,58,2,8,True,0.25,42.00000000000001,71.76,hard
U021,pattern_recall,hard,70,76.45,87,3,13,True,0.23076923076923078,17.14285714285714,65.37,hard
U021,memory_match,easy,92,81.39,40,1,8,True,0.125,60.0,82.81,medium
U021,routine_order,medium,60,66.43,38,4,13,True,0.3076923076923077,63.46153846153846,64.15,medium
U021,routine_order,hard,70,80.8,97,3,15,True,0.2,6.730769230769229,65.79,hard
U021,pattern_recall,medium,100,96.71,50,0,8,True,0.0,52.38095238095239,91.71,hard
U021,routine_order,hard,70,62.01,84,3,7,True,0.42857142857142855,19.23076923076923,57.66,hard
U021,memory_match,easy,92,92.66,47,1,13,False,0.07692307692307693,53.0,86.43,medium
U021,memory_match,hard,60,46.44,56,5,10,True,0.5,43.99999999999999,51.35,medium
U021,pattern_recall,hard,70,68.12,74,3,10,True,0.3,29.52380952380952,63.27,hard
U021,pattern_recall,hard,40,48.35,62,6,12,False,0.5,40.95238095238095,44.57,medium
U021,pattern_recall,medium,90,78.73,56,1,6,True,0.16666666666666666,46.666666666666664,78.56,hard
U021,memory_match,hard,52,59.03,71,6,15,True,0.4,29.000000000000004,52.21,medium
U021,memory_match,medium,84,78.09,45,2,10,True,0.2,55.00000000000001,76.98,hard
U021,pattern_recall,medium,70,79.13,62,3,12,True,0.25,40.95238095238095,69.59,medium
U021,routine_order,hard,90,77.62,72,1,6,True,0.16666666666666666,30.76923076923077,75.78,hard
U021,routine_order,hard,70,65.76,81,3,9,True,0.3333333333333333,22.115384615384613,60.83,hard
U021,pattern_recall,hard,50,54.67,70,5,10,True,0.5,33.333333333333336,49.13,medium
U021,pattern_recall,medium,90,78.95,49,1,5,True,0.2,53.333333333333336,79.13,hard
U021,pattern_recall,easy,100,100.0,16,0,12,True,0.0,84.76190476190476,97.71,medium
U021,pattern_recall,easy,90,90.29,50,1,11,False,0.09090909090909091,52.38095238095239,84.6,medium
U021,routine_order,easy,90,78.25,30,1,6,True,0.16666666666666666,71.15384615384616,82.06,medium
U021,pattern_recall,hard,70,67.23,54,3,10,True,0.3,48.57142857142858,65.82,hard
U021,routine_order,hard,80,73.26,75,2,6,True,0.3333333333333333,27.884615384615387,67.82,hard
U021,pattern_recall,hard,80,81.41,77,2,13,True,0.15384615384615385,26.66666666666667,73.19,hard
U021,routine_order,hard,80,80.03,93,2,10,True,0.2,10.576923076923073,69.6,hard
U021,pattern_recall,easy,70,69.56,37,3,11,True,0.2727272727272727,64.76190476190476,69.47,easy
U021,routine_order,hard,70,60.41,80,3,7,True,0.42857142857142855,23.076923076923073,57.68,hard
U022,memory_match,hard,60,65.56,77,5,14,True,0.35714285714285715,23.0,57.04,hard
U022,memory_match,hard,84,70.27,61,2,7,True,0.2857142857142857,39.0,70.56,hard
U022,memory_match,easy,100,100.0,42,0,5,True,0.0,58.00000000000001,93.7,medium
U022,memory_match,easy,92,91.45,44,1,13,True,0.07692307692307693,56.00000000000001,86.45,medium
U022,pattern_recall,hard,70,78.7,56,3,13,True,0.23076923076923078,46.666666666666664,70.58,hard
U022,memory_match,easy,92,90.29,36,1,11,True,0.09090909090909091,64.0,87.04,medium
U022,memory_match,medium,60,64.39,56,5,14,True,0.35714285714285715,43.99999999999999,59.78,medium
U022,routine_order,easy,60,76.03,19,4,15,True,0.26666666666666666,81.73076923076923,70.87,easy
U022,pattern_recall,medium,90,76.23,71,1,5,True,0.2,32.38095238095238,75.04,hard
U022,pattern_recall,hard,70,81.21,59,3,15,True,0.2,43.80952380952381,71.49,hard
U022,memory_match,medium,92,78.6,46,1,6,True,0.16666666666666666,54.0,80.31,hard
U022,pattern_recall,easy,100,96.39,59,0,10,True,0.0,43.80952380952381,90.31,medium
U022,pattern_recall,hard,60,63.18,56,4,11,True,0.36363636363636365,46.666666666666664,59.66,hard
U022,routine_order,medium,50,65.2,53,5,13,True,0.38461538461538464,49.03846153846154,56.91,easy
U022,pattern_recall,hard,60,63.63,79,4,11,True,0.36363636363636365,24.761904761904763,56.53,hard
U022,routine_order,easy,80,79.55,53,2,9,True,0.2222222222222222,49.03846153846154,74.86,easy
U022,memory_match,hard,92,74.89,67,1,5,True,0.2,32.99999999999999,75.36,hard
U022,memory_match,medium,76,74.98,54,3,10,True,0.3,46.0,70.24,medium
U022,routine_order,hard,70,62.28,71,3,7,True,0.42857142857142855,31.73076923076923,59.63,hard
U022,routine_order,medium,80,63.56,60,2,5,True,0.4,42.307692307692314,65.59,medium
U022,pattern_recall,easy,80,82.03,51,2,10,True,0.2,51.42857142857142,76.42,medium
U022,routine_order,easy,70,76.68,27,3,11,True,0.2727272727272727,74.03846153846155,73.35,easy
U022,pattern_recall,easy,100,100.0,20,0,15,True,0.0,80.95238095238095,97.14,medium
U022,pattern_recall,easy,100,98.37,49,0,13,True,0.0,53.333333333333336,92.43,medium
U022,routine_order,hard,90,86.71,76,1,9,True,0.1111111111111111,26.923076923076927,79.22,hard
U022,pattern_recall,easy,70,75.27,47,3,12,True,0.25,55.23809523809524,70.38,easy
U022,memory_match,medium,68,68.76,41,4,14,True,0.2857142857142857,59.00000000000001,67.43,medium
U022,memory_match,medium,100,97.12,52,0,11,True,0.0,48.0,91.19,hard
U022,memory_match,hard,68,53.6,53,4,9,True,0.4444444444444444,47.0,57.94,medium
U022,routine_order,easy,100,100.0,22,0,11,True,0.0,78.84615384615384,96.83,medium
U023,pattern_recall,hard,90,81.9,79,1,7,True,0.14285714285714285,24.761904761904763,76.74,hard
U023,pattern_recall,hard,70,73.84,76,3,11,True,0.2727272727272727,27.61904761904762,65.4,hard
U023,routine_order,medium,90,75.1,51,1,5,True,0.2,50.96153846153846,77.43,hard
U023,pattern_recall,hard,60,65.23,79,4,11,True,0.36363636363636365,24.761904761904763,57.09,hard
U023,memory_match,medium,76,80.31,52,3,13,True,0.23076923076923078,48.0,73.45,medium
U023,routine_order,medium,80,68.98,37,2,7,True,0.2857142857142857,64.42307692307692,72.52,medium
U023,routine_order,medium,80,79.5,43,2,11,True,0.18181818181818182,58.65384615384615,76.9,hard
U023,pattern_recall,hard,60,61.4,72,4,10,True,0.4,31.428571428571427,56.2,hard
U023,memory_match,hard,76,66.96,92,3,10,True,0.3,7.9999999999999964,61.74,hard
U023,routine_order,hard,80,79.97,87,2,8,True,0.25,16.346153846153843,69.69,hard
U023,routine_order,easy,90,83.5,43,1,5,True,0.2,58.65384615384615,81.52,medium
U023,pattern_recall,medium,80,77.73,52,2,8,True,0.25,50.476190476190474,74.03,medium
U023,pattern_recall,hard,80,69.6,74,2,8,True,0.25,29.52380952380952,68.04,hard
U023,pattern_recall,hard,70,55.32,55,3,6,True,0.5,47.61904761904761,58.5,hard
U023,routine_order,easy,70,78.29,33,3,15,True,0.2,68.26923076923077,74.14,easy
U023,pattern_recall,easy,70,69.47,56,3,9,True,0.3333333333333333,46.666666666666664,65.81,easy
U023,memory_match,medium,84,67.05,72,2,5,True,0.4,28.000000000000004,66.07,medium
U023,memory_match,hard,84,77.97,50,2,11,True,0.18181818181818182,50.0,76.46,hard
U023,routine_order,easy,70,77.03,67,3,14,True,0.21428571428571427,35.57692307692307,68.58,easy
U023,pattern_recall,medium,70,69.85,56,3,10,True,0.3,46.666666666666664,66.45,medium
U023,memory_match,hard,76,59.05,68,3,8,True,0.375,31.999999999999996,61.44,hard
U023,routine_order,easy,80,79.14,39,2,8,True,0.25,62.5,76.32,easy
U023,pattern_recall,hard,80,60.59,81,2,5,True,0.4,22.857142857142854,61.64,hard
U023,memory_match,easy,100,100.0,28,0,14,True,0.0,72.0,95.8,medium
U023,pattern_recall,hard,80,69.37,64,2,8,False,0.25,39.047619047619044,69.39,hard
U023,routine_order,medium,90,79.48,30,1,5,True,0.2,71.15384615384616,81.99,hard
U023,pattern_recall,medium,60,72.85,60,4,14,True,0.2857142857142857,42.85714285714286,63.64,medium
U023,routine_order,medium,80,78.16,37,2,11,True,0.18181818181818182,64.42307692307692,77.29,medium
U023,routine_order,medium,90,86.2,46,1,8,True,0.125,55.769230769230774,83.16,hard
U023,pattern_recall,easy,70,74.44,22,3,11,True,0.2727272727272727,79.04761904761905,73.32,easy
U024,routine_order,hard,70,70.81,86,3,9,True,0.3333333333333333,17.307692307692314,61.88,hard
U024,memory_match,hard,84,84.7,71,2,14,True,0.14285714285714285,29.000000000000004,76.25,hard
U024,routine_order,easy,80,75.07,23,2,8,True,0.25,77.88461538461539,77.21,easy
U024,routine_order,medium,70,71.88,39,3,9,True,0.3333333333333333,62.5,69.03,medium
U024,memory_match,medium,84,74.56,39,2,7,True,0.2857142857142857,61.0,75.36,medium
U024,routine_order,hard,70,67.66,75,3,8,True,0.375,27.884615384615387,61.74,hard
U024,memory_match,medium,76,73.0,53,3,11,True,0.2727272727272727,47.0,70.11,medium
U024,memory_match,medium,92,83.24,66,1,6,True,0.16666666666666666,34.0,78.93,hard
U024,routine_order,hard,60,74.39,81,4,15,True,0.26666666666666666,22.115384615384613,61.35,hard
U024,pattern_recall,hard,80,80.39,75,2,8,True,0.25,28.57142857142857,71.67,hard
U024,memory_match,medium,84,77.72,53,2,7,True,0.2857142857142857,47.0,74.37,medium
U024,memory_match,hard,76,77.02,82,3,15,True,0.2,18.000000000000004,68.26,hard
U024,pattern_recall,hard,60,55.85,65,4,10,True,0.4,38.095238095238095,55.26,medium
U024,routine_order,medium,70,68.61,66,3,9,True,0.3333333333333333,36.53846153846154,63.99,medium
U024,pattern_recall,easy,80,84.93,32,2,12,True,0.16666666666666666,69.52380952380952,80.65,medium
U024,memory_match,medium,84,80.2,70,2,11,True,0.18181818181818182,30.000000000000004,74.24,hard
U024,memory_match,medium,84,67.72,63,2,6,True,0.3333333333333333,37.0,68.65,medium
U024,memory_match,hard,68,69.01,68,4,12,True,0.3333333333333333,31.999999999999996,62.75,hard
U024,routine_order,hard,70,53.67,68,3,7,True,0.42857142857142855,34.61538461538461,57.05,hard
U024,memory_match,medium,92,72.65,56,1,5,True,0.2,43.99999999999999,76.23,hard
U024,memory_match,easy,100,96.22,24,0,5,True,0.0,76.0,95.08,medium
U024,memory_match,medium,92,90.93,59,1,12,True,0.08333333333333333,41.0,83.93,hard
U024,memory_match,easy,100,100.0,24,0,14,True,0.0,76.0,96.4,medium
U024,routine_order,easy,80,81.59,32,2,11,True,0.18181818181818182,69.23076923076923,79.21,medium
U024,routine_order,hard,80,68.13,77,2,5,True,0.4,25.96153846153846,64.74,hard
U024,memory_match,medium,68,73.54,31,4,14,True,0.2857142857142857,69.0,70.6,medium
U024,pattern_recall,medium,90,86.6,56,1,6,True,0.16666666666666666,46.666666666666664,81.31,hard
U024,routine_order,hard,80,77.88,79,2,8,True,0.25,24.03846153846154,70.11,hard
U024,memory_match,medium,68,73.51,41,4,15,True,0.26666666666666666,59.00000000000001,69.38,medium
U024,routine_order,hard,70,77.53,66,3,15,True,0.2,36.53846153846154,69.12,hard
U025,routine_order,hard,50,56.92,67,5,11,True,0.45454545454545453,35.57692307692307,50.94,medium
U025,routine_order,easy,80,86.55,13,2,12,True,0.16666666666666666,87.5,83.92,medium
U025,pattern_recall,easy,90,90.89,34,1,14,True,0.07142857142857142,67.61904761904762,87.38,medium
U025,pattern_recall,medium,80,78.29,48,2,7,True,0.2857142857142857,54.28571428571429,74.26,medium
U025,memory_match,medium,92,91.58,32,1,8,True,0.125,68.0,87.58,hard
U025,memory_match,medium,76,64.26,55,3,7,True,0.42857142857142855,44.99999999999999,64.41,medium
U025,memory_match,medium,68,56.42,54,4,9,True,0.4444444444444444,46.0,58.78,medium
U025,memory_match,medium,100,96.23,41,0,10,True,0.0,59.00000000000001,92.53,hard
U025,pattern_recall,medium,60,56.35,50,4,10,True,0.4,52.38095238095239,57.58,easy
U025,pattern_recall,medium,90,93.43,54,1,12,True,0.08333333333333333,48.57142857142858,85.24,hard
U025,pattern_recall,easy,90,81.57,14,1,5,True,0.2,86.66666666666667,85.05,medium
U025,pattern_recall,hard,70,76.18,64,3,14,True,0.21428571428571427,39.047619047619044,68.81,hard
U025,routine_order,medium,60,62.58,27,4,11,True,0.36363636363636365,74.03846153846155,63.55,medium
U025,memory_match,easy,84,80.83,32,2,9,True,0.2222222222222222,68.0,79.56,medium
U025,pattern_recall,easy,60,66.48,44,4,12,True,0.3333333333333333,58.09523809523809,62.98,easy
U025,memory_match,medium,92,78.86,63,1,5,True,0.2,37.0,77.35,hard
U025,pattern_recall,hard,40,57.58,82,6,14,True,0.42857142857142855,21.904761904761905,46.01,medium
U025,memory_match,medium,76,76.78,42,3,13,True,0.23076923076923078,58.00000000000001,73.71,medium
U025,memory_match,hard,76,78.32,65,3,15,True,0.2,35.0,71.26,hard
U025,routine_order,medium,90,90.7,30,1,6,True,0.16666666666666666,71.15384615384616,86.42,hard
U025,routine_order,medium,70,71.99,67,3,9,True,0.3333333333333333,35.57692307692307,65.03,medium
U025,memory_match,easy,76,81.04,26,3,14,True,0.21428571428571427,74.0,77.85,easy
U025,routine_order,hard,60,58.56,75,4,10,True,0.4,27.884615384615387,54.68,medium
U025,pattern_recall,easy,90,84.07,32,1,5,False,0.2,69.52380952380952,83.35,medium
U025,routine_order,hard,80,75.34,62,2,8,True,0.25,40.38461538461539,71.68,hard
U025,pattern_recall,easy,70,59.44,37,3,8,True,0.375,64.76190476190476,64.39,easy
U025,memory_match,medium,76,78.67,55,3,15,True,0.2,44.99999999999999,72.88,medium
U025,memory_match,hard,92,79.18,79,1,7,True,0.14285714285714285,20.999999999999996,75.92,hard
U025,routine_order,easy,60,70.68,28,4,14,True,0.2857142857142857,73.07692307692308,67.41,easy
U025,memory_match,hard,92,81.12,64,1,7,True,0.14285714285714285,36.0,78.85,hard
U026,routine_order,hard,90,89.61,77,1,6,True,0.16666666666666666,25.96153846153846,79.26,hard
U026,routine_order,easy,80,76.93,23,2,8,True,0.25,77.88461538461539,77.86,easy
U026,pattern_recall,easy,90,78.92,33,1,7,True,0.14285714285714285,68.57142857142857,82.26,medium
U026,pattern_recall,medium,80,83.36,31,2,11,True,0.18181818181818182,70.47619047619047,80.02,hard
U026,routine_order,medium,70,75.89,45,3,12,True,0.25,56.730769230769226,70.82,medium
U026,routine_order,easy,90,91.19,55,1,15,True,0.06666666666666667,47.11538461538461,84.48,medium
U026,pattern_recall,hard,50,63.85,73,5,13,False,0.38461538461538464,30.476190476190478,53.65,medium
U026,routine_order,easy,90,94.9,32,1,14,True,0.07142857142857142,69.23076923076923,89.03,medium
U026,routine_order,hard,80,69.13,76,2,5,True,0.4,26.923076923076927,65.23,hard
U026,pattern_recall,easy,90,82.03,32,1,8,True,0.125,69.52380952380952,83.76,medium
U026,routine_order,easy,90,80.16,23,1,6,True,0.16666666666666666,77.88461538461539,83.74,medium
U026,pattern_recall,easy,100,100.0,31,0,7,True,0.0,70.47619047619047,95.57,medium
U026,routine_order,medium,70,76.02,37,3,12,True,0.25,64.42307692307692,72.02,medium
U026,pattern_recall,easy,80,87.52,24,2,15,True,0.13333333333333333,77.14285714285715,83.2,medium
U026,memory_match,easy,84,84.34,53,2,12,True,0.16666666666666666,47.0,78.47,medium
U026,pattern_recall,easy,80,68.53,42,2,7,True,0.2857142857142857,60.0,71.7,easy
U026,routine_order,medium,80,69.06,52,2,7,True,0.2857142857142857,50.0,70.39,medium
U026,memory_match,medium,92,75.4,55,1,5,True,0.2,44.99999999999999,77.34,hard
U026,routine_order,hard,70,76.1,92,3,14,False,0.21428571428571427,11.538461538461542,64.65,hard
U026,memory_match,hard,76,65.61,50,3,8,True,0.375,50.0,66.44,hard
U026,pattern_recall,easy,80,84.24,33,2,12,True,0.16666666666666666,68.57142857142857,80.27,medium
U026,memory_match,hard,52,53.29,86,6,12,True,0.5,14.000000000000002,46.45,medium
U026,memory_match,hard,84,68.38,68,2,7,True,0.2857142857142857,31.999999999999996,68.85,hard
U026,memory_match,easy,84,85.25,16,2,15,True,0.13333333333333333,84.0,84.84,medium
U026,pattern_recall,medium,90,86.72,66,1,5,True,0.2,37.142857142857146,79.42,hard
U026,pattern_recall,hard,80,60.64,87,2,6,True,0.3333333333333333,17.14285714285714,61.8,hard
U026,routine_order,easy,90,92.6,31,1,8,True,0.125,70.1923076923077,87.56,medium
U026,pattern_recall,hard,70,63.56,61,3,8,True,0.375,41.9047619047619,62.41,hard
U026,routine_order,easy,60,71.41,22,4,14,True,0.2857142857142857,78.84615384615384,68.53,easy
U026,pattern_recall,hard,40,55.79,45,6,14,True,0.42857142857142855,57.14285714285714,50.67,medium
U027,routine_order,hard,60,61.21,72,4,11,True,0.36363636363636365,30.76923076923077,56.58,hard
U027,pattern_recall,medium,80,75.61,64,2,7,True,0.2857142857142857,39.047619047619044,71.03,medium
U027,routine_order,hard,80,68.71,61,2,5,True,0.4,41.34615384615385,67.25,hard
U027,pattern_recall,hard,70,59.07,81,3,7,True,0.42857142857142855,22.857142857142854,57.17,hard
U027,routine_order,easy,80,71.93,16,2,8,True,0.25,84.61538461538461,77.12,easy
U027,memory_match,easy,84,83.03,29,2,12,True,0.16666666666666666,71.0,81.61,medium
U027,pattern_recall,medium,90,71.43,42,1,5,True,0.2,60.0,77.5,hard
U027,pattern_recall,hard,50,67.35,83,5,15,True,0.3333333333333333,20.952380952380956,54.22,hard
U027,memory_match,hard,84,79.84,89,2,12,True,0.16666666666666666,10.999999999999998,71.49,hard
U027,pattern_recall,easy,100,100.0,37,0,9,True,0.0,64.76190476190476,94.71,medium
U027,routine_order,hard,50,50.91,65,5,10,True,0.5,37.5,48.44,medium
U027,memory_match,medium,76,74.51,30,3,11,True,0.2727272727272727,70.0,74.09,medium
U027,pattern_recall,easy,90,94.26,17,1,10,True,0.1,83.80952380952381,90.56,medium
U027,memory_match,hard,84,79.35,75,2,9,True,0.2222222222222222,25.0,72.59,hard
U027,pattern_recall,hard,80,76.16,63,2,10,True,0.2,40.0,72.66,hard
U027,routine_order,medium,70,74.19,48,3,10,True,0.3,53.84615384615385,69.04,medium
U027,pattern_recall,easy,70,75.3,34,3,11,True,0.2727272727272727,67.61904761904762,71.91,easy
U027,memory_match,hard,76,78.96,52,3,14,True,0.21428571428571427,48.0,73.22,hard
U027,memory_match,hard,84,74.76,68,2,6,False,0.3333333333333333,31.999999999999996,70.37,hard
U027,routine_order,hard,40,59.97,81,6,14,True,0.42857142857142855,22.115384615384613,46.88,medium
U027,memory_match,hard,84,76.63,76,2,10,False,0.2,24.0,71.82,hard
U027,routine_order,medium,80,77.39,63,2,7,True,0.2857142857142857,39.42307692307693,71.71,medium
U027,pattern_recall,hard,50,67.36,69,5,14,True,0.35714285714285715,34.285714285714285,55.86,medium
U027,pattern_recall,easy,90,91.75,33,1,10,True,0.1,68.57142857142857,87.4,medium
U027,memory_match,medium,84,82.73,59,2,14,True,0.14285714285714285,41.0,77.36,hard
U027,memory_match,medium,76,69.9,54,3,9,True,0.3333333333333333,46.0,67.96,medium
U027,routine_order,hard,70,71.27,63,3,10,True,0.3,39.42307692307693,65.86,hard
U027,pattern_recall,easy,80,81.59,41,2,9,True,0.2222222222222222,60.952380952380956,77.37,medium
U027,routine_order,medium,90,82.52,58,1,8,True,0.125,44.230769230769226,80.14,hard
U027,memory_match,easy,76,76.22,36,3,14,True,0.21428571428571427,64.0,74.66,easy
U028,memory_match,medium,84,82.74,48,2,13,True,0.15384615384615385,52.0,78.85,hard
U028,pattern_recall,hard,50,63.62,82,5,13,True,0.38461538461538464,21.904761904761905,52.28,medium
U028,pattern_recall,easy,90,92.47,52,1,12,True,0.08333333333333333,50.476190476190474,85.19,medium
U028,routine_order,medium,80,68.31,46,2,6,True,0.3333333333333333,55.769230769230774,70.27,medium
U028,routine_order,medium,70,55.56,52,3,7,True,0.42857142857142855,50.0,60.02,medium
U028,memory_match,medium,92,79.07,43,1,6,True,0.16666666666666666,57.00000000000001,80.92,hard
U028,routine_order,easy,90,84.52,31,1,9,True,0.1111111111111111,70.1923076923077,84.94,medium
U028,routine_order,hard,60,74.51,55,4,14,True,0.2857142857142857,47.11538461538461,64.86,hard
U028,routine_order,hard,40,56.63,78,6,13,True,0.46153846153846156,25.0,45.65,medium
U028,pattern_recall,hard,80,52.35,67,2,5,True,0.4,36.1904761904762,60.75,hard
U028,pattern_recall,easy,80,71.75,42,2,8,True,0.25,60.0,73.36,easy
U028,memory_match,hard,60,63.27,67,5,13,True,0.38461538461538464,32.99999999999999,57.33,hard
U028,memory_match,easy,84,73.56,41,2,9,True,0.2222222222222222,59.00000000000001,75.66,easy
U028,memory_match,medium,92,90.47,35,1,10,True,0.1,65.0,87.11,hard
U028,routine_order,hard,80,73.23,37,2,7,True,0.2857142857142857,64.42307692307692,74.01,hard
U028,memory_match,medium,84,87.9,64,2,15,True,0.13333333333333333,36.0,78.56,hard
U028,pattern_recall,hard,60,65.66,77,4,13,True,0.3076923076923077,26.66666666666667,58.37,hard
U028,memory_match,hard,52,60.15,72,6,14,True,0.42857142857142855,28.000000000000004,52.02,medium
U028,pattern_recall,easy,90,80.21,63,1,6,True,0.16666666666666666,40.0,78.07,medium
U028,pattern_recall,easy,90,93.73,23,1,8,True,0.125,78.0952380952381,89.14,medium
U028,routine_order,hard,40,58.3,91,6,14,True,0.42857142857142855,12.5,44.85,medium
U028,pattern_recall,medium,80,84.92,43,2,13,True,0.15384615384615385,59.04761904761905,79.27,hard
U028,routine_order,medium,60,65.88,59,4,12,True,0.3333333333333333,43.269230769230774,60.55,medium
U028,memory_match,hard,84,63.93,68,2,5,True,0.4,31.999999999999996,65.58,hard
U028,memory_match,hard,60,62.44,60,5,13,True,0.38461538461538464,40.0,58.08,hard
U028,pattern_recall,easy,90,90.35,38,1,7,True,0.14285714285714285,63.8095238095238,85.55,medium
U028,memory_match,medium,92,84.26,52,1,6,True,0.16666666666666666,48.0,81.39,hard
U028,pattern_recall,hard,80,81.99,61,2,11,True,0.18181818181818182,41.9047619047619,75.25,hard
U028,memory_match,hard,84,82.45,69,2,9,True,0.2222222222222222,31.000000000000007,74.57,hard
U028,pattern_recall,easy,90,75.23,45,1,6,True,0.16666666666666666,57.14285714285714,78.9,medium
U029,pattern_recall,medium,60,73.1,29,4,15,True,0.26666666666666666,72.38095238095238,68.44,medium
U029,pattern_recall,easy,90,94.4,50,1,15,True,0.06666666666666667,52.38095238095239,86.4,medium
U029,routine_order,hard,80,69.56,66,2,7,True,0.2857142857142857,36.53846153846154,68.54,hard
U029,memory_match,easy,100,100.0,30,0,11,True,0.0,70.0,95.5,medium
U029,memory_match,medium,84,87.96,55,2,14,True,0.14285714285714285,44.99999999999999,79.79,hard
U029,memory_match,hard,84,62.21,35,2,6,True,0.3333333333333333,65.0,70.92,hard
U029,memory_match,hard,76,39.99,74,3,5,True,0.6,26.0,50.5,medium
U029,pattern_recall,medium,90,84.94,68,1,5,True,0.2,35.238095238095234,78.51,hard
U029,pattern_recall,medium,80,66.24,14,2,7,True,0.2857142857142857,86.66666666666667,74.9,medium
U029,routine_order,medium,70,76.27,59,3,14,True,0.21428571428571427,43.269230769230774,69.47,medium
U029,pattern_recall,easy,90,86.98,40,1,6,True,0.16666666666666666,61.904761904761905,83.73,medium
U029,routine_order,medium,90,90.29,33,1,7,True,0.14285714285714285,68.26923076923077,86.2,hard
U029,memory_match,hard,84,77.23,58,2,9,False,0.2222222222222222,42.00000000000001,74.4,hard
U029,memory_match,easy,76,73.26,26,3,12,True,0.25,74.0,74.59,easy
U029,pattern_recall,medium,70,80.98,62,3,14,True,0.21428571428571427,40.95238095238095,70.77,medium
U029,memory_match,hard,76,78.51,76,3,14,False,0.21428571428571427,24.0,69.46,hard
U029,memory_match,easy,68,70.04,47,4,13,True,0.3076923076923077,53.0,66.65,easy
U029,memory_match,hard,76,67.77,77,3,8,True,0.375,23.0,63.14,hard
U029,pattern_recall,hard,70,73.9,77,3,12,True,0.25,26.66666666666667,65.62,hard
U029,memory_match,easy,92,86.26,21,1,5,True,0.2,79.0,86.24,medium
U029,routine_order,hard,40,51.98,70,6,12,True,0.5,32.692307692307686,44.6,medium
U029,memory_match,easy,92,88.8,33,1,9,True,0.1111111111111111,67.0,86.66,medium
U029,pattern_recall,easy,100,100.0,35,0,10,True,0.0,66.66666666666667,95.0,medium
U029,memory_match,hard,68,65.42,75,4,13,True,0.3076923076923077,25.0,60.83,hard
U029,pattern_recall,easy,60,69.29,42,4,13,True,0.3076923076923077,60.0,64.64,easy
U029,routine_order,easy,100,100.0,32,0,12,True,0.0,69.23076923076923,95.38,medium
U029,pattern_recall,easy,90,90.85,31,1,13,True,0.07692307692307693,70.47619047619047,87.72,medium
U029,memory_match,hard,92,71.9,77,1,5,True,0.2,23.0,72.82,hard
U029,memory_match,medium,84,79.61,62,2,11,True,0.18181818181818182,38.0,75.24,hard
U029,memory_match,hard,92,71.55,83,1,5,True,0.2,17.000000000000004,71.79,hard
U030,memory_match,hard,84,69.5,78,2,8,True,0.25,21.999999999999996,68.27,hard
U030,memory_match,medium,92,89.09,50,1,11,True,0.09090909090909091,50.0,84.52,hard
U030,memory_match,medium,76,61.95,55,3,7,True,0.42857142857142855,44.99999999999999,63.6,medium
U030,memory_match,medium,84,68.15,44,2,5,True,0.4,56.00000000000001,70.65,medium
U030,pattern_recall,medium,80,69.49,25,2,6,True,0.3333333333333333,76.19047619047619,73.75,medium
U030,pattern_recall,hard,70,61.61,78,3,9,True,0.3333333333333333,25.71428571428571,59.92,hard
U030,pattern_recall,hard,80,76.56,47,2,10,True,0.2,55.23809523809524,75.08,hard
U030,memory_match,medium,84,82.54,62,2,11,True,0.18181818181818182,38.0,76.26,hard
U030,routine_order,hard,50,59.22,59,5,12,True,0.4166666666666667,43.269230769230774,53.47,medium
U030,memory_match,hard,76,68.37,73,3,8,True,0.375,27.0,63.95,hard
U030,pattern_recall,easy,100,93.69,21,0,7,True,0.0,80.0,94.79,medium
U030,routine_order,easy,80,85.51,53,2,11,True,0.18181818181818182,49.03846153846154,77.56,medium
U030,memory_match,easy,84,87.48,54,2,14,True,0.14285714285714285,46.0,79.78,medium
U030,pattern_recall,medium,70,56.46,78,3,6,True,0.5,25.71428571428571,55.62,medium
U030,memory_match,medium,84,77.47,35,2,10,True,0.2,65.0,78.26,hard
U030,routine_order,hard,60,59.27,76,4,11,True,0.36363636363636365,26.923076923076927,55.33,hard
U030,routine_order,easy,100,93.71,46,0,7,True,0.0,55.769230769230774,91.16,medium
U030,pattern_recall,hard,50,55.35,61,5,12,True,0.4166666666666667,41.9047619047619,51.91,medium
U030,memory_match,medium,92,73.21,28,1,5,True,0.2,72.0,80.62,hard
U030,pattern_recall,medium,50,58.55,59,5,11,True,0.45454545454545453,43.80952380952381,52.75,easy
U030,pattern_recall,easy,80,82.78,31,2,12,True,0.16666666666666666,70.47619047619047,80.04,medium
U030,pattern_recall,hard,60,69.54,82,4,14,True,0.2857142857142857,21.904761904761905,59.34,hard
U030,pattern_recall,medium,80,83.58,63,2,10,True,0.2,40.0,75.25,hard
U030,routine_order,easy,80,82.01,29,2,12,True,0.16666666666666666,72.11538461538461,80.02,medium
U030,pattern_recall,hard,60,59.99,77,4,11,True,0.36363636363636365,26.66666666666667,55.54,hard
U030,pattern_recall,medium,90,90.32,28,1,9,True,0.1111111111111111,73.33333333333334,87.45,hard
U030,routine_order,hard,80,85.05,57,2,11,True,0.18181818181818182,45.192307692307686,76.82,hard
U030,routine_order,medium,60,72.78,45,4,13,True,0.3076923076923077,56.730769230769226,65.37,medium
U030,routine_order,hard,40,59.24,56,6,14,True,0.42857142857142855,46.15384615384615,50.23,medium
U030,routine_order,hard,90,88.38,38,1,9,False,0.1111111111111111,63.46153846153846,85.29,hard
U031,pattern_recall,medium,60,73.15,61,4,15,True,0.26666666666666666,41.9047619047619,63.89,medium
U031,pattern_recall,easy,100,100.0,49,0,11,True,0.0,53.333333333333336,93.0,medium
U031,routine_order,medium,90,81.89,45,1,7,True,0.14285714285714285,56.730769230769226,81.53,hard
U031,memory_match,medium,92,87.59,52,1,12,False,0.08333333333333333,48.0,83.81,hard
U031,routine_order,hard,70,79.1,55,3,12,True,0.25,47.11538461538461,70.5,hard
U031,routine_order,hard,50,58.37,75,5,12,True,0.4166666666666667,27.884615384615387,50.86,medium
U031,routine_order,hard,80,72.9,43,2,8,True,0.25,58.65384615384615,73.56,hard
U031,memory_match,easy,76,66.62,42,3,9,True,0.3333333333333333,58.00000000000001,68.62,easy
U031,memory_match,hard,60,67.85,77,5,14,True,0.35714285714285715,23.0,57.84,hard
U031,pattern_recall,medium,70,71.61,31,3,11,True,0.2727272727272727,70.47619047619047,71.04,medium
U031,pattern_recall,easy,80,75.19,25,2,8,True,0.25,76.19047619047619,77.0,easy
U031,routine_order,medium,90,93.82,41,1,14,True,0.07142857142857142,60.57692307692308,87.35,hard
U031,routine_order,hard,50,66.12,88,5,14,True,0.35714285714285715,15.384615384615385,52.59,medium
U031,routine_order,easy,80,69.06,32,2,6,True,0.3333333333333333,69.23076923076923,72.56,easy
U031,routine_order,hard,40,56.86,75,6,15,True,0.4,27.884615384615387,47.08,medium
U031,routine_order,easy,90,92.16,64,1,13,True,0.07692307692307693,38.46153846153846,83.37,medium
U031,routine_order,medium,80,79.56,50,2,11,True,0.18181818181818182,51.92307692307692,75.91,hard
U031,memory_match,hard,52,59.35,74,6,15,True,0.4,26.0,51.87,medium
U031,memory_match,easy,100,99.09,38,0,6,True,0.0,62.0,93.98,medium
U031,routine_order,medium,70,60.28,41,3,8,True,0.375,60.57692307692308,64.06,medium
U031,routine_order,easy,80,81.22,26,2,13,True,0.15384615384615385,75.0,80.37,medium
U031,pattern_recall,hard,60,65.07,60,4,12,True,0.3333333333333333,42.85714285714286,60.2,hard
U031,pattern_recall,easy,90,91.1,16,1,10,True,0.1,84.76190476190476,89.6,medium
U031,memory_match,easy,92,88.34,53,1,9,True,0.1111111111111111,47.0,83.5,medium
U031,pattern_recall,medium,70,67.13,60,3,8,True,0.375,42.85714285714286,63.8,medium
U031,pattern_recall,medium,70,76.83,56,3,15,True,0.2,46.666666666666664,70.39,medium
U031,routine_order,medium,50,58.79,42,5,12,True,0.4166666666666667,59.61538461538461,55.77,easy
U031,routine_order,medium,80,84.05,54,2,15,True,0.13333333333333333,48.07692307692307,77.63,hard
U031,memory_match,hard,76,76.06,84,3,14,True,0.21428571428571427,16.000000000000004,67.41,hard
U031,pattern_recall,hard,60,69.32,80,4,12,True,0.3333333333333333,23.809523809523814,58.83,hard
U032,routine_order,hard,90,92.39,66,1,7,False,0.14285714285714285,36.53846153846154,82.17,hard
U032,pattern_recall,hard,80,85.73,63,2,14,True,0.14285714285714285,40.0,76.86,hard
U032,memory_match,easy,84,81.75,24,2,13,True,0.15384615384615385,76.0,82.1,medium
U032,memory_match,hard,84,66.26,70,2,7,True,0.2857142857142857,30.000000000000004,67.81,hard
U032,routine_order,hard,80,65.63,72,2,5,True,0.4,30.76923076923077,64.59,hard
U032,routine_order,easy,90,90.83,30,1,6,True,0.16666666666666666,71.15384615384616,86.46,medium
U032,pattern_recall,hard,60,63.97,97,4,11,True,0.36363636363636365,7.619047619047614,54.08,hard
U032,routine_order,hard,90,79.34,65,1,6,True,0.16666666666666666,37.5,77.39,hard
U032,pattern_recall,easy,80,84.99,48,2,15,True,0.13333333333333333,54.28571428571429,78.89,medium
U032,pattern_recall,medium,70,76.61,29,3,13,True,0.23076923076923078,72.38095238095238,73.71,medium
U032,pattern_recall,medium,90,85.58,60,1,5,True,0.2,42.85714285714286,79.88,hard
U032,routine_order,medium,90,83.29,46,1,5,True,0.2,55.769230769230774,81.02,hard
U032,routine_order,medium,80,72.85,38,2,8,True,0.25,63.46153846153846,74.27,medium
U032,routine_order,easy,80,87.19,30,2,12,True,0.16666666666666666,71.15384615384616,81.69,medium
U032,routine_order,easy,90,91.46,38,1,10,True,0.1,63.46153846153846,86.53,medium
U032,pattern_recall,easy,70,78.65,35,3,14,True,0.21428571428571427,66.66666666666667,73.81,easy
U032,routine_order,hard,80,65.49,99,2,7,True,0.2857142857142857,4.807692307692313,62.36,hard
U032,memory_match,hard,76,79.0,99,3,13,True,0.23076923076923078,1.0000000000000009,65.94,hard
U032,memory_match,easy,76,68.1,33,3,10,True,0.3,67.0,70.98,easy
U032,routine_order,hard,70,70.97,61,3,9,True,0.3333333333333333,41.34615384615385,65.54,hard
U032,pattern_recall,easy,70,79.86,21,3,14,True,0.21428571428571427,80.0,76.24,easy
U032,pattern_recall,easy,100,96.82,43,0,5,True,0.0,59.04761904761905,92.74,medium
U032,pattern_recall,hard,80,81.54,60,2,11,True,0.18181818181818182,42.85714285714286,75.24,hard
U032,memory_match,medium,100,99.33,39,0,13,True,0.0,61.0,93.92,hard
U032,routine_order,hard,80,85.0,80,2,12,True,0.16666666666666666,23.076923076923073,73.71,hard
U032,pattern_recall,medium,80,85.19,55,2,11,True,0.18181818181818182,47.61904761904761,77.23,hard
U032,memory_match,medium,68,72.33,32,4,14,True,0.2857142857142857,68.0,70.03,medium
U032,routine_order,easy,80,68.73,59,2,6,True,0.3333333333333333,43.269230769230774,68.55,easy
U032,memory_match,hard,84,67.39,78,2,5,True,0.4,21.999999999999996,65.29,hard
U032,memory_match,hard,76,72.61,82,3,12,True,0.25,18.000000000000004,65.96,hard
U033,pattern_recall,medium,90,80.52,56,1,7,True,0.14285714285714285,46.666666666666664,79.54,hard
U033,pattern_recall,medium,40,62.3,35,6,15,True,0.4,66.66666666666667,54.8,easy
U033,pattern_recall,hard,40,59.09,58,6,14,True,0.42857142857142855,44.76190476190476,49.97,medium
U033,memory_match,medium,60,61.81,39,5,12,True,0.4166666666666667,61.0,60.53,medium
U033,pattern_recall,medium,80,80.69,55,2,8,True,0.25,47.61904761904761,74.63,medium
U033,memory_match,easy,68,70.5,31,4,14,True,0.2857142857142857,69.0,69.54,easy
U033,routine_order,medium,90,75.02,31,1,5,True,0.2,70.1923076923077,80.29,hard
U033,memory_match,easy,76,76.95,37,3,12,True,0.25,63.0,74.23,easy
U033,pattern_recall,hard,40,53.9,67,6,13,True,0.46153846153846156,36.1904761904762,46.37,medium
U033,memory_match,easy,68,73.77,33,4,14,True,0.2857142857142857,67.0,70.38,easy
U033,memory_match,hard,76,70.98,70,3,9,True,0.3333333333333333,30.000000000000004,65.94,hard
U033,memory_match,easy,92,89.76,14,1,13,True,0.07692307692307693,86.0,90.36,medium
U033,memory_match,hard,68,71.56,84,4,13,True,0.3076923076923077,16.000000000000004,61.63,hard
U033,routine_order,medium,100,99.24,70,0,8,True,0.0,32.692307692307686,89.64,hard
U033,pattern_recall,easy,90,88.37,46,1,10,True,0.1,56.19047619047619,84.36,medium
U033,pattern_recall,medium,80,66.45,53,2,5,True,0.4,49.523809523809526,67.69,medium
U033,memory_match,medium,84,78.94,63,2,11,True,0.18181818181818182,37.0,74.85,hard
U033,memory_match,easy,92,81.51,12,1,5,True,0.2,88.0,85.93,medium
U033,memory_match,hard,92,87.58,84,1,7,True,0.14285714285714285,16.000000000000004,78.11,hard
U033,routine_order,easy,50,66.61,25,5,15,True,0.3333333333333333,75.96153846153845,62.21,easy
U033,routine_order,easy,80,78.2,35,2,8,True,0.25,66.34615384615384,76.57,easy
U033,memory_match,medium,100,100.0,23,0,15,True,0.0,77.0,96.55,hard
U033,pattern_recall,medium,90,77.28,41,1,5,True,0.2,60.952380952380956,79.69,hard
U033,memory_match,hard,84,77.42,70,2,9,True,0.2222222222222222,30.000000000000004,72.66,hard
U033,memory_match,hard,76,65.45,54,3,8,True,0.375,46.0,65.78,hard
U033,pattern_recall,hard,70,79.92,52,3,13,True,0.23076923076923078,50.476190476190474,71.58,hard
U033,pattern_recall,easy,60,66.07,39,4,13,True,0.3076923076923077,62.857142857142854,63.94,easy
U033,memory_match,hard,92,85.18,64,1,10,True,0.1,36.0,80.91,hard
U033,pattern_recall,medium,80,82.87,42,2,9,True,0.2222222222222222,60.0,77.67,hard
U033,routine_order,medium,80,71.3,36,2,7,True,0.2857142857142857,65.38461538461539,73.48,medium
U034,memory_match,medium,92,82.02,58,1,5,True,0.2,42.00000000000001,79.21,hard
U034,pattern_recall,medium,80,69.29,29,2,7,True,0.2857142857142857,72.38095238095238,73.82,medium
U034,routine_order,hard,70,55.67,60,3,7,True,0.42857142857142855,42.307692307692314,58.9,hard
U034,memory_match,hard,68,71.08,77,4,15,True,0.26666666666666666,23.0,63.13,hard
U034,pattern_recall,hard,60,71.99,73,4,15,True,0.26666666666666666,30.476190476190478,61.77,hard
U034,routine_order,easy,70,73.33,54,3,13,True,0.23076923076923078,48.07692307692307,68.92,easy
U034,pattern_recall,easy,70,72.65,36,3,12,True,0.25,65.71428571428571,71.03,easy
U034,pattern_recall,easy,100,98.74,27,0,14,True,0.0,74.28571428571429,95.7,medium
U034,routine_order,easy,70,79.68,40,3,15,False,0.2,61.53846153846154,73.62,easy
U034,memory_match,hard,76,67.17,70,3,8,True,0.375,30.000000000000004,63.98,hard
U034,memory_match,hard,76,70.68,42,3,10,True,0.3,58.00000000000001,70.54,hard
U034,routine_order,medium,80,69.89,45,2,5,True,0.4,56.730769230769226,69.97,medium
U034,routine_order,medium,60,70.74,52,4,12,True,0.3333333333333333,50.0,63.26,medium
U034,memory_match,hard,52,53.83,55,6,12,True,0.5,44.99999999999999,51.29,medium
U034,memory_match,easy,92,87.96,38,1,11,True,0.09090909090909091,62.0,85.92,medium
U034,pattern_recall,easy,90,82.73,33,1,8,True,0.125,68.57142857142857,83.87,medium
U034,pattern_recall,easy,70,79.53,43,3,13,True,0.23076923076923078,59.04761904761905,72.73,easy
U034,routine_order,easy,70,69.17,21,3,9,True,0.3333333333333333,79.8076923076923,70.68,easy
U034,memory_match,hard,84,84.49,79,2,15,True,0.13333333333333333,20.999999999999996,75.12,hard
U034,routine_order,hard,70,66.64,74,3,8,True,0.375,28.846153846153843,61.53,hard
U034,memory_match,easy,84,83.4,65,2,15,True,0.13333333333333333,35.0,76.84,medium
U034,routine_order,easy,90,91.47,15,1,13,True,0.07692307692307693,85.57692307692308,90.2,medium
U034,pattern_recall,medium,80,72.85,58,2,9,True,0.2222222222222222,44.76190476190476,71.88,medium
U034,pattern_recall,medium,80,75.27,58,2,8,True,0.25,44.76190476190476,72.31,medium
U034,memory_match,easy,100,97.57,33,0,13,True,0.0,67.0,94.2,medium
U034,pattern_recall,medium,90,79.1,47,1,5,True,0.2,55.23809523809524,79.47,hard
U034,routine_order,medium,70,71.98,29,3,12,True,0.25,72.11538461538461,71.76,medium
U034,pattern_recall,medium,90,73.56,46,1,5,True,0.2,56.19047619047619,77.67,hard
U034,pattern_recall,hard,80,75.44,63,2,8,True,0.25,40.0,71.65,hard
U034,routine_order,hard,80,63.18,52,2,6,True,0.3333333333333333,50.0,67.61,hard
U035,routine_order,hard,80,68.93,72,2,5,True,0.4,30.76923076923077,65.74,hard
U035,routine_order,easy,90,89.09,32,1,12,True,0.08333333333333333,69.23076923076923,86.82,medium
U035,routine_order,medium,70,71.08,38,3,11,True,0.2727272727272727,63.46153846153846,69.81,medium
U035,memory_match,hard,76,60.14,78,3,7,True,0.42857142857142855,21.999999999999996,59.52,hard
U035,memory_match,hard,76,70.84,65,3,11,True,0.2727272727272727,35.0,67.55,hard
U035,pattern_recall,hard,60,63.89,39,4,10,True,0.4,62.857142857142854,61.79,hard
U035,routine_order,medium,70,73.8,29,3,10,True,0.3,72.11538461538461,71.65,medium
U035,pattern_recall,hard,70,72.28,81,3,11,True,0.2727272727272727,22.857142857142854,64.14,hard
U035,routine_order,easy,100,100.0,23,0,6,True,0.0,77.88461538461539,96.68,medium
U035,pattern_recall,medium,100,97.85,38,0,8,True,0.0,63.8095238095238,93.82,hard
U035,pattern_recall,medium,80,84.86,43,2,15,True,0.13333333333333333,59.04761904761905,79.56,hard
U035,memory_match,easy,92,82.63,37,1,6,True,0.16666666666666666,63.0,83.07,medium
U035,routine_order,easy,80,83.69,49,2,14,True,0.14285714285714285,52.88461538461539,78.08,medium
U035,routine_order,hard,60,63.74,84,4,12,True,0.3333333333333333,19.23076923076923,56.19,hard
U035,pattern_recall,medium,80,72.96,40,2,8,True,0.25,61.904761904761905,74.07,medium
U035,pattern_recall,easy,80,80.64,27,2,12,True,0.16666666666666666,74.28571428571429,79.87,medium
U035,pattern_recall,easy,90,89.51,29,1,11,True,0.09090909090909091,72.38095238095238,87.32,medium
U035,routine_order,medium,70,75.51,56,3,14,True,0.21428571428571427,46.15384615384615,69.64,medium
U035,memory_match,hard,68,63.23,61,4,11,True,0.36363636363636365,39.0,61.33,hard
U035,pattern_recall,easy,80,88.93,41,2,15,True,0.13333333333333333,60.952380952380956,81.27,medium
U035,routine_order,hard,60,73.42,71,4,15,True,0.26666666666666666,31.73076923076923,62.46,hard
U035,memory_match,easy,100,100.0,53,0,12,True,0.0,47.0,92.05,medium
U035,memory_match,hard,68,69.58,63,4,13,True,0.3076923076923077,37.0,64.09,hard
U035,pattern_recall,easy,100,97.8,32,0,11,True,0.0,69.52380952380952,94.66,medium
U035,pattern_recall,medium,80,85.57,55,2,14,True,0.14285714285714285,47.61904761904761,77.95,hard
U035,routine_order,medium,70,78.9,58,3,15,True,0.2,44.230769230769226,70.75,medium
U035,routine_order,medium,60,72.66,71,4,15,True,0.26666666666666666,31.73076923076923,62.19,medium
U035,pattern_recall,easy,100,96.67,25,0,9,True,0.0,76.19047619047619,95.26,medium
U035,pattern_recall,easy,90,87.09,28,1,9,True,0.1111111111111111,73.33333333333334,86.31,medium
U035,routine_order,easy,70,78.72,36,3,15,True,0.2,65.38461538461539,73.86,easy
U036,memory_match,hard,52,49.26,78,6,12,True,0.5,21.999999999999996,46.24,medium
U036,memory_match,easy,92,84.55,20,1,6,True,0.16666666666666666,80.0,86.29,medium
U036,pattern_recall,easy,100,94.67,27,0,6,True,0.0,74.28571428571429,94.28,medium
U036,memory_match,hard,68,63.13,68,4,10,True,0.4,31.999999999999996,59.7,hard
U036,memory_match,medium,92,82.54,33,1,7,True,0.14285714285714285,67.0,84.0,hard
U036,pattern_recall,hard,80,73.52,66,2,7,True,0.2857142857142857,37.142857142857146,70.02,hard
U036,pattern_recall,hard,80,81.9,70,2,11,True,0.18181818181818182,33.333333333333336,73.94,hard
U036,memory_match,medium,100,95.51,47,0,7,True,0.0,53.0,91.38,hard
U036,routine_order,easy,90,90.1,27,1,14,True,0.07142857142857142,74.03846153846155,88.07,medium
U036,routine_order,medium,80,69.23,39,2,8,True,0.25,62.5,72.86,medium
U036,pattern_recall,easy,100,100.0,32,0,15,True,0.0,69.52380952380952,95.43,medium
U036,pattern_recall,medium,60,66.51,39,4,12,True,0.3333333333333333,62.857142857142854,63.71,medium
U036,routine_order,easy,90,85.2,59,1,10,False,0.1,43.269230769230774,81.31,medium
U036,pattern_recall,medium,60,70.51,47,4,15,True,0.26666666666666666,55.23809523809524,64.96,medium
U036,pattern_recall,medium,40,59.36,53,6,15,True,0.4,49.523809523809526,51.2,easy
U036,routine_order,easy,90,94.3,17,1,11,True,0.09090909090909091,83.65384615384616,90.69,medium
U036,routine_order,hard,50,54.43,92,5,11,True,0.45454545454545453,11.538461538461542,46.46,medium
U036,routine_order,easy,100,92.94,40,0,7,True,0.0,61.53846153846154,91.76,medium
U036,routine_order,easy,90,90.31,22,1,8,True,0.125,78.84615384615384,88.06,medium
U036,memory_match,hard,68,59.24,78,4,9,True,0.4444444444444444,21.999999999999996,56.17,hard
U036,memory_match,hard,76,80.38,71,3,13,True,0.23076923076923078,29.000000000000004,70.62,hard
U036,memory_match,medium,84,82.73,55,2,13,True,0.15384615384615385,44.99999999999999,77.8,hard
U036,routine_order,hard,60,44.96,87,4,7,True,0.5714285714285714,16.346153846153843,45.62,medium
U036,memory_match,hard,84,68.23,72,2,5,True,0.4,28.000000000000004,66.48,hard
U036,memory_match,easy,92,85.93,36,1,7,True,0.14285714285714285,64.0,84.73,medium
U036,memory_match,easy,76,60.02,39,3,8,True,0.375,61.0,66.13,easy
U036,routine_order,easy,80,65.1,27,2,6,True,0.3333333333333333,74.03846153846155,71.89,easy
U036,memory_match,easy,84,77.15,56,2,9,False,0.2222222222222222,43.99999999999999,74.67,medium
U036,routine_order,medium,80,68.06,56,2,6,True,0.3333333333333333,46.15384615384615,68.74,medium
U036,memory_match,easy,92,86.71,10,1,9,True,0.1111111111111111,90.0,89.38,medium
U037,pattern_recall,medium,80,75.84,57,2,10,True,0.2,45.714285714285715,73.4,medium
U037,memory_match,easy,100,96.81,40,0,8,True,0.0,60.0,92.88,medium
U037,memory_match,hard,76,80.85,59,3,14,True,0.21428571428571427,41.0,72.83,hard
U037,pattern_recall,easy,100,98.57,57,0,12,True,0.0,45.714285714285715,91.36,medium
U037,routine_order,easy,70,82.08,30,3,15,True,0.2,71.15384615384616,75.9,easy
U037,routine_order,medium,90,71.71,60,1,5,True,0.2,42.307692307692314,74.94,hard
U037,memory_match,medium,76,76.51,57,3,13,True,0.23076923076923078,43.00000000000001,71.37,medium
U037,routine_order,hard,60,69.22,103,4,12,True,0.3333333333333333,0.9615384615384581,55.37,hard
U037,memory_match,easy,68,69.51,38,4,14,True,0.2857142857142857,62.0,68.14,easy
U037,memory_match,hard,76,78.76,70,3,12,True,0.25,30.000000000000004,69.92,hard
U037,pattern_recall,medium,90,83.86,24,1,5,True,0.2,77.14285714285715,84.42,hard
U037,routine_order,easy,100,100.0,32,0,5,True,0.0,69.23076923076923,95.38,medium
U037,memory_match,easy,84,85.94,23,2,13,True,0.15384615384615385,77.0,83.72,medium
U037,memory_match,hard,60,58.14,95,5,13,True,0.38461538461538464,5.000000000000004,51.33,medium
U037,pattern_recall,easy,80,75.02,41,2,9,True,0.2222222222222222,60.952380952380956,75.07,easy
U037,routine_order,hard,40,57.86,62,6,15,True,0.4,40.38461538461539,49.31,medium
U037,pattern_recall,hard,90,70.12,66,1,5,True,0.2,37.142857142857146,73.61,hard
U037,memory_match,easy,84,76.45,50,2,10,True,0.2,50.0,75.66,medium
U037,pattern_recall,medium,90,78.89,39,1,5,True,0.2,62.857142857142854,80.54,hard
U037,memory_match,medium,84,86.45,52,2,13,True,0.15384615384615385,48.0,79.55,hard
U037,memory_match,hard,76,68.55,57,3,8,True,0.375,43.00000000000001,66.42,hard
U037,routine_order,medium,100,90.07,53,0,5,True,0.0,49.03846153846154,88.88,hard
U037,memory_match,hard,92,91.02,66,1,11,True,0.09090909090909091,34.0,82.79,hard
U037,memory_match,medium,76,63.55,40,3,9,True,0.3333333333333333,60.0,67.84,medium
U037,routine_order,easy,90,88.41,53,1,12,True,0.08333333333333333,49.03846153846154,83.55,medium
U037,routine_order,easy,100,100.0,42,0,12,True,0.0,59.61538461538461,93.94,medium
U037,pattern_recall,hard,70,73.07,57,3,12,True,0.25,45.714285714285715,68.18,hard
U037,routine_order,hard,80,70.85,75,2,7,True,0.2857142857142857,27.884615384615387,67.69,hard
U037,memory_match,easy,84,71.63,51,2,8,True,0.25,49.0,73.07,easy
U037,pattern_recall,medium,90,89.21,52,1,9,True,0.1111111111111111,50.476190476190474,83.63,hard
U038,pattern_recall,medium,90,79.64,50,1,6,True,0.16666666666666666,52.38095238095239,79.73,hard
U038,pattern_recall,easy,100,100.0,27,0,7,True,0.0,74.28571428571429,96.14,medium
U038,routine_order,easy,90,92.06,38,1,15,True,0.06666666666666667,63.46153846153846,87.24,medium
U038,memory_match,medium,76,67.59,25,3,8,True,0.375,75.0,70.88,medium
U038,memory_match,easy,100,98.17,32,0,10,True,0.0,68.0,94.56,medium
U038,pattern_recall,easy,90,89.62,20,1,12,True,0.08333333333333333,80.95238095238095,88.76,medium
U038,memory_match,medium,68,68.84,33,4,13,True,0.3076923076923077,67.0,68.33,medium
U038,memory_match,medium,68,68.98,36,4,14,True,0.2857142857142857,64.0,68.26,medium
U038,memory_match,hard,60,65.03,89,5,14,True,0.35714285714285715,10.999999999999998,55.05,hard
U038,memory_match,hard,84,68.83,78,2,7,True,0.2857142857142857,21.999999999999996,67.5,hard
U038,memory_match,hard,68,54.22,73,4,8,True,0.5,27.0,54.33,medium
U038,routine_order,medium,80,81.3,60,2,11,True,0.18181818181818182,42.307692307692314,75.07,hard
U038,memory_match,easy,84,72.83,49,2,9,True,0.2222222222222222,51.0,74.21,easy
U038,routine_order,hard,70,64.21,52,3,7,True,0.42857142857142855,50.0,63.04,hard
U038,routine_order,easy,100,100.0,50,0,11,True,0.0,51.92307692307692,92.79,medium
U038,memory_match,medium,92,92.79,43,1,9,True,0.1111111111111111,57.00000000000001,86.56,hard
U038,routine_order,easy,70,64.68,21,3,8,True,0.375,79.8076923076923,68.48,easy
U038,pattern_recall,easy,90,83.43,20,1,9,True,0.1111111111111111,80.95238095238095,86.18,medium
U038,pattern_recall,medium,70,62.48,44,3,7,True,0.42857142857142855,58.09523809523809,63.65,medium
U038,memory_match,hard,60,56.22,79,5,12,True,0.4166666666666667,20.999999999999996,52.58,medium
U038,pattern_recall,hard,50,63.9,65,5,15,True,0.3333333333333333,38.095238095238095,55.58,medium
U038,memory_match,easy,76,79.48,22,3,13,True,0.23076923076923078,78.0,77.66,easy
U038,routine_order,easy,100,95.29,16,0,6,True,0.0,84.61538461538461,96.04,medium
U038,memory_match,medium,92,76.37,42,1,5,True,0.2,58.00000000000001,79.63,hard
U038,pattern_recall,hard,70,64.23,54,3,9,True,0.3333333333333333,48.57142857142858,64.27,hard
U038,routine_order,easy,100,96.99,35,0,10,True,0.0,66.34615384615384,93.9,medium
U038,routine_order,medium,90,87.87,42,1,11,True,0.09090909090909091,59.61538461538461,84.83,hard
U038,routine_order,easy,90,87.91,31,1,11,True,0.09090909090909091,70.1923076923077,86.43,medium
U038,pattern_recall,hard,80,62.69,71,2,5,True,0.4,32.38095238095238,63.8,hard
U038,memory_match,hard,68,61.02,74,4,11,True,0.36363636363636365,26.0,58.6,hard
U039,routine_order,hard,90,79.31,53,1,6,True,0.16666666666666666,49.03846153846154,79.11,hard
U039,pattern_recall,easy,90,84.37,29,1,7,True,0.14285714285714285,72.38095238095238,84.74,medium
U039,routine_order,hard,90,88.58,80,1,13,True,0.07692307692307693,23.076923076923073,79.81,hard
U039,memory_match,medium,84,64.73,66,2,7,True,0.2857142857142857,34.0,67.87,medium
U039,pattern_recall,hard,80,76.97,61,2,8,True,0.25,41.9047619047619,72.48,hard
U039,memory_match,easy,92,91.44,37,1,9,False,0.1111111111111111,63.0,86.99,medium
U039,routine_order,medium,50,64.91,51,5,13,True,0.38461538461538464,50.96153846153846,57.09,easy
U039,memory_match,hard,84,73.64,85,2,7,True,0.2857142857142857,15.000000000000002,68.14,hard
U039,pattern_recall,easy,80,82.59,53,2,10,True,0.2,49.523809523809526,76.34,medium
U039,memory_match,hard,84,61.77,66,2,6,True,0.3333333333333333,34.0,66.12,hard
U039,routine_order,easy,100,95.34,46,0,6,True,0.0,55.769230769230774,91.73,medium
U039,memory_match,hard,92,82.02,62,1,6,True,0.16666666666666666,38.0,79.11,hard
U039,memory_match,medium,100,97.74,41,0,7,True,0.0,59.00000000000001,93.06,hard
U039,pattern_recall,hard,70,78.38,58,3,14,True,0.21428571428571427,44.76190476190476,70.43,hard
U039,pattern_recall,easy,100,100.0,31,0,6,True,0.0,70.47619047619047,95.57,medium
U039,routine_order,medium,80,78.51,43,2,7,True,0.2857142857142857,58.65384615384615,74.99,medium
U039,pattern_recall,hard,70,75.91,65,3,14,True,0.21428571428571427,38.095238095238095,68.57,hard
U039,memory_match,medium,84,67.74,49,2,7,True,0.2857142857142857,51.0,71.47,medium
U039,memory_match,hard,92,78.73,77,1,5,True,0.2,23.0,75.21,hard
U039,memory_match,easy,92,93.56,30,1,8,True,0.125,70.0,88.57,medium
U039,memory_match,easy,84,79.88,42,2,11,True,0.18181818181818182,58.00000000000001,78.33,medium
U039,pattern_recall,medium,90,86.08,56,1,10,True,0.1,46.666666666666664,82.13,hard
U039,routine_order,medium,80,57.21,48,2,5,True,0.4,53.84615384615385,65.1,medium
U039,routine_order,easy,100,96.13,32,0,8,True,0.0,69.23076923076923,94.03,medium
U039,pattern_recall,easy,90,85.29,40,1,7,True,0.14285714285714285,61.904761904761905,83.49,medium
U039,routine_order,medium,50,64.33,55,5,14,True,0.35714285714285715,47.11538461538461,56.73,easy
U039,pattern_recall,medium,70,79.94,45,3,14,True,0.21428571428571427,57.14285714285714,72.84,medium
U039,routine_order,medium,70,67.97,60,3,10,True,0.3,42.307692307692314,65.14,medium
U039,memory_match,easy,84,88.3,25,2,13,True,0.15384615384615385,75.0,84.25,medium
U039,routine_order,medium,100,100.0,60,0,10,False,0.0,42.307692307692314,91.35,hard
U040,pattern_recall,easy,90,94.4,17,1,10,True,0.1,83.80952380952381,90.61,medium
U040,memory_match,medium,92,72.47,49,1,5,True,0.2,51.0,77.21,hard
U040,routine_order,hard,70,55.94,62,3,6,True,0.5,40.38461538461539,57.64,hard
U040,routine_order,hard,40,60.86,88,6,15,True,0.4,15.384615384615385,46.61,medium
U040,routine_order,medium,100,95.0,49,0,5,True,0.0,52.88461538461539,91.18,hard
U040,routine_order,hard,80,84.33,85,2,14,True,0.14285714285714285,18.26923076923077,73.11,hard
U040,memory_match,medium,68,72.98,59,4,15,True,0.26666666666666666,41.0,66.49,medium
U040,memory_match,hard,60,62.9,57,5,14,True,0.35714285714285715,43.00000000000001,59.11,hard
U040,pattern_recall,easy,80,81.91,30,2,10,True,0.2,71.42857142857143,79.38,medium
U040,memory_match,hard,92,83.09,64,1,5,True,0.2,36.0,78.68,hard
U040,routine_order,medium,60,69.11,66,4,14,True,0.2857142857142857,36.53846153846154,61.38,medium
U040,pattern_recall,easy,80,82.56,39,2,11,True,0.18181818181818182,62.857142857142854,78.6,medium
U040,pattern_recall,hard,70,72.73,71,3,10,True,0.3,32.38095238095238,65.31,hard
U040,memory_match,hard,84,73.02,86,2,9,True,0.2222222222222222,14.000000000000002,68.72,hard
U040,pattern_recall,medium,90,89.47,60,1,10,True,0.1,42.85714285714286,82.74,hard
U040,memory_match,easy,84,83.89,29,2,11,True,0.18181818181818182,71.0,81.68,medium
U040,memory_match,medium,84,73.2,40,2,9,True,0.2222222222222222,60.0,75.69,medium
U040,routine_order,hard,80,82.05,51,2,11,True,0.18181818181818182,50.96153846153846,76.63,hard
U040,routine_order,easy,90,90.9,65,1,14,True,0.07142857142857142,37.5,82.87,medium
U040,memory_match,easy,84,79.65,27,2,11,True,0.18181818181818182,73.0,80.5,medium
U040,routine_order,hard,80,75.95,74,2,9,False,0.2222222222222222,28.846153846153843,70.58,hard
U040,memory_match,easy,92,90.79,41,1,7,False,0.14285714285714285,59.00000000000001,85.68,medium
U040,pattern_recall,easy,80,84.83,30,2,10,True,0.2,71.42857142857143,80.4,medium
U040,pattern_recall,medium,70,82.0,65,3,15,True,0.2,38.095238095238095,70.91,medium
U040,routine_order,medium,70,75.2,58,3,13,True,0.23076923076923078,44.230769230769226,68.99,medium
U040,routine_order,easy,80,75.2,43,2,9,True,0.2222222222222222,58.65384615384615,74.78,easy
U040,memory_match,hard,52,58.71,68,6,14,True,0.42857142857142855,31.999999999999996,52.12,medium
U040,routine_order,easy,100,99.75,33,0,15,True,0.0,68.26923076923077,95.15,medium
U040,routine_order,medium,100,98.43,44,0,15,True,0.0,57.692307692307686,93.1,hard
U040,pattern_recall,hard,70,71.54,48,3,10,True,0.3,54.28571428571429,68.18,hard
U041,memory_match,medium,92,91.58,61,1,10,False,0.1,39.0,83.6,hard
U041,routine_order,medium,70,76.6,41,3,13,True,0.23076923076923078,60.57692307692308,71.94,medium
U041,pattern_recall,hard,70,73.01,53,3,12,True,0.25,49.523809523809526,68.73,hard
U041,routine_order,hard,60,64.52,78,4,10,False,0.4,25.0,56.33,hard
U041,memory_match,hard,52,50.37,82,6,12,True,0.5,18.000000000000004,46.03,medium
U041,pattern_recall,medium,80,78.75,52,2,11,True,0.18181818181818182,50.476190476190474,75.41,medium
U041,memory_match,easy,76,63.75,39,3,7,True,0.42857142857142855,61.0,66.63,easy
U041,routine_order,hard,70,63.09,75,3,9,True,0.3333333333333333,27.884615384615387,60.76,hard
U041,pattern_recall,hard,40,61.93,80,6,15,False,0.4,23.809523809523814,48.25,medium
U041,memory_match,easy,92,88.82,19,1,12,True,0.08333333333333333,81.0,89.19,medium
U041,pattern_recall,easy,70,81.03,35,3,15,True,0.2,66.66666666666667,74.86,easy
U041,memory_match,easy,84,68.31,39,2,5,True,0.4,61.0,71.46,easy
U041,pattern_recall,easy,90,91.59,48,1,12,True,0.08333333333333333,54.28571428571429,85.45,medium
U041,memory_match,hard,84,56.31,88,2,5,True,0.4,12.0,59.91,hard
U041,routine_order,easy,100,100.0,41,0,9,True,0.0,60.57692307692308,94.09,medium
U041,routine_order,medium,70,79.61,56,3,14,True,0.21428571428571427,46.15384615384615,71.07,medium
U041,memory_match,easy,92,83.07,24,1,8,True,0.125,76.0,85.8,medium
U041,routine_order,easy,90,80.95,43,1,6,False,0.16666666666666666,58.65384615384615,81.13,medium
U041,routine_order,easy,80,77.7,14,2,10,True,0.2,86.53846153846155,80.18,easy
U041,memory_match,easy,100,92.75,37,0,5,True,0.0,63.0,91.91,medium
U041,routine_order,medium,80,72.0,19,2,7,True,0.2857142857142857,81.73076923076923,76.17,medium
U041,routine_order,medium,80,83.09,63,2,11,True,0.18181818181818182,39.42307692307693,75.27,hard
U041,routine_order,easy,100,95.73,52,0,11,True,0.0,50.0,91.01,medium
U041,routine_order,easy,80,73.63,38,2,8,False,0.25,63.46153846153846,74.54,easy
U041,memory_match,easy,76,67.95,47,3,8,True,0.375,53.0,67.71,easy
U041,memory_match,hard,84,67.84,74,2,5,True,0.4,26.0,66.04,hard
U041,routine_order,medium,90,91.06,56,1,13,True,0.07692307692307693,46.15384615384615,84.14,hard
U041,memory_match,easy,84,84.6,47,2,11,True,0.18181818181818182,53.0,79.23,medium
U041,memory_match,hard,76,56.3,67,3,6,True,0.5,32.99999999999999,58.75,hard
U041,routine_order,easy,80,80.13,23,2,8,True,0.25,77.88461538461539,78.98,easy
U042,routine_order,easy,90,81.41,39,1,6,True,0.16666666666666666,62.5,81.87,medium
U042,routine_order,hard,70,77.2,68,3,15,True,0.2,34.61538461538461,68.71,hard
U042,memory_match,easy,68,72.58,15,4,14,True,0.2857142857142857,85.0,72.67,easy
U042,pattern_recall,medium,80,76.66,63,2,10,True,0.2,40.0,72.83,medium
U042,memory_match,hard,84,60.89,48,2,6,True,0.3333333333333333,52.0,68.51,hard
U042,pattern_recall,medium,80,77.11,34,2,7,True,0.2857142857142857,67.61904761904762,75.85,medium
U042,memory_match,easy,92,80.78,43,1,7,True,0.14285714285714285,57.00000000000001,81.88,medium
U042,pattern_recall,easy,100,93.9,28,0,7,True,0.0,73.33333333333334,93.86,medium
U042,routine_order,medium,80,74.18,65,2,9,True,0.2222222222222222,37.5,71.25,medium
U042,pattern_recall,easy,80,86.5,44,2,14,True,0.14285714285714285,58.09523809523809,79.85,medium
U042,routine_order,medium,90,81.42,33,1,6,True,0.16666666666666666,68.26923076923077,82.74,hard
U042,routine_order,medium,40,57.35,32,6,15,True,0.4,69.23076923076923,53.46,easy
U042,pattern_recall,hard,60,60.32,77,4,11,True,0.36363636363636365,26.66666666666667,55.66,hard
U042,routine_order,hard,80,60.36,65,2,5,True,0.4,37.5,63.75,hard
U042,memory_match,easy,100,100.0,24,0,7,True,0.0,76.0,96.4,medium
U042,memory_match,hard,68,66.0,54,4,12,True,0.3333333333333333,46.0,63.8,hard
U042,pattern_recall,easy,70,79.03,33,3,12,True,0.25,68.57142857142857,73.7,easy
U042,pattern_recall,medium,70,65.8,41,3,10,True,0.3,60.952380952380956,67.17,medium
U042,pattern_recall,medium,90,82.87,35,1,6,True,0.16666666666666666,66.66666666666667,83.0,hard
U042,routine_order,easy,100,96.56,48,0,5,True,0.0,53.84615384615385,91.87,medium
U042,routine_order,easy,60,73.87,43,4,14,True,0.2857142857142857,58.65384615384615,66.37,easy
U042,pattern_recall,easy,80,84.53,38,2,13,True,0.15384615384615385,63.8095238095238,79.85,medium
U042,routine_order,hard,70,52.99,47,3,6,True,0.5,54.807692307692314,58.77,medium
U042,routine_order,easy,70,72.56,40,3,10,True,0.3,61.53846153846154,69.63,easy
U042,pattern_recall,hard,50,61.8,56,5,13,True,0.38461538461538464,46.666666666666664,55.36,medium
U042,pattern_recall,easy,80,78.84,44,2,8,True,0.25,58.09523809523809,75.56,easy
U042,memory_match,easy,92,82.33,23,1,5,True,0.2,77.0,84.57,medium
U042,pattern_recall,hard,60,59.02,85,4,9,True,0.4444444444444444,19.047619047619047,52.85,medium
U042,routine_order,medium,70,71.27,62,3,9,True,0.3333333333333333,40.38461538461539,65.5,medium
U042,routine_order,easy,90,83.85,33,1,7,True,0.14285714285714285,68.26923076923077,83.95,medium
U043,memory_match,medium,76,62.37,66,3,8,True,0.375,34.0,62.9,medium
U043,routine_order,medium,80,76.33,37,2,7,True,0.2857142857142857,64.42307692307692,75.09,medium
U043,routine_order,medium,90,92.93,54,1,8,True,0.125,48.07692307692307,84.36,hard
U043,pattern_recall,easy,90,77.25,37,1,5,True,0.2,64.76190476190476,80.25,medium
U043,routine_order,hard,40,50.61,81,6,12,False,0.5,22.115384615384613,42.53,medium
U043,routine_order,medium,70,74.58,37,3,10,True,0.3,64.42307692307692,70.77,medium
U043,routine_order,medium,80,83.91,50,2,11,True,0.18181818181818182,51.92307692307692,77.43,hard
U043,pattern_recall,easy,90,85.97,28,1,6,True,0.16666666666666666,73.33333333333334,85.09,medium
U043,pattern_recall,easy,80,86.95,41,2,13,True,0.15384615384615385,60.952380952380956,80.27,medium
U043,memory_match,medium,68,65.34,50,4,12,True,0.3333333333333333,50.0,64.17,medium
U043,routine_order,easy,80,86.18,27,2,13,True,0.15384615384615385,74.03846153846155,81.96,medium
U043,pattern_recall,medium,80,82.55,60,2,9,True,0.2222222222222222,42.85714285714286,74.99,hard
U043,pattern_recall,hard,80,59.62,79,2,6,True,0.3333333333333333,24.761904761904763,62.58,hard
U043,routine_order,hard,80,57.74,52,2,5,True,0.4,50.0,64.71,hard
U043,memory_match,medium,60,56.18,58,5,12,True,0.4166666666666667,42.00000000000001,55.71,easy
U043,pattern_recall,medium,80,80.18,46,2,11,True,0.18181818181818182,56.19047619047619,76.76,hard
U043,pattern_recall,easy,90,92.15,32,1,15,True,0.06666666666666667,69.52380952380952,88.18,medium
U043,routine_order,medium,90,90.47,67,1,13,True,0.07692307692307693,35.57692307692307,82.35,hard
U043,routine_order,medium,90,74.51,53,1,5,True,0.2,49.03846153846154,76.93,hard
U043,memory_match,hard,76,73.47,82,3,13,True,0.23076923076923078,18.000000000000004,66.55,hard
U043,pattern_recall,easy,80,71.36,29,2,6,True,0.3333333333333333,72.38095238095238,73.83,easy
U043,pattern_recall,easy,80,74.73,52,2,8,True,0.25,50.476190476190474,72.98,easy
U043,routine_order,easy,80,88.53,40,2,14,True,0.14285714285714285,61.53846153846154,81.07,medium
U043,pattern_recall,hard,80,73.4,74,2,6,True,0.3333333333333333,29.52380952380952,68.12,hard
U043,pattern_recall,hard,40,62.85,77,6,15,True,0.4,26.66666666666667,49.0,medium
U043,memory_match,easy,84,89.86,54,2,15,True,0.13333333333333333,46.0,80.75,medium
U043,memory_match,medium,76,75.68,41,3,13,True,0.23076923076923078,59.00000000000001,73.48,medium
U043,routine_order,easy,90,92.32,50,1,14,True,0.07142857142857142,51.92307692307692,85.53,medium
U043,routine_order,medium,60,47.06,61,4,7,True,0.5714285714285714,41.34615384615385,50.1,easy
U043,routine_order,easy,90,85.53,45,1,5,True,0.2,56.730769230769226,81.95,medium
U044,memory_match,easy,84,73.63,31,2,9,True,0.2222222222222222,69.0,77.19,easy
U044,memory_match,hard,76,56.42,81,3,7,True,0.42857142857142855,18.999999999999993,57.77,hard
U044,routine_order,medium,70,77.22,63,3,12,True,0.25,39.42307692307693,68.69,medium
U044,memory_match,hard,84,82.14,59,2,10,True,0.2,41.0,76.3,hard
U044,pattern_recall,easy,100,98.36,13,0,10,True,0.0,87.61904761904762,97.57,medium
U044,pattern_recall,easy,70,80.22,34,3,14,True,0.21428571428571427,67.61904761904762,74.51,easy
U044,pattern_recall,hard,70,74.21,68,3,11,True,0.2727272727272727,35.238095238095234,66.67,hard
U044,routine_order,hard,70,73.11,76,3,12,True,0.25,26.923076923076927,65.38,hard
U044,memory_match,hard,92,78.69,66,1,5,True,0.2,34.0,76.84,hard
U044,pattern_recall,hard,80,82.66,61,2,11,True,0.18181818181818182,41.9047619047619,75.49,hard
U044,pattern_recall,easy,100,96.68,26,0,14,True,0.0,75.23809523809524,95.12,medium
U044,memory_match,hard,76,57.11,94,3,6,True,0.5,6.000000000000005,54.99,hard
U044,routine_order,easy,70,81.1,43,3,15,True,0.2,58.65384615384615,73.68,easy
U044,pattern_recall,medium,60,70.62,63,4,14,True,0.2857142857142857,40.0,62.43,medium
U044,memory_match,easy,84,79.33,43,2,11,True,0.18181818181818182,57.00000000000001,77.99,medium
U044,routine_order,hard,60,70.19,65,4,12,True,0.3333333333333333,37.5,61.19,hard
U044,routine_order,hard,80,68.18,82,2,5,True,0.4,21.153846153846157,64.04,hard
U044,pattern_recall,easy,90,91.28,54,1,14,True,0.07142857142857142,48.57142857142858,84.66,medium
U044,memory_match,easy,92,96.08,49,1,14,True,0.07142857142857142,51.0,87.41,medium
U044,pattern_recall,easy,90,90.46,33,1,14,True,0.07142857142857142,68.57142857142857,87.38,medium
U044,pattern_recall,easy,70,79.09,54,3,13,True,0.23076923076923078,48.57142857142858,71.01,easy
U044,routine_order,easy,90,89.84,21,1,8,True,0.125,79.8076923076923,88.04,medium
U044,routine_order,easy,90,86.61,43,1,5,True,0.2,58.65384615384615,82.61,medium
U044,pattern_recall,medium,90,75.04,56,1,5,False,0.2,46.666666666666664,76.76,hard
U044,routine_order,hard,70,60.16,66,3,8,True,0.375,36.53846153846154,60.41,hard
U044,pattern_recall,hard,80,82.71,90,2,9,True,0.2222222222222222,14.28571428571429,70.76,hard
U044,memory_match,hard,60,49.83,52,5,10,True,0.5,48.0,53.14,medium
U044,memory_match,medium,84,75.84,65,2,8,True,0.25,35.0,72.44,medium
U044,pattern_recall,hard,40,42.6,72,6,11,True,0.5454545454545454,31.428571428571427,40.44,medium
U044,memory_match,easy,92,90.01,25,1,10,True,0.1,75.0,88.45,medium
U045,memory_match,medium,76,73.75,49,3,10,True,0.3,51.0,70.56,medium
U045,pattern_recall,easy,90,90.35,61,1,8,True,0.125,41.9047619047619,82.53,medium
U045,pattern_recall,hard,70,67.39,78,3,10,True,0.3,25.71428571428571,62.44,hard
U045,routine_order,hard,70,61.25,79,3,7,True,0.42857142857142855,24.03846153846154,58.11,hard
U045,routine_order,hard,60,58.13,85,4,10,True,0.4,18.26923076923077,53.09,medium
U045,pattern_recall,medium,70,63.61,47,3,9,True,0.3333333333333333,55.23809523809524,65.05,medium
U045,routine_order,hard,80,66.09,75,2,7,True,0.2857142857142857,27.884615384615387,66.03,hard
U045,routine_order,easy,60,76.12,25,4,15,True,0.26666666666666666,75.96153846153845,70.04,easy
U045,memory_match,hard,52,58.5,58,6,14,True,0.42857142857142855,42.00000000000001,53.55,medium
U045,memory_match,hard,68,57.82,88,4,9,True,0.4444444444444444,12.0,54.17,hard
U045,memory_match,hard,84,82.09,71,2,13,True,0.15384615384615385,29.000000000000004,75.17,hard
U045,pattern_recall,hard,80,69.66,52,2,6,True,0.3333333333333333,50.476190476190474,69.95,hard
U045,pattern_recall,easy,90,84.31,35,1,7,True,0.14285714285714285,66.66666666666667,83.87,medium
U045,memory_match,hard,60,60.85,55,5,12,True,0.4166666666666667,44.99999999999999,57.8,hard
U045,pattern_recall,easy,70,69.92,27,3,9,True,0.3333333333333333,74.28571428571429,70.11,easy
U045,memory_match,medium,68,67.85,52,4,12,True,0.3333333333333333,48.0,64.75,medium
U045,routine_order,medium,80,76.77,79,2,9,True,0.2222222222222222,24.03846153846154,70.14,medium
U045,pattern_recall,hard,60,62.83,57,4,12,True,0.3333333333333333,45.714285714285715,59.85,hard
U045,memory_match,hard,68,57.75,71,4,9,True,0.4444444444444444,29.000000000000004,56.7,hard
U045,pattern_recall,medium,60,66.6,66,4,12,True,0.3333333333333333,37.142857142857146,59.88,medium
U045,routine_order,medium,90,83.07,33,1,5,True,0.2,68.26923076923077,82.81,hard
U045,routine_order,medium,80,83.32,44,2,14,True,0.14285714285714285,57.692307692307686,78.67,hard
U045,routine_order,medium,70,81.39,60,3,15,True,0.2,42.307692307692314,71.33,medium
U045,memory_match,hard,84,74.44,76,2,9,True,0.2222222222222222,24.0,70.72,hard
U045,pattern_recall,hard,100,97.45,66,0,7,True,0.0,37.142857142857146,89.68,hard
U045,routine_order,easy,90,92.97,53,1,11,True,0.09090909090909091,49.03846153846154,85.03,medium
U045,routine_order,easy,100,100.0,14,0,9,True,0.0,86.53846153846155,97.98,medium
U045,pattern_recall,hard,70,60.03,34,3,7,True,0.42857142857142855,67.61904761904762,64.22,hard
U045,routine_order,medium,70,74.38,49,3,11,True,0.2727272727272727,52.88461538461539,69.37,medium
U045,memory_match,easy,92,83.44,31,1,7,True,0.14285714285714285,69.0,84.61,medium
U046,routine_order,easy,100,90.19,20,0,5,False,0.0,80.76923076923077,93.68,medium
U046,routine_order,easy,90,82.71,49,1,6,True,0.16666666666666666,52.88461538461539,80.88,medium
U046,routine_order,easy,90,90.11,16,1,8,True,0.125,84.61538461538461,88.86,medium
U046,pattern_recall,medium,70,74.48,45,3,11,False,0.2727272727272727,57.14285714285714,70.05,medium
U046,memory_match,medium,84,79.72,52,2,10,True,0.2,48.0,76.5,hard
U046,memory_match,hard,84,72.68,80,2,6,True,0.3333333333333333,19.999999999999996,67.84,hard
U046,memory_match,medium,60,54.54,52,5,10,True,0.5,48.0,54.79,easy
U046,routine_order,medium,90,94.31,63,1,11,True,0.09090909090909091,39.42307692307693,84.06,hard
U046,memory_match,medium,68,73.62,42,4,14,True,0.2857142857142857,58.00000000000001,68.98,medium
U046,pattern_recall,hard,80,70.37,36,2,8,True,0.25,65.71428571428571,73.74,hard
U046,memory_match,easy,92,89.92,22,1,9,True,0.1111111111111111,78.0,88.71,medium
U046,routine_order,medium,90,77.87,32,1,6,False,0.16666666666666666,69.23076923076923,81.64,hard
U046,memory_match,medium,84,68.29,49,2,6,True,0.3333333333333333,51.0,70.95,medium
U046,routine_order,hard,80,60.98,71,2,5,True,0.4,31.73076923076923,63.1,hard
U046,pattern_recall,easy,90,87.38,56,1,8,True,0.125,46.666666666666664,82.21,medium
U046,routine_order,hard,80,60.21,53,2,6,False,0.3333333333333333,49.03846153846154,66.43,hard
U046,routine_order,medium,80,75.14,57,2,7,True,0.2857142857142857,45.192307692307686,71.79,medium
U046,routine_order,easy,100,94.88,55,0,7,True,0.0,47.11538461538461,90.28,medium
U046,routine_order,medium,70,69.64,46,3,11,True,0.2727272727272727,55.769230769230774,68.15,medium
U046,routine_order,hard,80,58.95,85,2,6,True,0.3333333333333333,18.26923076923077,61.37,hard
U046,memory_match,easy,92,85.12,23,1,9,True,0.1111111111111111,77.0,86.88,medium
U046,memory_match,hard,76,76.76,55,3,15,True,0.2,44.99999999999999,72.22,hard
U046,memory_match,hard,76,76.6,65,3,11,True,0.2727272727272727,35.0,69.57,hard
U046,pattern_recall,medium,60,69.12,56,4,14,True,0.2857142857142857,46.666666666666664,62.91,medium
U046,pattern_recall,hard,70,65.42,55,3,10,True,0.3,47.61904761904761,65.04,hard
U046,pattern_recall,medium,50,62.1,42,5,14,True,0.35714285714285715,60.0,57.88,easy
U046,routine_order,easy,80,85.43,46,2,12,True,0.16666666666666666,55.769230769230774,78.77,medium
U046,memory_match,easy,92,91.44,42,1,7,True,0.14285714285714285,58.00000000000001,85.76,medium
U046,memory_match,easy,84,88.71,32,2,15,False,0.13333333333333333,68.0,83.65,medium
U046,memory_match,medium,68,68.77,44,4,12,True,0.3333333333333333,56.00000000000001,66.27,medium
U047,routine_order,easy,80,78.26,52,2,7,True,0.2857142857142857,50.0,73.61,easy
U047,memory_match,hard,84,73.75,80,2,6,True,0.3333333333333333,19.999999999999996,68.21,hard
U047,routine_order,easy,80,81.25,34,2,12,True,0.16666666666666666,67.3076923076923,79.03,medium
U047,pattern_recall,hard,80,84.05,57,2,12,True,0.16666666666666666,45.714285714285715,76.77,hard
U047,memory_match,easy,92,95.94,72,1,14,True,0.07142857142857142,28.000000000000004,83.91,medium
U047,pattern_recall,easy,90,90.32,21,1,6,True,0.16666666666666666,80.0,87.61,medium
U047,routine_order,hard,80,76.12,58,2,7,True,0.2857142857142857,44.230769230769226,71.99,hard
U047,routine_order,medium,80,59.51,29,2,6,True,0.3333333333333333,72.11538461538461,69.65,medium
U047,pattern_recall,hard,50,64.57,70,5,13,True,0.38461538461538464,33.333333333333336,54.33,medium
U047,pattern_recall,medium,80,67.03,37,2,7,True,0.2857142857142857,64.76190476190476,71.89,medium
U047,routine_order,medium,70,64.21,64,3,9,True,0.3333333333333333,38.46153846153846,62.74,medium
U047,routine_order,hard,50,55.88,65,5,11,True,0.45454545454545453,37.5,50.86,medium
U047,routine_order,hard,80,58.7,64,2,5,True,0.4,38.46153846153846,63.31,hard
U047,pattern_recall,medium,70,72.78,58,3,12,True,0.25,44.76190476190476,67.94,medium
U047,pattern_recall,easy,80,82.08,37,2,13,True,0.15384615384615385,64.76190476190476,79.13,medium
U047,memory_match,medium,92,86.94,61,1,9,False,0.1111111111111111,39.0,81.81,hard
U047,memory_match,medium,68,74.66,48,4,15,True,0.26666666666666666,52.0,68.73,medium
U047,pattern_recall,hard,90,85.08,81,1,9,True,0.1111111111111111,22.857142857142854,78.04,hard
U047,pattern_recall,hard,40,57.69,81,6,14,True,0.42857142857142855,22.857142857142854,46.19,medium
U047,memory_match,hard,84,73.31,82,2,6,True,0.3333333333333333,18.000000000000004,67.76,hard
U047,pattern_recall,hard,60,72.33,54,4,13,True,0.3076923076923077,48.57142857142858,63.99,hard
U047,routine_order,easy,70,76.79,51,3,12,True,0.25,50.96153846153846,70.27,easy
U047,routine_order,hard,90,82.16,69,1,6,True,0.16666666666666666,33.65384615384615,77.8,hard
U047,routine_order,medium,80,78.65,50,2,9,True,0.2222222222222222,51.92307692307692,74.98,medium
U047,memory_match,medium,84,70.78,49,2,6,True,0.3333333333333333,51.0,71.82,medium
U047,routine_order,easy,80,81.55,35,2,13,True,0.15384615384615385,66.34615384615384,79.19,medium
U047,memory_match,easy,92,92.09,33,1,13,True,0.07692307692307693,67.0,88.33,medium
U047,pattern_recall,easy,100,99.19,39,0,11,True,0.0,62.857142857142854,94.15,medium
U047,pattern_recall,hard,90,77.24,55,1,6,True,0.16666666666666666,47.61904761904761,78.18,hard
U047,memory_match,hard,44,51.14,70,7,14,True,0.5,30.000000000000004,45.3,medium
U048,routine_order,easy,80,83.78,53,2,13,True,0.15384615384615385,49.03846153846154,77.37,medium
U048,routine_order,hard,80,76.29,88,2,10,True,0.2,15.384615384615385,69.01,hard
U048,routine_order,easy,100,93.16,42,0,7,True,0.0,59.61538461538461,91.55,medium
U048,pattern_recall,easy,100,95.48,43,0,9,True,0.0,59.04761904761905,92.28,medium
U048,memory_match,medium,92,94.14,52,1,10,True,0.1,48.0,85.85,hard
U048,routine_order,easy,80,81.82,22,2,13,True,0.15384615384615385,78.84615384615384,81.16,medium
U048,pattern_recall,medium,90,85.37,66,1,9,True,0.1111111111111111,37.142857142857146,80.28,hard
U048,routine_order,medium,60,59.77,51,4,10,True,0.4,50.96153846153846,58.56,easy
U048,memory_match,medium,92,84.25,60,1,5,True,0.2,40.0,79.69,hard
U048,routine_order,easy,80,86.18,37,2,11,True,0.18181818181818182,64.42307692307692,80.1,medium
U048,pattern_recall,hard,70,78.76,81,3,14,True,0.21428571428571427,22.857142857142854,67.28,hard
U048,memory_match,easy,92,84.41,32,1,7,True,0.14285714285714285,68.0,84.8,medium
U048,routine_order,medium,80,79.35,59,2,8,True,0.25,43.269230769230774,73.51,medium
U048,pattern_recall,hard,60,57.16,69,4,10,True,0.4,34.285714285714285,55.15,medium
U048,memory_match,easy,84,85.18,30,2,13,True,0.15384615384615385,70.0,82.41,medium
U048,routine_order,easy,70,78.49,31,3,13,True,0.23076923076923078,70.1923076923077,74.04,easy
U048,memory_match,medium,76,66.99,40,3,9,True,0.3333333333333333,60.0,69.05,medium
U048,pattern_recall,easy,100,100.0,37,0,14,True,0.0,64.76190476190476,94.71,medium
U048,pattern_recall,medium,90,84.63,64,1,8,False,0.125,39.047619047619044,80.1,hard
U048,routine_order,medium,90,90.4,41,1,6,True,0.16666666666666666,60.57692307692308,84.73,hard
U048,memory_match,medium,76,63.8,47,3,7,True,0.42857142857142855,53.0,65.45,medium
U048,routine_order,hard,80,74.85,67,2,7,True,0.2857142857142857,35.57692307692307,70.25,hard
U048,pattern_recall,hard,30,49.65,63,7,14,True,0.5,40.0,41.38,medium
U048,memory_match,medium,68,63.6,44,4,11,True,0.36363636363636365,56.00000000000001,64.01,medium
U048,pattern_recall,hard,70,80.13,69,3,13,True,0.23076923076923078,34.285714285714285,69.23,hard
U048,memory_match,hard,76,76.73,89,3,15,True,0.2,10.999999999999998,67.11,hard
U048,pattern_recall,medium,70,81.8,49,3,14,True,0.21428571428571427,53.333333333333336,72.92,medium
U048,routine_order,medium,80,82.88,30,2,10,True,0.2,71.15384615384616,79.68,hard
U048,memory_match,easy,92,95.59,26,1,12,True,0.08333333333333333,74.0,90.51,medium
U048,memory_match,hard,76,78.09,52,3,15,True,0.2,48.0,73.13,hard
U049,routine_order,hard,80,78.1,69,2,9,True,0.2222222222222222,33.65384615384615,72.05,hard
U049,pattern_recall,easy,90,89.75,29,1,7,True,0.14285714285714285,72.38095238095238,86.63,medium
U049,routine_order,easy,100,100.0,45,0,10,True,0.0,56.730769230769226,93.51,medium
U049,routine_order,hard,60,60.61,66,4,11,True,0.36363636363636365,36.53846153846154,57.24,hard
U049,routine_order,hard,60,69.6,74,4,13,True,0.3076923076923077,28.846153846153843,60.07,hard
U049,routine_order,medium,90,74.24,49,1,5,True,0.2,52.88461538461539,77.42,hard
U049,routine_order,easy,80,69.27,28,2,5,True,0.4,73.07692307692308,72.21,easy
U049,routine_order,medium,50,51.23,46,5,10,True,0.5,55.769230769230774,51.3,easy
U049,memory_match,hard,84,59.71,64,2,5,True,0.4,36.0,64.7,hard
U049,routine_order,easy,90,87.38,25,1,9,True,0.1111111111111111,75.96153846153845,86.81,medium
U049,memory_match,hard,84,60.29,93,2,6,True,0.3333333333333333,6.999999999999995,61.55,hard
U049,memory_match,easy,92,88.27,25,1,12,True,0.08333333333333333,75.0,88.09,medium
U049,pattern_recall,hard,70,65.68,81,3,8,True,0.375,22.857142857142854,60.29,hard
U049,routine_order,easy,80,84.31,50,2,11,True,0.18181818181818182,51.92307692307692,77.57,medium
U049,memory_match,medium,76,80.11,48,3,13,True,0.23076923076923078,52.0,73.98,medium
U049,routine_order,medium,50,58.88,39,5,12,True,0.4166666666666667,62.5,56.23,easy
U049,memory_match,easy,76,59.18,25,3,7,True,0.42857142857142855,75.0,67.13,easy
U049,pattern_recall,hard,90,83.11,79,1,7,True,0.14285714285714285,24.761904761904763,77.16,hard
U049,memory_match,hard,84,65.84,79,2,7,True,0.2857142857142857,20.999999999999996,66.31,hard
U049,memory_match,medium,92,77.17,45,1,6,True,0.16666666666666666,55.00000000000001,79.96,hard
U049,routine_order,easy,90,93.2,23,1,15,True,0.06666666666666667,77.88461538461539,89.8,medium
U049,memory_match,easy,92,93.65,51,1,12,True,0.08333333333333333,49.0,86.08,medium
U049,memory_match,medium,84,83.71,54,2,11,True,0.18181818181818182,46.0,77.87,hard
U049,memory_match,medium,76,66.72,38,3,9,False,0.3333333333333333,62.0,69.25,medium
U049,pattern_recall,easy,100,100.0,40,0,15,True,0.0,61.904761904761905,94.29,medium
U049,memory_match,easy,100,100.0,48,0,7,True,0.0,52.0,92.8,medium
U049,routine_order,easy,90,94.74,29,1,15,True,0.06666666666666667,72.11538461538461,89.48,medium
U049,routine_order,hard,70,73.4,64,3,13,True,0.23076923076923078,38.46153846153846,67.5,hard
U049,memory_match,medium,84,79.28,57,2,11,True,0.18181818181818182,43.00000000000001,75.87,hard
U049,routine_order,hard,70,71.49,63,3,11,True,0.2727272727272727,39.42307692307693,66.34,hard
U050,routine_order,medium,80,88.22,44,2,15,True,0.13333333333333333,57.692307692307686,80.53,hard
U050,memory_match,hard,84,69.95,64,2,5,True,0.4,36.0,68.28,hard
U050,pattern_recall,medium,90,83.64,48,1,8,True,0.125,54.28571428571429,82.04,hard
U050,memory_match,medium,84,79.4,40,2,10,True,0.2,60.0,78.19,hard
U050,routine_order,easy,70,66.38,47,3,9,False,0.3333333333333333,54.807692307692314,65.95,easy
U050,pattern_recall,medium,70,74.97,52,3,10,True,0.3,50.476190476190474,68.81,medium
U050,memory_match,medium,84,66.65,72,2,6,True,0.3333333333333333,28.000000000000004,66.93,medium
U050,memory_match,easy,92,87.81,57,1,6,True,0.16666666666666666,43.00000000000001,81.88,medium
U050,memory_match,medium,92,70.63,59,1,5,True,0.2,41.0,75.07,hard
U050,pattern_recall,medium,80,71.11,61,2,8,True,0.25,41.9047619047619,70.42,medium
U050,pattern_recall,medium,70,69.84,61,3,10,True,0.3,41.9047619047619,65.73,medium
U050,memory_match,medium,76,73.71,55,3,12,True,0.25,44.99999999999999,70.4,medium
U050,memory_match,hard,76,78.58,61,3,13,True,0.23076923076923078,39.0,71.49,hard
U050,pattern_recall,medium,80,68.92,47,2,8,True,0.25,55.23809523809524,71.66,medium
U050,routine_order,hard,60,63.47,86,4,10,True,0.4,17.307692307692314,54.81,hard
U050,pattern_recall,easy,90,92.57,32,1,13,True,0.07692307692307693,69.52380952380952,88.17,medium
U050,routine_order,hard,60,69.54,54,4,14,True,0.2857142857142857,48.07692307692307,63.26,hard
U050,routine_order,medium,80,83.04,45,2,9,True,0.2222222222222222,56.730769230769226,77.24,hard
U050,memory_match,hard,84,70.08,82,2,6,True,0.3333333333333333,18.000000000000004,66.63,hard
U050,memory_match,easy,84,85.39,61,2,12,True,0.16666666666666666,39.0,77.64,medium
U050,routine_order,hard,70,57.14,90,3,6,True,0.5,13.461538461538458,54.02,hard
U050,pattern_recall,hard,90,70.86,83,1,5,True,0.2,20.952380952380956,71.44,hard
U050,memory_match,medium,76,66.26,46,3,8,True,0.375,54.0,67.27,medium
U050,pattern_recall,hard,40,52.48,82,6,13,True,0.46153846153846156,21.904761904761905,43.73,medium
U050,routine_order,medium,40,62.27,39,6,15,True,0.4,62.5,54.17,easy
U050,routine_order,easy,80,82.53,44,2,12,True,0.16666666666666666,57.692307692307686,78.04,medium
U050,routine_order,easy,100,95.56,44,0,10,False,0.0,57.692307692307686,92.1,medium
U050,routine_order,easy,80,82.27,59,2,13,True,0.15384615384615385,43.269230769230774,75.98,medium
U050,routine_order,easy,70,81.5,44,3,14,True,0.21428571428571427,57.692307692307686,73.46,easy
U050,memory_match,medium,84,77.2,45,2,9,True,0.2222222222222222,55.00000000000001,76.34,hard
U051,routine_order,medium,80,80.33,52,2,12,True,0.16666666666666666,50.0,76.12,hard
U051,pattern_recall,medium,90,88.22,53,1,12,True,0.08333333333333333,49.523809523809526,83.56,hard
U051,routine_order,medium,60,75.11,49,4,15,False,0.26666666666666666,52.88461538461539,66.22,medium
U051,routine_order,hard,80,61.49,80,2,5,True,0.4,23.076923076923073,61.98,hard
U051,pattern_recall,medium,80,65.61,51,2,7,True,0.2857142857142857,51.42857142857142,69.39,medium
U051,memory_match,hard,76,57.76,75,3,6,True,0.5,25.0,58.07,hard
U051,routine_order,medium,60,68.36,64,4,13,True,0.3076923076923077,38.46153846153846,61.08,medium
U051,routine_order,hard,60,70.52,58,4,13,True,0.3076923076923077,44.230769230769226,62.7,hard
U051,memory_match,medium,84,85.82,62,2,12,True,0.16666666666666666,38.0,77.64,hard
U051,routine_order,easy,100,99.54,29,0,7,True,0.0,72.11538461538461,95.66,medium
U051,pattern_recall,easy,100,96.17,38,0,6,True,0.0,63.8095238095238,93.23,medium
U051,memory_match,easy,92,86.31,25,1,9,True,0.1111111111111111,75.0,86.99,medium
U051,memory_match,easy,84,83.12,45,2,9,True,0.2222222222222222,55.00000000000001,78.41,medium
U051,routine_order,hard,50,51.35,99,5,11,True,0.45454545454545453,4.807692307692313,44.38,medium
U051,routine_order,hard,40,50.36,79,6,12,False,0.5,24.03846153846154,42.73,medium
U051,pattern_recall,easy,90,85.07,37,1,10,True,0.1,64.76190476190476,84.49,medium
U051,routine_order,medium,70,71.17,42,3,12,True,0.25,59.61538461538461,69.6,medium
U051,pattern_recall,hard,60,69.87,70,4,13,True,0.3076923076923077,33.333333333333336,60.84,hard
U051,memory_match,medium,84,72.19,39,2,7,True,0.2857142857142857,61.0,74.53,medium
U051,routine_order,easy,70,69.93,28,3,10,True,0.3,73.07692307692308,70.44,easy
U051,pattern_recall,medium,80,63.1,49,2,6,True,0.3333333333333333,53.333333333333336,68.09,medium
U051,pattern_recall,hard,70,67.53,79,3,10,True,0.3,24.761904761904763,62.35,hard
U051,memory_match,hard,76,63.11,75,3,9,True,0.3333333333333333,25.0,62.44,hard
U051,pattern_recall,easy,80,82.71,35,2,14,True,0.14285714285714285,66.66666666666667,79.81,medium
U051,routine_order,hard,80,78.93,75,2,10,True,0.2,27.884615384615387,71.81,hard
U051,pattern_recall,hard,60,60.72,79,4,9,True,0.4444444444444444,24.761904761904763,54.3,medium
U051,routine_order,hard,70,78.25,72,3,12,True,0.25,30.76923076923077,67.75,hard
U051,pattern_recall,medium,80,79.34,64,2,9,True,0.2222222222222222,39.047619047619044,73.29,medium
U051,routine_order,medium,80,86.47,39,2,14,True,0.14285714285714285,62.5,80.5,hard
U051,pattern_recall,medium,70,70.89,70,3,11,True,0.2727272727272727,33.333333333333336,65.22,medium
U052,routine_order,hard,80,68.35,71,2,5,True,0.4,31.73076923076923,65.68,hard
U052,routine_order,hard,70,74.72,91,3,12,True,0.25,12.5,63.78,hard
U052,routine_order,easy,100,93.3,24,0,5,True,0.0,76.92307692307692,94.19,medium
U052,memory_match,easy,84,78.63,44,2,10,True,0.2,56.00000000000001,77.32,medium
U052,routine_order,medium,80,79.2,52,2,12,False,0.16666666666666666,50.0,75.72,hard
U052,memory_match,medium,84,75.25,49,2,9,True,0.2222222222222222,51.0,75.05,medium
U052,memory_match,medium,68,59.44,55,4,10,True,0.4,44.99999999999999,60.35,medium
U052,pattern_recall,medium,80,68.14,43,2,6,True,0.3333333333333333,59.04761904761905,70.71,medium
U052,memory_match,medium,84,83.92,45,2,15,True,0.13333333333333333,55.00000000000001,80.02,hard
U052,routine_order,easy,80,85.71,31,2,11,True,0.18181818181818182,70.1923076923077,80.8,medium
U052,memory_match,hard,60,68.74,56,5,15,True,0.3333333333333333,43.99999999999999,61.66,hard
U052,memory_match,hard,76,69.62,54,3,10,True,0.3,46.0,68.37,hard
U052,memory_match,easy,92,84.88,13,1,9,True,0.1111111111111111,87.0,88.29,medium
U052,memory_match,easy,92,76.52,24,1,5,True,0.2,76.0,82.38,medium
U052,routine_order,easy,100,100.0,35,0,7,True,0.0,66.34615384615384,94.95,medium
U052,routine_order,easy,90,92.79,43,1,14,True,0.07142857142857142,58.65384615384615,86.7,medium
U052,memory_match,hard,84,83.03,56,2,14,True,0.14285714285714285,43.99999999999999,77.92,hard
U052,pattern_recall,medium,50,48.94,55,5,9,True,0.5555555555555556,47.61904761904761,48.44,easy
U052,pattern_recall,easy,80,73.29,45,2,9,True,0.2222222222222222,57.14285714285714,73.89,easy
U052,pattern_recall,hard,70,66.43,64,3,10,True,0.3,39.047619047619044,64.11,hard
U052,routine_order,medium,70,64.0,41,3,9,True,0.3333333333333333,60.57692307692308,65.99,medium
U052,routine_order,easy,90,94.64,47,1,14,True,0.07142857142857142,54.807692307692314,86.77,medium
U052,pattern_recall,easy,90,85.61,58,1,8,True,0.125,44.76190476190476,81.3,medium
U052,pattern_recall,easy,100,99.07,38,0,13,True,0.0,63.8095238095238,94.25,medium
U052,memory_match,hard,92,80.65,69,1,5,True,0.2,31.000000000000007,77.08,hard
U052,routine_order,hard,60,69.01,62,4,13,True,0.3076923076923077,40.38461538461539,61.6,hard
U052,memory_match,easy,100,100.0,41,0,8,True,0.0,59.00000000000001,93.85,medium
U052,pattern_recall,easy,80,88.4,26,2,14,True,0.14285714285714285,75.23809523809524,83.08,medium
U052,pattern_recall,easy,100,94.87,40,0,6,True,0.0,61.904761904761905,92.49,medium
U052,routine_order,medium,80,74.34,57,2,7,True,0.2857142857142857,45.192307692307686,71.51,medium
U053,memory_match,hard,92,86.47,46,1,10,True,0.1,54.0,84.06,hard
U053,routine_order,hard,40,56.55,78,6,14,True,0.42857142857142855,25.0,46.11,medium
U053,pattern_recall,hard,90,81.73,51,1,5,True,0.2,51.42857142857142,79.82,hard
U053,routine_order,hard,60,70.51,46,4,13,True,0.3076923076923077,55.769230769230774,64.43,hard
U053,pattern_recall,easy,90,89.37,23,1,9,True,0.1111111111111111,78.0952380952381,87.83,medium
U053,routine_order,easy,80,73.67,42,2,6,True,0.3333333333333333,59.61538461538461,72.73,easy
U053,routine_order,medium,80,71.76,76,2,6,True,0.3333333333333333,26.923076923076927,67.15,medium
U053,memory_match,easy,84,79.0,43,2,8,True,0.25,57.00000000000001,76.85,medium
U053,routine_order,easy,80,85.49,33,2,13,True,0.15384615384615385,68.26923076923077,80.85,medium
U053,pattern_recall,hard,50,64.21,83,5,14,True,0.35714285714285715,20.952380952380956,52.76,medium
U053,memory_match,hard,84,65.85,56,2,6,True,0.3333333333333333,43.99999999999999,69.05,hard
U053,routine_order,easy,50,62.97,32,5,14,True,0.35714285714285715,69.23076923076923,59.57,easy
U053,pattern_recall,medium,90,82.63,48,1,7,True,0.14285714285714285,54.28571428571429,81.42,hard
U053,pattern_recall,medium,60,73.54,59,4,14,True,0.2857142857142857,43.80952380952381,64.02,medium
U053,memory_match,medium,76,67.18,42,3,8,True,0.375,58.00000000000001,68.19,medium
U053,pattern_recall,easy,90,87.02,29,1,8,True,0.125,72.38095238095238,85.94,medium
U053,routine_order,hard,60,58.43,80,4,10,True,0.4,23.076923076923073,53.91,medium
U053,pattern_recall,hard,50,65.72,68,5,14,True,0.35714285714285715,35.238095238095234,55.43,medium
U053,pattern_recall,easy,80,83.03,31,2,10,False,0.2,70.47619047619047,79.63,medium
U053,pattern_recall,easy,80,87.24,42,2,14,True,0.14285714285714285,60.0,80.39,medium
U053,routine_order,hard,70,63.57,73,3,7,True,0.42857142857142855,29.807692307692314,59.79,hard
U053,memory_match,hard,92,81.72,69,1,7,True,0.14285714285714285,31.000000000000007,78.31,hard
U053,routine_order,easy,80,76.94,33,2,10,True,0.2,68.26923076923077,77.17,easy
U053,routine_order,medium,90,94.44,58,1,12,True,0.08333333333333333,44.230769230769226,84.94,hard
U053,memory_match,easy,76,70.93,15,3,12,True,0.25,85.0,75.43,easy
U053,memory_match,medium,84,79.63,38,2,8,True,0.25,62.0,77.82,hard
U053,pattern_recall,easy,80,81.9,37,2,10,True,0.2,64.76190476190476,78.38,medium
U053,routine_order,medium,80,66.93,41,2,5,True,0.4,60.57692307692308,69.51,medium
U053,routine_order,medium,80,76.32,48,2,8,True,0.25,53.84615384615385,74.04,medium
U053,routine_order,medium,70,75.0,36,3,12,True,0.25,65.38461538461539,71.81,medium
U054,memory_match,hard,52,51.62,95,6,12,True,0.5,5.000000000000004,44.52,medium
U054,memory_match,medium,84,73.41,25,2,7,False,0.2857142857142857,75.0,77.06,medium
U054,pattern_recall,hard,60,72.34,76,4,13,False,0.3076923076923077,27.61904761904762,60.85,hard
U054,routine_order,hard,70,41.36,89,3,5,True,0.6,14.423076923076927,47.14,medium
U054,memory_match,easy,84,81.23,50,2,9,True,0.2222222222222222,50.0,77.0,medium
U054,routine_order,easy,100,92.76,41,0,5,True,0.0,60.57692307692308,91.55,medium
U054,memory_match,medium,76,80.98,57,3,14,True,0.21428571428571427,43.00000000000001,73.18,medium
U054,memory_match,medium,84,85.06,35,2,14,True,0.14285714285714285,65.0,81.78,hard
U054,memory_match,medium,84,73.36,74,2,7,True,0.2857142857142857,26.0,69.69,medium
U054,memory_match,hard,68,57.41,48,4,9,True,0.4444444444444444,52.0,60.03,hard
U054,memory_match,easy,92,86.36,26,1,7,True,0.14285714285714285,74.0,86.38,medium
U054,pattern_recall,medium,80,68.33,50,2,5,True,0.4,52.38095238095239,68.77,medium
U054,pattern_recall,medium,40,59.66,65,6,15,False,0.4,38.095238095238095,49.6,easy
U054,pattern_recall,hard,70,74.26,56,3,11,True,0.2727272727272727,46.666666666666664,68.4,hard
U054,routine_order,hard,80,77.3,71,2,11,True,0.18181818181818182,31.73076923076923,72.09,hard
U054,routine_order,easy,80,73.2,41,2,8,True,0.25,60.57692307692308,73.96,easy
U054,routine_order,medium,90,71.54,34,1,5,True,0.2,67.3076923076923,78.64,hard
U054,routine_order,medium,70,69.93,59,3,10,True,0.3,43.269230769230774,65.97,medium
U054,pattern_recall,hard,70,64.79,51,3,9,True,0.3333333333333333,51.42857142857142,64.89,hard
U054,memory_match,medium,76,76.85,39,3,12,True,0.25,61.0,73.9,medium
U054,routine_order,medium,60,72.74,30,4,14,True,0.2857142857142857,71.15384615384616,67.85,medium
U054,memory_match,hard,76,64.28,71,3,9,True,0.3333333333333333,29.000000000000004,63.45,hard
U054,pattern_recall,hard,60,69.02,65,4,13,True,0.3076923076923077,38.095238095238095,61.26,hard
U054,memory_match,medium,68,55.44,46,4,10,True,0.4,54.0,60.3,medium
U054,memory_match,easy,84,86.57,46,2,13,True,0.15384615384615385,54.0,80.49,medium
U054,pattern_recall,hard,60,70.86,86,4,15,True,0.26666666666666666,18.0952380952381,59.52,hard
U054,routine_order,hard,80,80.01,53,2,11,True,0.18181818181818182,49.03846153846154,75.63,hard
U054,routine_order,hard,60,64.76,61,4,11,True,0.36363636363636365,41.34615384615385,59.41,hard
U054,routine_order,medium,80,83.52,54,2,12,True,0.16666666666666666,48.07692307692307,76.94,hard
U054,pattern_recall,medium,90,94.63,44,1,10,True,0.1,58.09523809523809,86.83,hard
U055,memory_match,hard,60,64.57,78,5,13,True,0.38461538461538464,21.999999999999996,56.13,hard
U055,pattern_recall,easy,80,76.86,31,2,8,True,0.25,70.47619047619047,76.72,easy
U055,memory_match,medium,92,91.07,49,1,12,True,0.08333333333333333,51.0,85.47,hard
U055,pattern_recall,hard,60,59.11,97,4,9,True,0.4444444444444444,7.619047619047614,51.16,medium
U055,pattern_recall,hard,60,67.55,74,4,11,True,0.36363636363636365,29.52380952380952,58.62,hard
U055,pattern_recall,medium,80,71.56,59,2,8,True,0.25,43.80952380952381,70.87,medium
U055,pattern_recall,medium,70,79.83,47,3,15,True,0.2,55.23809523809524,72.73,medium
U055,pattern_recall,hard,80,73.6,68,2,7,True,0.2857142857142857,35.238095238095234,69.76,hard
U055,memory_match,medium,76,68.74,57,3,8,True,0.375,43.00000000000001,66.48,medium
U055,routine_order,hard,50,67.45,69,5,14,True,0.35714285714285715,33.65384615384615,55.8,medium
U055,routine_order,hard,80,63.37,89,2,5,True,0.4,14.423076923076927,61.34,hard
U055,pattern_recall,medium,80,75.93,42,2,8,True,0.25,60.0,74.83,medium
U055,memory_match,medium,92,73.67,34,1,5,True,0.2,65.99999999999999,79.88,hard
U055,pattern_recall,easy,60,71.64,22,4,13,True,0.3076923076923077,79.04761904761905,68.32,easy
U055,routine_order,easy,90,89.73,23,1,10,True,0.1,77.88461538461539,88.09,medium
U055,pattern_recall,hard,60,65.24,50,4,12,True,0.3333333333333333,52.38095238095239,61.69,hard
U055,memory_match,medium,76,74.98,78,3,13,True,0.23076923076923078,21.999999999999996,67.68,medium
U055,pattern_recall,medium,60,69.69,48,4,13,True,0.3076923076923077,54.28571428571429,63.92,medium
U055,memory_match,hard,76,52.92,79,3,7,True,0.42857142857142855,20.999999999999996,56.84,hard
U055,pattern_recall,hard,80,81.71,71,2,11,True,0.18181818181818182,32.38095238095238,73.73,hard
U055,routine_order,easy,80,71.13,34,2,8,True,0.25,67.3076923076923,74.24,easy
U055,memory_match,easy,84,66.06,78,2,6,True,0.3333333333333333,21.999999999999996,65.82,easy
U055,routine_order,easy,80,81.98,17,2,12,True,0.16666666666666666,83.65384615384616,81.74,medium
U055,routine_order,hard,60,66.81,73,4,11,True,0.36363636363636365,29.807692307692314,58.4,hard
U055,pattern_recall,medium,60,65.82,52,4,11,True,0.36363636363636365,50.476190476190474,61.15,medium
U055,pattern_recall,hard,40,58.69,78,6,15,True,0.4,25.71428571428571,47.4,medium
U055,routine_order,easy,90,80.34,18,1,5,True,0.2,82.6923076923077,84.02,medium
U055,routine_order,hard,90,89.55,89,1,8,True,0.125,14.423076923076927,78.13,hard
U055,pattern_recall,easy,80,85.79,37,2,11,False,0.18181818181818182,64.76190476190476,80.01,medium
U055,routine_order,medium,90,79.77,49,1,7,True,0.14285714285714285,52.88461538461539,80.21,hard
U056,memory_match,easy,100,95.47,35,0,10,True,0.0,65.0,93.16,medium
U056,memory_match,medium,60,64.37,35,5,15,True,0.3333333333333333,65.0,63.28,medium
U056,routine_order,hard,70,57.24,66,3,7,True,0.42857142857142855,36.53846153846154,58.59,hard
U056,memory_match,easy,100,100.0,26,0,6,True,0.0,74.0,96.1,medium
U056,routine_order,hard,70,62.76,84,3,7,True,0.42857142857142855,19.23076923076923,57.92,hard
U056,pattern_recall,hard,80,85.13,79,2,14,True,0.14285714285714285,24.761904761904763,74.37,hard
U056,pattern_recall,hard,40,50.29,66,6,13,True,0.46153846153846156,37.142857142857146,45.25,medium
U056,pattern_recall,medium,80,85.33,57,2,11,True,0.18181818181818182,45.714285714285715,77.0,hard
U056,routine_order,easy,70,65.0,34,3,9,True,0.3333333333333333,67.3076923076923,67.35,easy
U056,pattern_recall,hard,60,59.54,70,4,9,True,0.4444444444444444,33.333333333333336,55.17,medium
U056,routine_order,hard,70,51.4,78,3,7,True,0.42857142857142855,25.0,54.81,medium
U056,routine_order,hard,80,69.72,91,2,8,True,0.25,12.5,65.53,hard
U056,memory_match,easy,92,82.1,43,1,5,True,0.2,57.00000000000001,81.48,medium
U056,routine_order,medium,80,81.64,40,2,10,True,0.2,61.53846153846154,77.8,hard
U056,memory_match,hard,84,70.21,67,2,8,True,0.25,32.99999999999999,70.17,hard
U056,pattern_recall,hard,70,68.05,65,3,10,True,0.3,38.095238095238095,64.53,hard
U056,pattern_recall,easy,70,72.75,28,3,11,True,0.2727272727272727,73.33333333333334,71.87,easy
U056,routine_order,hard,60,51.91,75,4,8,True,0.5,27.884615384615387,50.85,medium
U056,pattern_recall,easy,80,67.52,31,2,5,True,0.4,70.47619047619047,71.2,easy
U056,pattern_recall,medium,70,81.37,60,3,14,True,0.21428571428571427,42.85714285714286,71.19,medium
U056,pattern_recall,hard,60,59.61,81,4,11,True,0.36363636363636365,22.857142857142854,54.84,hard
U056,routine_order,easy,100,95.53,13,0,6,True,0.0,87.5,96.56,medium
U056,pattern_recall,hard,60,54.49,59,4,9,True,0.4444444444444444,43.80952380952381,54.98,medium
U056,pattern_recall,easy,90,84.31,33,1,8,True,0.125,68.57142857142857,84.42,medium
U056,memory_match,medium,84,68.0,45,2,5,False,0.4,55.00000000000001,70.45,medium
U056,pattern_recall,medium,90,86.39,32,1,6,True,0.16666666666666666,69.52380952380952,84.67,hard
U056,pattern_recall,hard,30,51.32,70,7,15,True,0.4666666666666667,33.333333333333336,41.46,medium
U056,routine_order,medium,70,64.06,61,3,9,True,0.3333333333333333,41.34615384615385,63.12,medium
U056,memory_match,hard,76,64.59,46,3,8,True,0.375,54.0,66.68,hard
U056,routine_order,easy,80,85.37,39,2,11,True,0.18181818181818182,62.5,79.53,medium
U057,pattern_recall,hard,70,61.21,62,3,7,True,0.42857142857142855,40.95238095238095,60.64,hard
U057,routine_order,easy,100,93.45,20,0,6,True,0.0,80.76923076923077,94.82,medium
U057,pattern_recall,medium,70,76.8,63,3,14,True,0.21428571428571427,40.0,69.17,medium
U057,memory_match,hard,68,63.37,74,4,10,True,0.4,26.0,58.88,hard
U057,memory_match,easy,92,91.09,31,1,13,True,0.07692307692307693,69.0,88.28,medium
U057,memory_match,easy,92,88.39,42,1,8,True,0.125,58.00000000000001,84.96,medium
U057,memory_match,medium,84,70.84,47,2,6,True,0.3333333333333333,53.0,72.14,medium
U057,routine_order,easy,80,88.45,46,2,13,True,0.15384615384615385,55.769230769230774,80.02,medium
U057,routine_order,hard,60,69.19,77,4,14,True,0.2857142857142857,25.96153846153846,59.83,hard
U057,routine_order,medium,70,73.29,37,3,11,True,0.2727272727272727,64.42307692307692,70.72,medium
U057,memory_match,easy,68,68.43,57,4,13,True,0.3076923076923077,43.00000000000001,64.59,easy
U057,pattern_recall,hard,50,67.75,54,5,15,True,0.3333333333333333,48.57142857142858,58.5,hard
U057,memory_match,easy,76,74.78,23,3,12,True,0.25,77.0,75.57,easy
U057,routine_order,easy,90,94.93,48,1,10,False,0.1,53.84615384615385,86.3,medium
U057,routine_order,medium,80,70.41,36,2,8,True,0.25,65.38461538461539,73.7,medium
U057,pattern_recall,hard,80,83.11,66,2,9,True,0.2222222222222222,37.142857142857146,74.33,hard
U057,routine_order,medium,90,90.91,47,1,14,False,0.07142857142857142,54.807692307692314,85.47,hard
U057,pattern_recall,medium,90,80.32,61,1,6,True,0.16666666666666666,41.9047619047619,78.4,hard
U057,memory_match,medium,84,86.31,19,2,12,True,0.16666666666666666,81.0,84.26,hard
U057,pattern_recall,medium,80,82.21,24,2,14,True,0.14285714285714285,77.14285714285715,81.2,hard
U057,pattern_recall,hard,90,75.6,79,1,5,True,0.2,24.761904761904763,73.67,hard
U057,memory_match,hard,92,83.24,87,1,8,True,0.125,13.0,76.41,hard
U057,pattern_recall,easy,90,78.87,29,1,5,True,0.2,72.38095238095238,81.96,medium
U057,memory_match,medium,68,66.66,49,4,13,True,0.3076923076923077,51.0,65.17,medium
U057,memory_match,medium,92,88.62,70,1,12,True,0.08333333333333333,30.000000000000004,81.47,hard
U057,memory_match,easy,92,82.58,16,1,8,True,0.125,84.0,86.83,medium
U057,routine_order,medium,50,67.84,51,5,14,True,0.35714285714285715,50.96153846153846,58.53,medium
U057,pattern_recall,hard,70,66.82,70,3,9,True,0.3333333333333333,33.333333333333336,62.89,hard
U057,routine_order,hard,70,69.88,63,3,11,True,0.2727272727272727,39.42307692307693,65.78,hard
U057,routine_order,easy,100,92.15,30,0,5,True,0.0,71.15384615384616,92.93,medium
U058,routine_order,medium,80,83.24,72,2,12,True,0.16666666666666666,30.76923076923077,74.25,hard
U058,memory_match,medium,68,68.55,48,4,14,True,0.2857142857142857,52.0,66.31,medium
U058,memory_match,easy,76,78.07,51,3,13,True,0.23076923076923078,49.0,72.81,easy
U058,memory_match,medium,92,78.08,47,1,6,True,0.16666666666666666,53.0,79.98,hard
U058,memory_match,hard,76,64.36,80,3,8,True,0.375,19.999999999999996,61.5,hard
U058,routine_order,easy,80,69.21,31,2,6,True,0.3333333333333333,70.1923076923077,72.75,easy
U058,routine_order,hard,30,49.43,54,7,13,True,0.5384615384615384,48.07692307692307,41.94,medium
U058,memory_match,easy,68,65.93,52,4,11,True,0.36363636363636365,48.0,63.62,easy
U058,routine_order,hard,70,65.18,79,3,10,True,0.3,24.03846153846154,61.42,hard
U058,routine_order,easy,80,80.58,38,2,12,True,0.16666666666666666,63.46153846153846,78.22,medium
U058,memory_match,hard,92,73.37,66,1,5,True,0.2,34.0,74.98,hard
U058,memory_match,medium,84,74.51,57,2,6,True,0.3333333333333333,43.00000000000001,71.93,medium
U058,routine_order,medium,70,81.12,69,3,15,True,0.2,33.65384615384615,69.94,medium
U058,pattern_recall,easy,90,84.31,33,1,7,True,0.14285714285714285,68.57142857142857,84.15,medium
U058,routine_order,medium,60,70.79,75,4,15,True,0.26666666666666666,27.884615384615387,60.96,medium
U058,routine_order,easy,90,80.01,26,1,6,True,0.16666666666666666,75.0,83.25,medium
U058,memory_match,medium,100,90.78,51,0,5,True,0.0,49.0,89.12,hard
U058,pattern_recall,medium,80,70.64,42,2,7,True,0.2857142857142857,60.0,72.44,medium
U058,pattern_recall,hard,80,64.96,80,2,6,True,0.3333333333333333,23.809523809523814,64.31,hard
U058,routine_order,hard,80,77.27,69,2,8,True,0.25,33.65384615384615,71.34,hard
U058,pattern_recall,medium,90,90.36,76,1,6,True,0.16666666666666666,27.61904761904762,79.77,hard
U058,memory_match,easy,92,94.54,61,1,13,True,0.07692307692307693,39.0,84.99,medium
U058,pattern_recall,hard,80,75.22,75,2,9,True,0.2222222222222222,28.57142857142857,70.28,hard
U058,pattern_recall,hard,80,60.69,66,2,6,False,0.3333333333333333,37.142857142857146,64.81,hard
U058,routine_order,hard,90,73.52,77,1,5,True,0.2,25.96153846153846,73.13,hard
U058,pattern_recall,hard,70,70.77,74,3,10,False,0.3,29.52380952380952,64.2,hard
U058,routine_order,medium,80,83.71,59,2,10,True,0.2,43.269230769230774,75.79,hard
U058,routine_order,hard,60,74.56,67,4,15,False,0.26666666666666666,35.57692307692307,63.43,hard
U058,pattern_recall,medium,80,62.51,63,2,6,True,0.3333333333333333,40.0,65.88,medium
U058,routine_order,medium,60,68.73,53,4,14,False,0.2857142857142857,49.03846153846154,63.13,medium
U059,memory_match,easy,92,73.02,33,1,5,True,0.2,67.0,79.81,medium
U059,memory_match,easy,92,79.13,43,1,6,True,0.16666666666666666,57.00000000000001,80.95,medium
U059,pattern_recall,medium,90,91.66,33,1,7,True,0.14285714285714285,68.57142857142857,86.72,hard
U059,memory_match,medium,84,80.35,69,2,10,True,0.2,31.000000000000007,74.17,hard
U059,memory_match,medium,68,73.96,35,4,14,True,0.2857142857142857,65.0,70.15,medium
U059,routine_order,easy,80,86.24,47,2,14,True,0.14285714285714285,54.807692307692314,79.26,medium
U059,memory_match,easy,92,95.97,41,1,13,True,0.07692307692307693,59.00000000000001,88.49,medium
U059,memory_match,medium,60,60.08,60,5,12,True,0.4166666666666667,40.0,56.78,easy
U059,memory_match,medium,84,77.03,56,2,9,True,0.2222222222222222,43.99999999999999,74.63,medium
U059,routine_order,easy,90,92.34,46,1,11,True,0.09090909090909091,55.769230769230774,85.82,medium
U059,routine_order,easy,60,74.14,35,4,14,True,0.2857142857142857,66.34615384615384,67.62,easy
U059,pattern_recall,hard,80,83.97,69,2,12,True,0.16666666666666666,34.285714285714285,75.03,hard
U059,memory_match,medium,84,64.66,42,2,7,True,0.2857142857142857,58.00000000000001,71.45,medium
U059,pattern_recall,medium,70,74.04,58,3,12,True,0.25,44.76190476190476,68.38,medium
U059,pattern_recall,easy,70,76.53,35,3,11,True,0.2727272727272727,66.66666666666667,72.19,easy
U059,memory_match,easy,92,86.93,53,1,5,True,0.2,47.0,81.68,medium
U059,routine_order,hard,80,83.52,64,2,11,True,0.18181818181818182,38.46153846153846,75.27,hard
U059,memory_match,medium,92,89.86,31,1,12,True,0.08333333333333333,69.0,87.75,hard
U059,memory_match,hard,60,58.97,85,5,12,True,0.4166666666666667,15.000000000000002,52.64,medium
U059,memory_match,hard,84,70.6,76,2,6,False,0.3333333333333333,24.0,67.71,hard
U059,pattern_recall,hard,70,73.59,54,3,10,True,0.3,48.57142857142858,68.04,hard
U059,pattern_recall,medium,90,81.85,46,1,5,True,0.2,56.19047619047619,80.58,hard
U059,memory_match,hard,44,51.45,82,7,15,True,0.4666666666666667,18.000000000000004,44.11,medium
U059,routine_order,easy,100,100.0,25,0,14,True,0.0,75.96153846153845,96.39,medium
U059,pattern_recall,medium,70,70.26,23,3,9,True,0.3333333333333333,78.0952380952381,70.81,medium
U059,memory_match,hard,76,68.35,75,3,9,True,0.3333333333333333,25.0,64.27,hard
U059,pattern_recall,hard,80,73.55,55,2,8,True,0.25,47.61904761904761,72.14,hard
U059,memory_match,hard,76,78.07,76,3,12,True,0.25,24.0,68.77,hard
U059,routine_order,easy,80,72.23,49,2,7,True,0.2857142857142857,52.88461538461539,71.93,easy
U059,memory_match,hard,92,74.57,57,1,5,True,0.2,43.00000000000001,76.75,hard
U060,pattern_recall,hard,40,44.14,69,6,10,True,0.6,34.285714285714285,40.59,medium
U060,memory_match,hard,84,68.95,60,2,6,True,0.3333333333333333,40.0,69.53,hard
U060,routine_order,easy,60,72.9,38,4,13,True,0.3076923076923077,63.46153846153846,66.42,easy
U060,routine_order,medium,80,86.33,51,2,11,True,0.18181818181818182,50.96153846153846,78.13,hard
U060,pattern_recall,easy,90,88.61,44,1,5,True,0.2,58.09523809523809,83.23,medium
U060,memory_match,medium,76,78.32,52,3,12,True,0.25,48.0,72.46,medium
U060,memory_match,easy,84,60.28,44,2,6,True,0.3333333333333333,56.00000000000001,68.9,easy
U060,routine_order,medium,80,74.32,54,2,6,True,0.3333333333333333,48.07692307692307,71.22,medium
U060,memory_match,easy,92,89.59,58,1,9,True,0.1111111111111111,42.00000000000001,83.19,medium
U060,memory_match,medium,100,100.0,38,0,14,True,0.0,62.0,94.3,hard
U060,routine_order,medium,70,75.82,42,3,13,True,0.23076923076923078,59.61538461538461,71.52,medium
U060,pattern_recall,medium,80,83.64,44,2,14,True,0.14285714285714285,58.09523809523809,78.85,hard
U060,routine_order,easy,90,85.04,32,1,9,True,0.1111111111111111,69.23076923076923,84.98,medium
U060,pattern_recall,hard,100,93.9,56,0,6,True,0.0,46.666666666666664,89.86,hard
U060,pattern_recall,easy,70,60.14,23,3,7,False,0.42857142857142855,78.0952380952381,65.83,easy
U060,routine_order,medium,60,73.53,67,4,14,True,0.2857142857142857,35.57692307692307,62.79,medium
U060,routine_order,easy,90,78.76,28,1,6,True,0.16666666666666666,73.07692307692308,82.53,medium
U060,memory_match,hard,76,54.85,61,3,6,True,0.5,39.0,59.15,hard
U060,pattern_recall,hard,70,64.17,54,3,7,True,0.42857142857142855,48.57142857142858,62.82,hard
U060,routine_order,medium,70,68.42,45,3,11,True,0.2727272727272727,56.730769230769226,67.87,medium
U060,memory_match,easy,84,85.49,51,2,15,True,0.13333333333333333,49.0,79.67,medium
U060,memory_match,hard,68,72.38,72,4,15,False,0.26666666666666666,28.000000000000004,64.33,hard
U060,pattern_recall,hard,80,83.58,71,2,11,True,0.18181818181818182,32.38095238095238,74.38,hard
U060,routine_order,hard,70,63.19,72,3,7,True,0.42857142857142855,30.76923076923077,59.8,hard
U060,routine_order,hard,50,63.87,64,5,13,True,0.38461538461538464,38.46153846153846,54.85,medium
U060,memory_match,easy,100,97.52,46,0,8,True,0.0,54.0,92.23,medium
U060,pattern_recall,medium,50,62.4,61,5,14,True,0.35714285714285715,41.9047619047619,55.27,easy
U060,routine_order,hard,70,57.83,70,3,7,True,0.42857142857142855,32.692307692307686,58.22,hard
U060,pattern_recall,medium,80,88.08,72,2,15,True,0.13333333333333333,31.428571428571427,76.54,hard
U060,pattern_recall,easy,100,100.0,24,0,7,True,0.0,77.14285714285715,96.57,medium
U061,memory_match,easy,76,74.7,38,3,13,True,0.23076923076923078,62.0,73.58,easy
U061,routine_order,hard,50,64.91,57,5,15,True,0.3333333333333333,45.192307692307686,57.0,medium
U061,routine_order,easy,90,82.88,26,1,8,True,0.125,75.0,84.88,medium
U061,pattern_recall,hard,60,69.6,71,4,12,True,0.3333333333333333,32.38095238095238,60.22,hard
U061,pattern_recall,medium,100,94.47,25,0,5,True,0.0,76.19047619047619,94.49,hard
U061,pattern_recall,easy,100,100.0,23,0,5,True,0.0,78.0952380952381,96.71,medium
U061,routine_order,hard,90,77.9,82,1,5,True,0.2,21.153846153846157,73.94,hard
U061,memory_match,hard,76,72.81,78,3,10,True,0.3,21.999999999999996,65.88,hard
U061,routine_order,medium,100,100.0,44,0,9,True,0.0,57.692307692307686,93.65,hard
U061,routine_order,easy,80,80.01,32,2,9,True,0.2222222222222222,69.23076923076923,78.05,easy
U061,routine_order,easy,90,79.21,53,1,6,True,0.16666666666666666,49.03846153846154,79.08,medium
U061,memory_match,easy,84,73.27,31,2,6,True,0.3333333333333333,69.0,75.39,easy
U061,pattern_recall,easy,80,68.48,35,2,6,True,0.3333333333333333,66.66666666666667,71.97,easy
U061,memory_match,hard,36,49.02,62,8,15,True,0.5333333333333333,38.0,42.46,medium
U061,pattern_recall,hard,80,63.03,71,2,6,True,0.3333333333333333,32.38095238095238,64.92,hard
U061,pattern_recall,easy,90,80.16,28,1,7,True,0.14285714285714285,73.33333333333334,83.41,medium
U061,memory_match,medium,84,85.23,50,2,15,True,0.13333333333333333,50.0,79.73,hard
U061,routine_order,medium,70,78.11,71,3,13,True,0.23076923076923078,31.73076923076923,68.14,medium
U061,pattern_recall,easy,80,84.63,21,2,15,True,0.13333333333333333,80.0,82.62,medium
U061,pattern_recall,medium,90,83.71,60,1,7,True,0.14285714285714285,42.85714285714286,80.08,hard
U061,pattern_recall,hard,60,73.81,58,4,14,True,0.2857142857142857,44.76190476190476,64.26,hard
U061,routine_order,medium,80,80.71,63,2,9,True,0.2222222222222222,39.42307692307693,73.83,medium
U061,memory_match,hard,60,66.08,65,5,14,True,0.35714285714285715,35.0,59.02,hard
U061,routine_order,hard,70,57.96,75,3,7,True,0.42857142857142855,27.884615384615387,57.54,hard
U061,memory_match,hard,84,69.61,65,2,5,True,0.4,35.0,68.01,hard
U061,pattern_recall,medium,80,79.16,46,2,10,True,0.2,56.19047619047619,76.13,medium
U061,memory_match,hard,92,70.58,65,1,5,True,0.2,35.0,74.15,hard
U061,pattern_recall,easy,90,88.59,23,1,9,True,0.1111111111111111,78.0952380952381,87.55,medium
U061,routine_order,easy,60,76.25,29,4,15,True,0.26666666666666666,72.11538461538461,69.5,easy
U061,memory_match,medium,84,71.13,23,2,6,True,0.3333333333333333,77.0,75.85,medium
U062,routine_order,easy,90,84.52,32,1,5,True,0.2,69.23076923076923,83.47,medium
U062,pattern_recall,medium,70,68.42,43,3,9,True,0.3333333333333333,59.04761904761905,67.3,medium
U062,memory_match,hard,52,60.57,81,6,15,True,0.4,18.999999999999993,51.25,medium
U062,memory_match,easy,92,93.42,44,1,10,True,0.1,56.00000000000001,86.8,medium
U062,routine_order,medium,100,93.47,48,0,6,True,0.0,53.84615384615385,90.79,hard
U062,memory_match,easy,84,84.69,36,2,10,True,0.2,64.0,80.64,medium
U062,memory_match,medium,84,83.46,52,2,14,True,0.14285714285714285,48.0,78.67,hard
U062,routine_order,medium,70,66.48,44,3,10,True,0.3,57.692307692307686,66.92,medium
U062,routine_order,hard,60,70.5,71,4,14,True,0.2857142857142857,31.73076923076923,61.15,hard
U062,routine_order,hard,80,51.68,65,2,5,True,0.4,37.5,60.71,hard
U062,pattern_recall,easy,100,90.93,48,0,5,True,0.0,54.28571428571429,89.97,medium
U062,routine_order,medium,70,82.03,65,3,15,True,0.2,37.5,70.84,medium
U062,memory_match,easy,60,60.23,41,5,12,True,0.4166666666666667,59.00000000000001,59.68,easy
U062,memory_match,hard,76,81.83,71,3,15,True,0.2,29.000000000000004,71.59,hard
U062,memory_match,medium,84,77.31,56,2,9,True,0.2222222222222222,43.99999999999999,74.73,hard
U062,routine_order,medium,90,83.53,41,1,6,True,0.16666666666666666,60.57692307692308,82.32,hard
U062,pattern_recall,easy,90,82.57,27,1,6,False,0.16666666666666666,74.28571428571429,84.04,medium
U062,routine_order,easy,70,72.27,36,3,10,True,0.3,65.38461538461539,70.1,easy
U062,routine_order,hard,50,56.8,55,5,11,True,0.45454545454545453,47.11538461538461,52.63,medium
U062,memory_match,hard,84,83.55,93,2,13,True,0.15384615384615385,6.999999999999995,72.38,hard
U062,memory_match,easy,92,84.99,49,1,7,True,0.14285714285714285,51.0,82.45,medium
U062,memory_match,hard,84,82.45,81,2,9,True,0.2222222222222222,18.999999999999993,72.77,hard
U062,pattern_recall,hard,70,75.91,48,3,11,True,0.2727272727272727,54.28571428571429,70.12,hard
U062,routine_order,easy,70,75.01,23,3,13,True,0.23076923076923078,77.88461538461539,73.97,easy
U062,memory_match,hard,52,54.1,72,6,12,True,0.5,28.000000000000004,48.84,medium
U062,memory_match,easy,100,100.0,27,0,12,True,0.0,73.0,95.95,medium
U062,pattern_recall,easy,90,89.13,35,1,9,True,0.1111111111111111,66.66666666666667,86.03,medium
U062,routine_order,hard,80,85.22,64,2,11,True,0.18181818181818182,38.46153846153846,75.87,hard
U062,pattern_recall,easy,80,79.42,47,2,10,True,0.2,55.23809523809524,76.08,easy
U062,routine_order,easy,80,76.9,42,2,8,True,0.25,59.61538461538461,75.11,easy
U063,pattern_recall,hard,50,64.64,70,5,14,True,0.35714285714285715,33.333333333333336,54.77,medium
U063,memory_match,easy,92,86.59,39,1,8,False,0.125,61.0,84.78,medium
U063,routine_order,medium,80,82.88,57,2,12,True,0.16666666666666666,45.192307692307686,76.29,hard
U063,routine_order,hard,70,60.5,78,3,7,True,0.42857142857142855,25.0,58.0,hard
U063,memory_match,easy,100,95.02,40,0,10,True,0.0,60.0,92.26,medium
U063,pattern_recall,hard,70,74.4,93,3,10,True,0.3,11.428571428571432,62.75,hard
U063,routine_order,easy,70,73.55,45,3,10,True,0.3,56.730769230769226,69.25,easy
U063,memory_match,hard,76,45.44,89,3,5,True,0.6,10.999999999999998,50.15,medium
U063,memory_match,medium,92,74.43,64,1,5,True,0.2,36.0,75.65,hard
U063,pattern_recall,medium,60,58.25,59,4,10,True,0.4,43.80952380952381,56.96,easy
U063,routine_order,easy,90,93.68,27,1,8,True,0.125,74.03846153846155,88.52,medium
U063,pattern_recall,hard,80,80.33,95,2,12,True,0.16666666666666666,9.523809523809524,70.04,hard
U063,memory_match,easy,92,86.82,19,1,8,True,0.125,81.0,87.86,medium
U063,pattern_recall,medium,60,66.21,60,4,11,True,0.36363636363636365,42.85714285714286,60.15,medium
U063,pattern_recall,easy,80,72.41,30,2,8,True,0.25,71.42857142857143,75.31,easy
U063,memory_match,easy,92,83.45,30,1,7,True,0.14285714285714285,70.0,84.76,medium
U063,pattern_recall,easy,90,92.41,46,1,14,True,0.07142857142857142,56.19047619047619,86.2,medium
U063,routine_order,easy,70,79.9,28,3,14,True,0.21428571428571427,73.07692307692308,75.21,easy
U063,pattern_recall,easy,60,71.53,39,4,14,False,0.2857142857142857,62.857142857142854,66.18,easy
U063,pattern_recall,hard,80,69.87,61,2,5,True,0.4,41.9047619047619,67.74,hard
U063,routine_order,medium,90,84.07,48,1,9,True,0.1111111111111111,53.84615384615385,82.33,hard
U063,pattern_recall,medium,90,94.68,38,1,10,True,0.1,63.8095238095238,87.71,hard
U063,routine_order,hard,40,61.04,52,6,15,True,0.4,50.0,51.86,medium
U063,memory_match,hard,84,63.25,81,2,5,True,0.4,18.999999999999993,63.39,hard
U063,pattern_recall,hard,70,67.28,68,3,8,True,0.375,35.238095238095234,62.71,hard
U063,pattern_recall,hard,60,71.14,53,4,14,True,0.2857142857142857,49.523809523809526,64.04,hard
U063,memory_match,medium,76,52.09,65,3,7,True,0.42857142857142855,35.0,58.65,medium
U063,pattern_recall,easy,90,93.83,60,1,9,True,0.1111111111111111,42.85714285714286,84.1,medium
U063,memory_match,easy,92,79.81,33,1,5,True,0.2,67.0,82.18,medium
U063,routine_order,medium,70,72.78,63,3,10,True,0.3,39.42307692307693,66.39,medium
U064,routine_order,medium,90,81.68,42,1,5,True,0.2,59.61538461538461,81.03,hard
U064,routine_order,medium,80,79.41,31,2,10,True,0.2,70.1923076923077,78.32,medium
U064,memory_match,medium,84,82.22,45,2,14,True,0.14285714285714285,55.00000000000001,79.28,hard
U064,memory_match,hard,52,58.57,79,6,14,True,0.42857142857142855,20.999999999999996,50.42,medium
U064,routine_order,easy,100,100.0,27,0,6,True,0.0,74.03846153846155,96.11,medium
U064,pattern_recall,medium,90,81.87,52,1,5,True,0.2,50.476190476190474,79.73,hard
U064,routine_order,easy,90,81.6,32,1,5,True,0.2,69.23076923076923,82.44,medium
U064,pattern_recall,easy,80,87.95,21,2,15,True,0.13333333333333333,80.0,83.78,medium
U064,routine_order,hard,60,59.48,62,4,11,True,0.36363636363636365,40.38461538461539,57.42,hard
U064,memory_match,medium,92,88.81,35,1,13,True,0.07692307692307693,65.0,86.88,hard
U064,routine_order,hard,60,67.23,72,4,12,False,0.3333333333333333,30.76923076923077,59.15,hard
U064,routine_order,medium,70,66.47,54,3,10,True,0.3,48.07692307692307,65.48,medium
U064,memory_match,medium,84,83.35,60,2,12,True,0.16666666666666666,40.0,77.07,hard
U064,pattern_recall,medium,60,71.41,52,4,13,True,0.3076923076923077,50.476190476190474,63.95,medium
U064,pattern_recall,easy,100,100.0,46,0,10,True,0.0,56.19047619047619,93.43,medium
U064,routine_order,medium,90,83.62,76,1,6,True,0.16666666666666666,26.923076923076927,77.31,hard
U064,memory_match,easy,100,96.38,45,0,9,True,0.0,55.00000000000001,91.98,medium
U064,routine_order,medium,90,75.26,38,1,6,True,0.16666666666666666,63.46153846153846,79.86,hard
U064,routine_order,easy,80,82.92,42,2,14,True,0.14285714285714285,59.61538461538461,78.82,medium
U064,routine_order,medium,70,75.46,65,3,11,True,0.2727272727272727,37.5,67.45,medium
U064,memory_match,easy,92,91.32,40,1,13,True,0.07692307692307693,60.0,87.01,medium
U064,routine_order,easy,80,84.17,33,2,12,False,0.16666666666666666,68.26923076923077,80.2,medium
U064,routine_order,medium,80,73.91,34,2,6,True,0.3333333333333333,67.3076923076923,73.96,medium
U064,routine_order,hard,80,72.88,60,2,9,False,0.2222222222222222,42.307692307692314,71.52,hard
U064,pattern_recall,hard,70,43.97,63,3,6,True,0.5,40.0,53.39,medium
U064,memory_match,medium,92,86.96,78,1,6,True,0.16666666666666666,21.999999999999996,78.44,hard
U064,pattern_recall,hard,60,63.98,76,4,10,True,0.4,27.61904761904762,56.54,hard
U064,pattern_recall,medium,60,70.88,53,4,15,True,0.26666666666666666,49.523809523809526,64.24,medium
U064,pattern_recall,hard,80,81.64,80,2,11,True,0.18181818181818182,23.809523809523814,72.42,hard
U064,memory_match,hard,84,84.19,73,2,12,True,0.16666666666666666,27.0,75.42,hard
U065,routine_order,hard,50,56.9,87,5,11,True,0.45454545454545453,16.346153846153843,48.05,medium
U065,routine_order,medium,80,80.99,46,2,9,True,0.2222222222222222,55.769230769230774,76.38,medium
U065,memory_match,easy,92,85.87,56,1,9,True,0.1111111111111111,43.99999999999999,82.19,medium
U065,routine_order,easy,90,90.61,29,1,8,True,0.125,72.11538461538461,87.16,medium
U065,pattern_recall,medium,70,68.44,36,3,10,True,0.3,65.71428571428571,68.81,medium
U065,memory_match,easy,84,89.62,34,2,15,True,0.13333333333333333,65.99999999999999,83.67,medium
U065,memory_match,hard,60,60.44,78,5,13,True,0.38461538461538464,21.999999999999996,54.68,hard
U065,routine_order,easy,80,83.16,51,2,14,True,0.14285714285714285,50.96153846153846,77.61,medium
U065,routine_order,hard,60,66.05,55,4,11,True,0.36363636363636365,47.11538461538461,60.73,hard
U065,memory_match,hard,60,60.17,84,5,12,True,0.4166666666666667,16.000000000000004,53.21,medium
U065,memory_match,medium,60,65.19,48,5,13,True,0.38461538461538464,52.0,60.85,medium
U065,memory_match,easy,92,87.74,28,1,10,True,0.1,72.0,87.21,medium
U065,routine_order,medium,90,79.3,63,1,5,False,0.2,39.42307692307693,77.17,hard
U065,routine_order,medium,90,83.86,50,1,9,True,0.1111111111111111,51.92307692307692,81.97,hard
U065,routine_order,easy,80,84.11,30,2,10,True,0.2,71.15384615384616,80.11,medium
U065,routine_order,medium,70,77.36,30,3,15,True,0.2,71.15384615384616,74.25,medium
U065,memory_match,medium,92,91.04,53,1,10,True,0.1,47.0,84.61,hard
U065,routine_order,hard,70,77.52,81,3,13,True,0.23076923076923078,22.115384615384613,66.49,hard
U065,memory_match,medium,84,78.66,55,2,11,True,0.18181818181818182,44.99999999999999,75.95,hard
U065,pattern_recall,easy,60,74.6,32,4,14,False,0.2857142857142857,69.52380952380952,68.25,easy
U065,memory_match,medium,68,61.38,33,4,11,True,0.36363636363636365,67.0,64.88,medium
U065,pattern_recall,hard,50,66.63,74,5,15,True,0.3333333333333333,29.52380952380952,55.25,medium
U065,memory_match,hard,76,66.19,79,3,9,True,0.3333333333333333,20.999999999999996,62.92,hard
U065,routine_order,medium,80,72.79,65,2,7,True,0.2857142857142857,37.5,69.82,medium
U065,memory_match,easy,68,76.28,49,4,15,True,0.26666666666666666,51.0,69.15,easy
U065,routine_order,medium,80,76.27,51,2,7,True,0.2857142857142857,50.96153846153846,73.05,medium
U065,routine_order,hard,80,60.37,72,2,6,False,0.3333333333333333,30.76923076923077,63.74,hard
U065,memory_match,hard,92,83.46,65,1,6,True,0.16666666666666666,35.0,79.16,hard
U065,memory_match,easy,92,94.27,54,1,15,True,0.06666666666666667,46.0,86.09,medium
U065,memory_match,medium,84,73.13,50,2,9,True,0.2222222222222222,50.0,74.16,medium
U066,memory_match,hard,76,78.72,72,3,15,False,0.2,28.000000000000004,70.35,hard
U066,memory_match,easy,76,71.31,27,3,11,True,0.2727272727272727,73.0,73.42,easy
U066,pattern_recall,medium,40,54.52,36,6,14,True,0.42857142857142855,65.71428571428571,51.51,easy
U066,routine_order,medium,70,73.18,51,3,12,True,0.25,50.96153846153846,69.01,medium
U066,pattern_recall,hard,80,84.56,81,2,10,True,0.2,22.857142857142854,73.02,hard
U066,pattern_recall,medium,90,76.9,25,1,5,True,0.2,76.19047619047619,81.84,hard
U066,memory_match,medium,84,83.79,31,2,12,False,0.16666666666666666,69.0,81.58,hard
U066,routine_order,hard,60,64.98,76,4,10,True,0.4,26.923076923076927,56.78,hard
U066,pattern_recall,medium,70,75.46,62,3,11,True,0.2727272727272727,40.95238095238095,67.96,medium
U066,pattern_recall,hard,30,48.49,81,7,13,True,0.5384615384615384,22.857142857142854,37.82,medium
U066,memory_match,medium,84,77.44,65,2,9,True,0.2222222222222222,35.0,73.42,hard
U066,routine_order,medium,90,75.44,63,1,5,True,0.2,39.42307692307693,75.82,hard
U066,pattern_recall,hard,80,82.86,70,2,9,True,0.2222222222222222,33.333333333333336,73.67,hard
U066,routine_order,easy,80,82.96,48,2,10,True,0.2,53.84615384615385,77.11,medium
U066,routine_order,hard,70,65.1,86,3,8,True,0.375,17.307692307692314,59.26,hard
U066,routine_order,medium,70,66.53,42,3,8,True,0.375,59.61538461538461,66.1,medium
U066,memory_match,easy,76,79.82,41,3,13,True,0.23076923076923078,59.00000000000001,74.93,easy
U066,routine_order,medium,80,83.85,61,2,10,True,0.2,41.34615384615385,75.55,hard
U066,pattern_recall,medium,90,88.48,58,1,9,True,0.1111111111111111,44.76190476190476,82.52,hard
U066,pattern_recall,medium,80,68.36,58,2,6,True,0.3333333333333333,44.76190476190476,68.64,medium
U066,pattern_recall,medium,80,58.83,59,2,5,True,0.4,43.80952380952381,64.16,medium
U066,memory_match,easy,92,78.15,35,1,5,True,0.2,65.0,81.3,medium
U066,pattern_recall,easy,90,76.82,53,1,5,True,0.2,49.523809523809526,77.82,medium
U066,memory_match,hard,60,60.59,55,5,12,True,0.4166666666666667,44.99999999999999,57.71,medium
U066,pattern_recall,hard,50,55.61,59,5,11,True,0.45454545454545453,43.80952380952381,51.72,medium
U066,routine_order,easy,80,72.55,41,2,8,True,0.25,60.57692307692308,73.73,easy
U066,routine_order,easy,100,99.27,33,0,14,True,0.0,68.26923076923077,94.98,medium
U066,routine_order,medium,90,79.18,47,1,7,True,0.14285714285714285,54.807692307692314,80.29,hard
U066,routine_order,medium,80,75.24,52,2,7,True,0.2857142857142857,50.0,72.55,medium
U066,memory_match,easy,84,85.59,27,2,15,True,0.13333333333333333,73.0,83.31,medium
U067,pattern_recall,hard,90,73.12,60,1,5,True,0.2,42.85714285714286,75.52,hard
U067,routine_order,hard,60,67.61,85,4,13,True,0.3076923076923077,18.26923076923077,57.79,hard
U067,routine_order,easy,80,82.23,34,2,11,True,0.18181818181818182,67.3076923076923,79.15,medium
U067,memory_match,hard,76,71.48,71,3,9,True,0.3333333333333333,29.000000000000004,65.97,hard
U067,memory_match,hard,100,97.27,100,0,7,True,0.0,0.0,84.04,hard
U067,pattern_recall,hard,80,78.18,85,2,9,True,0.2222222222222222,19.047619047619047,69.89,hard
U067,routine_order,easy,90,78.07,47,1,5,True,0.2,54.807692307692314,79.05,medium
U067,memory_match,hard,84,82.1,56,2,10,True,0.2,43.99999999999999,76.73,hard
U067,routine_order,hard,90,75.94,81,1,5,True,0.2,22.115384615384613,73.4,hard
U067,pattern_recall,medium,70,83.1,56,3,15,True,0.2,46.666666666666664,72.58,medium
U067,memory_match,hard,84,59.32,73,2,6,True,0.3333333333333333,27.0,64.21,hard
U067,memory_match,easy,92,80.58,57,1,7,True,0.14285714285714285,43.00000000000001,79.71,medium
U067,pattern_recall,hard,70,75.51,90,3,11,True,0.2727272727272727,14.28571428571429,63.98,hard
U067,memory_match,easy,84,77.47,49,2,9,True,0.2222222222222222,51.0,75.83,medium
U067,pattern_recall,hard,70,81.39,61,3,14,True,0.21428571428571427,41.9047619047619,71.06,hard
U067,routine_order,easy,80,85.25,34,2,13,True,0.15384615384615385,67.3076923076923,80.63,medium
U067,routine_order,medium,80,82.56,38,2,13,True,0.15384615384615385,63.46153846153846,79.11,hard
U067,routine_order,easy,80,80.11,32,2,9,True,0.2222222222222222,69.23076923076923,78.09,easy
U067,pattern_recall,hard,80,72.84,66,2,7,True,0.2857142857142857,37.142857142857146,69.78,hard
U067,routine_order,easy,70,76.75,50,3,13,True,0.23076923076923078,51.92307692307692,70.69,easy
U067,memory_match,easy,92,85.67,39,1,5,True,0.2,61.0,83.33,medium
U067,pattern_recall,hard,70,66.1,79,3,8,True,0.375,24.761904761904763,60.72,hard
U067,pattern_recall,hard,60,66.68,68,4,12,True,0.3333333333333333,35.238095238095234,59.62,hard
U067,routine_order,easy,90,93.91,41,1,12,True,0.08333333333333333,60.57692307692308,87.21,medium
U067,memory_match,medium,84,71.94,36,2,7,True,0.2857142857142857,64.0,74.89,medium
U067,pattern_recall,easy,100,99.55,28,0,10,True,0.0,73.33333333333334,95.84,medium
U067,routine_order,medium,80,78.19,53,2,10,True,0.2,49.03846153846154,74.72,medium
U067,pattern_recall,hard,70,72.09,66,3,9,True,0.3333333333333333,37.142857142857146,65.3,hard
U067,pattern_recall,medium,100,90.08,35,0,5,True,0.0,66.66666666666667,91.53,hard
U067,routine_order,easy,80,85.33,35,2,14,True,0.14285714285714285,66.34615384615384,80.67,medium
U068,memory_match,easy,92,91.59,10,1,9,True,0.1111111111111111,90.0,91.09,medium
U068,routine_order,easy,80,79.47,22,2,10,True,0.2,78.84615384615384,79.64,easy
U068,pattern_recall,hard,80,57.23,89,2,5,True,0.4,15.238095238095239,59.32,hard
U068,pattern_recall,hard,90,89.81,64,1,12,False,0.08333333333333333,39.047619047619044,82.54,hard
U068,routine_order,easy,100,95.45,28,0,10,True,0.0,73.07692307692308,94.37,medium
U068,routine_order,medium,60,71.19,63,4,13,True,0.3076923076923077,39.42307692307693,62.21,medium
U068,pattern_recall,easy,80,78.98,28,2,10,True,0.2,73.33333333333334,78.64,easy
U068,memory_match,medium,84,82.87,51,2,12,True,0.16666666666666666,49.0,78.25,hard
U068,pattern_recall,hard,90,87.81,73,1,12,True,0.08333333333333333,30.476190476190478,80.55,hard
U068,memory_match,medium,84,66.82,37,2,7,True,0.2857142857142857,63.0,72.95,medium
U068,pattern_recall,hard,60,57.87,76,4,9,True,0.4444444444444444,27.61904761904762,53.73,medium
U068,pattern_recall,medium,70,67.41,36,3,10,True,0.3,65.71428571428571,68.45,medium
U068,pattern_recall,easy,80,73.35,53,2,9,True,0.2222222222222222,49.523809523809526,72.77,easy
U068,routine_order,medium,70,62.24,47,3,8,True,0.375,54.807692307692314,63.88,medium
U068,pattern_recall,medium,90,85.18,40,1,10,True,0.1,61.904761904761905,84.1,hard
U068,pattern_recall,hard,80,82.25,58,2,14,True,0.14285714285714285,44.76190476190476,76.36,hard
U068,pattern_recall,medium,60,70.58,52,4,14,True,0.2857142857142857,50.476190476190474,63.99,medium
U068,memory_match,hard,76,57.14,66,3,8,True,0.375,34.0,61.07,hard
U068,routine_order,hard,90,81.18,85,1,5,True,0.2,18.26923076923077,74.65,hard
U068,pattern_recall,hard,80,68.93,61,2,7,True,0.2857142857142857,41.9047619047619,69.13,hard
U068,memory_match,easy,92,86.94,32,1,11,True,0.09090909090909091,68.0,86.47,medium
U068,pattern_recall,hard,70,69.66,56,3,9,True,0.3333333333333333,46.666666666666664,65.88,hard
U068,routine_order,medium,70,70.32,24,3,11,True,0.2727272727272727,76.92307692307692,71.56,medium
U068,routine_order,easy,90,84.89,22,1,8,True,0.125,78.84615384615384,86.16,medium
U068,memory_match,medium,84,79.47,31,2,12,True,0.16666666666666666,69.0,80.06,hard
U068,pattern_recall,medium,90,81.97,56,1,6,True,0.16666666666666666,46.666666666666664,79.69,hard
U068,memory_match,medium,84,83.42,45,2,15,True,0.13333333333333333,55.00000000000001,79.85,hard
U068,memory_match,hard,84,88.02,69,2,15,True,0.13333333333333333,31.000000000000007,77.86,hard
U068,routine_order,hard,70,81.84,104,3,14,True,0.21428571428571427,0.0,64.93,hard
U068,routine_order,easy,90,75.55,43,1,6,True,0.16666666666666666,58.65384615384615,79.24,medium
U069,pattern_recall,medium,60,62.48,48,4,10,True,0.4,54.28571428571429,60.01,medium
U069,routine_order,medium,50,67.33,56,5,14,False,0.35714285714285715,46.15384615384615,57.63,easy
U069,routine_order,hard,50,66.56,76,5,14,True,0.35714285714285715,26.923076923076927,54.48,medium
U069,routine_order,hard,90,86.69,74,1,7,True,0.14285714285714285,28.846153846153843,79.03,hard
U069,routine_order,easy,90,85.01,12,1,10,True,0.1,88.46153846153845,88.02,medium
U069,memory_match,easy,84,85.63,58,2,15,True,0.13333333333333333,42.00000000000001,78.67,medium
U069,routine_order,hard,90,79.95,85,1,6,True,0.16666666666666666,18.26923076923077,74.72,hard
U069,memory_match,hard,84,77.53,76,2,11,True,0.18181818181818182,24.0,72.41,hard
U069,pattern_recall,easy,90,92.08,44,1,14,True,0.07142857142857142,58.09523809523809,86.37,medium
U069,pattern_recall,medium,70,76.13,43,3,13,True,0.23076923076923078,59.04761904761905,71.54,medium
U069,routine_order,easy,70,75.67,40,3,12,True,0.25,61.53846153846154,71.47,easy
U069,memory_match,easy,92,95.37,66,1,12,True,0.08333333333333333,34.0,84.43,medium
U069,routine_order,medium,80,75.94,45,2,8,True,0.25,56.730769230769226,74.34,medium
U069,routine_order,hard,60,64.43,81,4,11,True,0.36363636363636365,22.115384615384613,56.41,hard
U069,routine_order,hard,60,61.12,57,4,10,True,0.4,45.192307692307686,58.17,hard
U069,pattern_recall,medium,80,86.99,64,2,14,True,0.14285714285714285,39.047619047619044,77.16,hard
U069,routine_order,easy,70,75.89,31,3,11,True,0.2727272727272727,70.1923076923077,72.5,easy
U069,routine_order,easy,90,90.3,16,1,9,True,0.1111111111111111,84.61538461538461,89.13,medium
U069,routine_order,easy,90,94.07,40,1,10,True,0.1,61.53846153846154,87.16,medium
U069,routine_order,easy,80,89.14,39,2,15,True,0.13333333333333333,62.5,81.57,medium
U069,pattern_recall,hard,40,56.93,83,6,13,True,0.46153846153846156,20.952380952380956,45.15,medium
U069,routine_order,easy,80,87.67,32,2,13,True,0.15384615384615385,69.23076923076923,81.76,medium
U069,pattern_recall,easy,90,93.62,44,1,8,True,0.125,58.09523809523809,86.11,medium
U069,memory_match,easy,92,92.9,36,1,8,True,0.125,64.0,87.44,medium
U069,memory_match,easy,84,87.04,45,2,14,True,0.14285714285714285,55.00000000000001,80.97,medium
U069,memory_match,hard,68,66.27,86,4,13,True,0.3076923076923077,14.000000000000002,59.48,hard
U069,memory_match,hard,68,60.67,71,4,9,False,0.4444444444444444,29.000000000000004,57.72,hard
U069,memory_match,easy,100,100.0,40,0,14,True,0.0,60.0,94.0,medium
U069,memory_match,hard,60,55.47,69,5,12,False,0.4166666666666667,31.000000000000007,53.81,medium
U069,routine_order,hard,50,64.62,71,5,15,True,0.3333333333333333,31.73076923076923,54.88,medium
U070,pattern_recall,hard,60,56.22,56,4,8,True,0.5,46.666666666666664,55.18,medium
U070,memory_match,hard,76,68.92,82,3,11,True,0.2727272727272727,18.000000000000004,64.33,hard
U070,memory_match,easy,92,89.79,35,1,9,True,0.1111111111111111,65.0,86.71,medium
U070,pattern_recall,medium,80,69.66,59,2,6,False,0.3333333333333333,43.80952380952381,68.95,medium
U070,routine_order,easy,90,86.77,45,1,10,True,0.1,56.730769230769226,83.88,medium
U070,pattern_recall,medium,100,96.5,52,0,6,True,0.0,50.476190476190474,91.35,hard
U070,memory_match,easy,92,82.22,35,1,8,True,0.125,65.0,83.85,medium
U070,memory_match,easy,84,79.35,39,2,9,True,0.2222222222222222,61.0,77.99,medium
U070,pattern_recall,medium,80,78.85,46,2,9,True,0.2222222222222222,56.19047619047619,75.69,medium
U070,routine_order,medium,70,71.85,50,3,12,True,0.25,51.92307692307692,68.69,medium
U070,routine_order,easy,90,90.99,37,1,15,True,0.06666666666666667,64.42307692307692,87.01,medium
U070,pattern_recall,medium,70,71.67,45,3,12,False,0.25,57.14285714285714,69.41,medium
U070,pattern_recall,easy,70,75.28,17,3,13,True,0.23076923076923078,83.80952380952381,74.96,easy
U070,memory_match,medium,92,87.6,62,1,9,False,0.1111111111111111,38.0,81.89,hard
U070,routine_order,easy,100,96.36,56,0,13,True,0.0,46.15384615384615,90.65,medium
U070,memory_match,easy,76,72.09,46,3,10,True,0.3,54.0,70.43,easy
U070,routine_order,easy,80,85.71,38,2,14,True,0.14285714285714285,63.46153846153846,80.37,medium
U070,pattern_recall,hard,70,65.74,71,3,9,True,0.3333333333333333,32.38095238095238,62.37,hard
U070,pattern_recall,medium,90,90.24,37,1,13,True,0.07692307692307693,64.76190476190476,86.64,hard
U070,pattern_recall,easy,80,80.84,46,2,10,True,0.2,56.19047619047619,76.72,medium
U070,memory_match,hard,60,68.02,52,5,15,True,0.3333333333333333,48.0,62.01,hard
U070,memory_match,hard,76,60.86,72,3,8,True,0.375,28.000000000000004,61.48,hard
U070,routine_order,hard,40,57.6,78,6,15,False,0.4,25.0,46.91,medium
U070,routine_order,easy,90,81.47,32,1,5,True,0.2,69.23076923076923,82.4,medium
U070,routine_order,medium,70,77.82,56,3,12,True,0.25,46.15384615384615,69.91,medium
U070,memory_match,hard,60,62.32,53,5,12,True,0.4166666666666667,47.0,58.61,hard
U070,memory_match,hard,84,67.25,57,2,6,True,0.3333333333333333,43.00000000000001,69.39,hard
U070,memory_match,hard,68,60.8,74,4,10,True,0.4,26.0,57.98,hard
U070,memory_match,easy,76,72.82,40,3,11,True,0.2727272727272727,60.0,72.0,easy
U070,memory_match,medium,76,69.42,33,3,10,True,0.3,67.0,71.45,medium
U071,memory_match,hard,84,80.6,75,2,9,True,0.2222222222222222,25.0,73.03,hard
U071,routine_order,easy,90,89.9,46,1,8,True,0.125,55.769230769230774,84.46,medium
U071,pattern_recall,easy,80,78.59,48,2,11,True,0.18181818181818182,54.28571428571429,75.92,easy
U071,routine_order,easy,100,100.0,44,0,6,True,0.0,57.692307692307686,93.65,medium
U071,memory_match,easy,92,85.77,27,1,8,True,0.125,73.0,86.29,medium
U071,pattern_recall,hard,70,71.05,67,3,11,True,0.2727272727272727,36.1904761904762,65.71,hard
U071,routine_order,medium,90,87.91,46,1,9,True,0.1111111111111111,55.769230769230774,83.97,hard
U071,routine_order,hard,60,74.64,56,4,14,True,0.2857142857142857,46.15384615384615,64.76,hard
U071,pattern_recall,medium,80,77.13,60,2,8,True,0.25,42.85714285714286,72.67,medium
U071,routine_order,medium,60,71.1,49,4,15,True,0.26666666666666666,52.88461538461539,64.82,medium
U071,pattern_recall,easy,70,79.56,22,3,14,True,0.21428571428571427,79.04761904761905,75.99,easy
U071,memory_match,medium,100,100.0,68,0,6,True,0.0,31.999999999999996,89.8,hard
U071,pattern_recall,easy,80,81.33,35,2,12,True,0.16666666666666666,66.66666666666667,78.97,medium
U071,pattern_recall,medium,80,79.17,61,2,9,True,0.2222222222222222,41.9047619047619,73.66,medium
U071,routine_order,hard,90,90.77,48,1,12,True,0.08333333333333333,53.84615384615385,85.1,hard
U071,memory_match,hard,84,83.94,66,2,14,True,0.14285714285714285,34.0,76.74,hard
U071,routine_order,easy,90,92.19,33,1,11,True,0.09090909090909091,68.26923076923077,87.64,medium
U071,routine_order,easy,70,69.6,34,3,9,True,0.3333333333333333,67.3076923076923,68.96,easy
U071,pattern_recall,easy,90,76.11,46,1,5,True,0.2,56.19047619047619,78.57,medium
U071,pattern_recall,hard,80,54.44,95,2,5,True,0.4,9.523809523809524,57.48,hard
U071,memory_match,medium,60,57.93,54,5,13,True,0.38461538461538464,46.0,57.41,easy
U071,routine_order,medium,70,82.22,45,3,15,False,0.2,56.730769230769226,73.79,medium
U071,pattern_recall,hard,70,62.51,63,3,7,True,0.42857142857142855,40.0,60.95,hard
U071,memory_match,easy,92,93.43,29,1,10,False,0.1,71.0,89.05,medium
U071,routine_order,hard,70,74.03,53,3,11,True,0.2727272727272727,49.03846153846154,68.68,hard
U071,pattern_recall,hard,60,68.91,52,4,13,True,0.3076923076923077,50.476190476190474,63.07,hard
U071,pattern_recall,easy,70,75.09,32,3,12,True,0.25,69.52380952380952,72.46,easy
U071,memory_match,easy,92,84.15,44,1,9,True,0.1111111111111111,56.00000000000001,83.39,medium
U071,pattern_recall,medium,90,91.84,44,1,15,True,0.06666666666666667,58.09523809523809,86.36,hard
U071,routine_order,easy,80,72.37,44,2,9,True,0.2222222222222222,57.692307692307686,73.65,easy
U072,memory_match,hard,44,52.39,89,7,15,True,0.4666666666666667,10.999999999999998,43.39,medium
U072,memory_match,easy,92,85.05,47,1,9,True,0.1111111111111111,53.0,83.25,medium
U072,memory_match,hard,76,64.03,54,3,9,True,0.3333333333333333,46.0,65.91,hard
U072,pattern_recall,easy,70,75.05,32,3,11,True,0.2727272727272727,69.52380952380952,72.11,easy
U072,memory_match,hard,60,65.7,85,5,14,True,0.35714285714285715,15.000000000000002,55.89,hard
U072,memory_match,hard,84,78.36,68,2,11,True,0.18181818181818182,31.999999999999996,73.9,hard
U072,pattern_recall,easy,90,84.66,25,1,7,True,0.14285714285714285,76.19047619047619,85.42,medium
U072,pattern_recall,medium,80,84.72,52,2,10,True,0.2,50.476190476190474,77.22,hard
U072,pattern_recall,medium,80,81.19,14,2,9,True,0.2222222222222222,86.66666666666667,81.08,hard
U072,routine_order,hard,70,66.73,77,3,8,True,0.375,25.96153846153846,61.12,hard
U072,memory_match,easy,100,100.0,36,0,12,True,0.0,64.0,94.6,medium
U072,pattern_recall,easy,70,77.51,25,3,15,True,0.2,76.19047619047619,75.06,easy
U072,pattern_recall,medium,90,79.11,57,1,6,True,0.16666666666666666,45.714285714285715,78.55,hard
U072,routine_order,hard,90,92.15,72,1,11,True,0.09090909090909091,30.76923076923077,82.0,hard
U072,routine_order,easy,90,94.4,14,1,12,True,0.08333333333333333,86.53846153846155,91.27,medium
U072,pattern_recall,medium,80,79.26,31,2,12,True,0.16666666666666666,70.47619047619047,78.81,hard
U072,memory_match,easy,100,96.34,35,0,5,True,0.0,65.0,93.47,medium
U072,memory_match,hard,52,54.32,70,6,14,True,0.42857142857142855,30.000000000000004,50.28,medium
U072,memory_match,easy,100,95.73,45,0,11,True,0.0,55.00000000000001,91.76,medium
U072,memory_match,hard,84,83.24,67,2,9,True,0.2222222222222222,32.99999999999999,75.15,hard
U072,memory_match,easy,100,100.0,20,0,5,True,0.0,80.0,97.0,medium
U072,routine_order,medium,70,65.82,60,3,10,True,0.3,42.307692307692314,64.38,medium
U072,pattern_recall,hard,60,72.19,90,4,15,True,0.26666666666666666,14.28571428571429,59.41,hard
U072,memory_match,easy,92,84.78,39,1,8,True,0.125,61.0,84.15,medium
U072,routine_order,easy,90,90.98,23,1,12,True,0.08333333333333333,77.88461538461539,88.78,medium
U072,pattern_recall,medium,80,87.33,34,2,14,True,0.14285714285714285,67.61904761904762,81.57,hard
U072,memory_match,hard,84,81.32,75,2,12,True,0.16666666666666666,25.0,74.11,hard
U072,routine_order,hard,80,65.08,70,2,5,True,0.4,32.692307692307686,64.68,hard
U072,routine_order,easy,80,84.46,26,2,11,True,0.18181818181818182,75.0,81.08,medium
U072,routine_order,easy,100,95.93,33,0,6,True,0.0,68.26923076923077,93.82,medium
U073,routine_order,hard,80,67.05,66,2,6,True,0.3333333333333333,36.53846153846154,66.95,hard
U073,memory_match,medium,60,54.24,47,5,11,True,0.45454545454545453,53.0,56.12,easy
U073,pattern_recall,hard,80,61.61,59,2,6,True,0.3333333333333333,43.80952380952381,66.13,hard
U073,memory_match,easy,84,81.4,59,2,12,True,0.16666666666666666,41.0,76.54,medium
U073,pattern_recall,hard,40,51.9,82,6,12,True,0.5,21.904761904761905,42.95,medium
U073,pattern_recall,medium,50,65.7,50,5,15,True,0.3333333333333333,52.38095238095239,58.35,easy
U073,pattern_recall,hard,60,72.96,65,4,14,True,0.2857142857142857,38.095238095238095,62.96,hard
U073,memory_match,medium,84,69.53,49,2,5,True,0.4,51.0,70.39,medium
U073,pattern_recall,easy,90,90.1,47,1,14,True,0.07142857142857142,55.23809523809524,85.25,medium
U073,memory_match,medium,92,77.16,43,1,5,True,0.2,57.00000000000001,79.76,hard
U073,routine_order,easy,70,72.44,25,3,12,True,0.25,75.96153846153845,72.5,easy
U073,pattern_recall,hard,40,59.57,59,6,15,True,0.4,43.80952380952381,50.42,medium
U073,routine_order,easy,70,74.46,44,3,10,True,0.3,57.692307692307686,69.71,easy
U073,pattern_recall,easy,90,85.2,17,1,5,True,0.2,83.80952380952381,85.89,medium
U073,pattern_recall,easy,100,97.74,10,0,6,True,0.0,90.47619047619048,97.78,medium
U073,memory_match,hard,76,72.54,54,3,10,True,0.3,46.0,69.39,hard
U073,routine_order,hard,70,66.77,65,3,9,True,0.3333333333333333,37.5,63.49,hard
U073,memory_match,easy,84,86.76,13,2,14,True,0.14285714285714285,87.0,85.67,medium
U073,routine_order,hard,70,54.07,71,3,7,False,0.42857142857142855,31.73076923076923,56.76,hard
U073,pattern_recall,hard,50,62.37,53,5,12,True,0.4166666666666667,49.523809523809526,55.51,medium
U073,pattern_recall,medium,30,50.32,61,7,15,True,0.4666666666666667,41.9047619047619,42.4,easy
U073,memory_match,hard,60,69.77,81,5,15,True,0.3333333333333333,18.999999999999993,58.27,hard
U073,pattern_recall,medium,60,74.75,46,4,14,True,0.2857142857142857,56.19047619047619,66.31,medium
U073,routine_order,easy,100,95.29,29,0,7,True,0.0,72.11538461538461,94.17,medium
U073,memory_match,hard,76,67.03,81,3,10,True,0.3,18.999999999999993,63.41,hard
U073,pattern_recall,hard,60,74.14,64,4,14,False,0.2857142857142857,39.047619047619044,63.52,hard
U073,routine_order,medium,60,59.59,59,4,9,False,0.4444444444444444,43.269230769230774,56.68,easy
U073,memory_match,medium,92,90.86,64,1,8,True,0.125,36.0,82.53,hard
U073,routine_order,easy,80,76.0,28,2,10,True,0.2,73.07692307692308,77.56,easy
U073,pattern_recall,hard,90,76.33,62,1,5,True,0.2,40.95238095238095,76.36,hard
U074,pattern_recall,easy,80,84.02,45,2,14,True,0.14285714285714285,57.14285714285714,78.84,medium
U074,memory_match,medium,84,81.55,50,2,12,True,0.16666666666666666,50.0,77.94,hard
U074,memory_match,hard,76,64.45,77,3,8,True,0.375,23.0,61.98,hard
U074,memory_match,hard,84,53.47,69,2,5,True,0.4,31.000000000000007,61.76,hard
U074,memory_match,medium,84,58.09,41,2,5,True,0.4,59.00000000000001,67.58,medium
U074,pattern_recall,easy,90,95.06,24,1,13,True,0.07692307692307693,77.14285714285715,90.19,medium
U074,memory_match,hard,76,57.73,88,3,8,True,0.375,12.0,57.98,hard
U074,pattern_recall,hard,70,48.79,77,3,6,True,0.5,26.66666666666667,53.08,medium
U074,memory_match,easy,92,84.29,45,1,6,True,0.16666666666666666,55.00000000000001,82.45,medium
U074,memory_match,hard,52,55.38,55,6,14,True,0.42857142857142855,44.99999999999999,52.9,medium
U074,routine_order,medium,80,84.9,56,2,11,True,0.18181818181818182,46.15384615384615,76.91,hard
U074,routine_order,medium,70,68.94,49,3,10,True,0.3,52.88461538461539,67.06,medium
U074,pattern_recall,medium,60,62.22,52,4,11,True,0.36363636363636365,50.476190476190474,59.89,medium
U074,memory_match,hard,68,67.86,70,4,13,True,0.3076923076923077,30.000000000000004,62.44,hard
U074,pattern_recall,hard,90,73.38,82,1,5,True,0.2,21.904761904761905,72.47,hard
U074,routine_order,easy,90,89.42,38,1,13,True,0.07692307692307693,63.46153846153846,86.16,medium
U074,pattern_recall,easy,90,88.82,62,1,9,True,0.1111111111111111,40.95238095238095,82.06,medium
U074,memory_match,hard,92,80.73,64,1,7,True,0.14285714285714285,36.0,78.71,hard
U074,memory_match,medium,76,73.17,55,3,11,True,0.2727272727272727,44.99999999999999,69.87,medium
U074,routine_order,medium,80,78.3,34,2,10,True,0.2,67.3076923076923,77.5,medium
U074,memory_match,hard,92,80.02,57,1,7,True,0.14285714285714285,43.00000000000001,79.51,hard
U074,pattern_recall,easy,80,81.42,24,2,10,True,0.2,77.14285714285715,80.07,medium
U074,routine_order,medium,90,83.44,53,1,5,True,0.2,49.03846153846154,80.06,hard
U074,memory_match,easy,76,78.1,34,3,15,True,0.2,65.99999999999999,75.83,easy
U074,memory_match,medium,84,76.24,51,2,10,True,0.2,49.0,75.43,hard
U074,pattern_recall,medium,70,76.97,53,3,14,True,0.21428571428571427,49.523809523809526,70.65,medium
U074,routine_order,medium,80,82.14,73,2,12,True,0.16666666666666666,29.807692307692314,73.72,hard
U074,memory_match,hard,84,82.12,51,2,11,True,0.18181818181818182,49.0,77.76,hard
U074,routine_order,medium,70,68.52,50,3,8,True,0.375,51.92307692307692,65.65,medium
U074,memory_match,medium,76,74.88,41,3,11,True,0.2727272727272727,59.00000000000001,72.57,medium
U075,pattern_recall,hard,80,81.98,57,2,13,True,0.15384615384615385,45.714285714285715,76.24,hard
U075,pattern_recall,hard,60,55.24,68,4,9,True,0.4444444444444444,35.238095238095234,53.95,medium
U075,memory_match,medium,84,82.58,48,2,14,True,0.14285714285714285,52.0,78.96,hard
U075,memory_match,hard,60,55.42,69,5,12,True,0.4166666666666667,31.000000000000007,53.8,medium
U075,memory_match,hard,68,71.84,93,4,14,True,0.2857142857142857,6.999999999999995,60.71,hard
U075,routine_order,easy,90,90.79,46,1,9,True,0.1111111111111111,55.769230769230774,84.98,medium
U075,memory_match,medium,84,79.4,72,2,10,True,0.2,28.000000000000004,73.39,hard
U075,memory_match,easy,84,78.91,28,2,8,True,0.25,72.0,79.07,medium
U075,pattern_recall,medium,70,60.16,41,3,8,True,0.375,60.952380952380956,64.07,medium
U075,memory_match,easy,84,72.28,44,2,6,True,0.3333333333333333,56.00000000000001,73.1,easy
U075,routine_order,easy,100,99.56,30,0,15,True,0.0,71.15384615384616,95.52,medium
U075,routine_order,easy,70,69.93,37,3,9,True,0.3333333333333333,64.42307692307692,68.64,easy
U075,pattern_recall,medium,40,56.79,52,6,15,True,0.4,50.476190476190474,50.45,easy
U075,routine_order,easy,100,100.0,27,0,12,True,0.0,74.03846153846155,96.11,medium
U075,memory_match,medium,60,60.24,50,5,13,True,0.38461538461538464,50.0,58.81,medium
U075,pattern_recall,hard,50,59.73,62,5,12,True,0.4166666666666667,40.95238095238095,53.3,medium
U075,routine_order,medium,90,92.33,60,1,13,True,0.07692307692307693,42.307692307692314,84.01,hard
U075,memory_match,easy,100,100.0,45,0,14,True,0.0,55.00000000000001,93.25,medium
U075,pattern_recall,easy,80,85.47,28,2,12,True,0.16666666666666666,73.33333333333334,81.41,medium
U075,memory_match,hard,60,59.97,81,5,13,False,0.38461538461538464,18.999999999999993,54.07,hard
U075,routine_order,hard,60,49.95,49,4,8,True,0.5,52.88461538461539,53.92,medium
U075,memory_match,hard,84,80.46,52,2,10,True,0.2,48.0,76.76,hard
U075,memory_match,medium,84,73.34,49,2,8,True,0.25,51.0,73.97,medium
U075,memory_match,hard,84,58.03,77,2,5,True,0.4,23.0,62.16,hard
U075,pattern_recall,hard,80,62.37,52,2,5,True,0.4,50.476190476190474,66.4,hard
U075,routine_order,hard,60,59.8,80,4,9,False,0.4444444444444444,23.076923076923073,53.72,medium
U075,memory_match,easy,92,84.74,23,1,6,True,0.16666666666666666,77.0,85.91,medium
U075,pattern_recall,easy,90,79.44,37,1,7,True,0.14285714285714285,64.76190476190476,81.88,medium
U075,pattern_recall,easy,60,62.2,41,4,11,True,0.36363636363636365,60.952380952380956,61.46,easy
U075,pattern_recall,medium,90,86.71,43,1,7,True,0.14285714285714285,59.04761904761905,83.56,hard
U076,pattern_recall,hard,80,65.99,65,2,7,True,0.2857142857142857,38.095238095238095,67.53,hard
U076,pattern_recall,medium,80,83.83,30,2,12,True,0.16666666666666666,71.42857142857143,80.55,hard
U076,memory_match,easy,92,78.17,31,1,5,True,0.2,69.0,81.91,medium
U076,pattern_recall,hard,60,68.04,58,4,12,True,0.3333333333333333,44.76190476190476,61.53,hard
U076,memory_match,medium,84,80.68,80,2,8,True,0.25,19.999999999999996,71.89,hard
U076,pattern_recall,medium,90,88.4,62,1,7,True,0.14285714285714285,40.95238095238095,81.44,hard
U076,routine_order,hard,80,68.7,62,2,5,True,0.4,40.38461538461539,67.1,hard
U076,pattern_recall,medium,80,78.19,22,2,9,True,0.2222222222222222,79.04761904761905,78.89,medium
U076,memory_match,hard,92,84.9,61,1,8,True,0.125,39.0,80.89,hard
U076,routine_order,easy,90,87.11,32,1,7,True,0.14285714285714285,69.23076923076923,85.23,medium
U076,memory_match,hard,60,59.45,52,5,13,True,0.38461538461538464,48.0,58.24,hard
U076,routine_order,hard,90,72.37,78,1,5,True,0.2,25.0,72.58,hard
U076,pattern_recall,medium,80,81.66,36,2,9,True,0.2222222222222222,65.71428571428571,78.1,hard
U076,routine_order,medium,70,75.2,47,3,12,True,0.25,54.807692307692314,70.29,medium
U076,routine_order,medium,90,77.19,58,1,6,True,0.16666666666666666,44.230769230769226,77.65,hard
U076,memory_match,hard,76,62.79,84,3,7,False,0.42857142857142855,16.000000000000004,59.55,hard
U076,routine_order,easy,90,90.49,29,1,7,True,0.14285714285714285,72.11538461538461,86.85,medium
U076,memory_match,easy,100,97.27,53,0,13,True,0.0,47.0,91.09,medium
U076,pattern_recall,hard,80,64.82,67,2,6,True,0.3333333333333333,36.1904761904762,66.12,hard
U076,memory_match,easy,100,96.69,47,0,5,True,0.0,53.0,91.79,medium
U076,pattern_recall,easy,90,88.09,40,1,10,True,0.1,61.904761904761905,85.12,medium
U076,memory_match,hard,76,64.77,65,3,8,True,0.375,35.0,63.89,hard
U076,routine_order,easy,90,87.79,45,1,5,True,0.2,56.730769230769226,82.74,medium
U076,routine_order,hard,70,76.01,71,3,12,True,0.25,31.73076923076923,67.11,hard
U076,pattern_recall,easy,90,83.15,21,1,5,True,0.2,80.0,84.6,medium
U076,pattern_recall,hard,80,65.52,62,2,7,True,0.2857142857142857,40.95238095238095,67.79,hard
U076,pattern_recall,easy,90,77.2,36,1,6,True,0.16666666666666666,65.71428571428571,80.88,medium
U076,pattern_recall,medium,60,64.64,48,4,10,True,0.4,54.28571428571429,60.77,medium
U076,pattern_recall,easy,100,93.65,38,0,7,True,0.0,63.8095238095238,92.35,medium
U076,memory_match,medium,84,83.4,38,2,15,True,0.13333333333333333,62.0,80.89,hard
U077,routine_order,hard,80,80.73,70,2,9,True,0.2222222222222222,32.692307692307686,72.83,hard
U077,pattern_recall,medium,70,77.85,37,3,13,True,0.23076923076923078,64.76190476190476,73.0,medium
U077,pattern_recall,medium,80,63.47,58,2,5,False,0.4,44.76190476190476,65.93,medium
U077,memory_match,hard,68,65.84,84,4,11,True,0.36363636363636365,16.000000000000004,58.79,hard
U077,memory_match,medium,84,72.65,32,2,9,True,0.2222222222222222,68.0,76.69,medium
U077,routine_order,hard,60,68.45,48,4,14,True,0.2857142857142857,53.84615384615385,63.75,hard
U077,pattern_recall,easy,100,95.98,11,0,6,True,0.0,89.52380952380953,97.02,medium
U077,memory_match,hard,68,64.71,62,4,10,True,0.4,38.0,61.15,hard
U077,memory_match,medium,68,72.72,42,4,13,True,0.3076923076923077,58.00000000000001,68.34,medium
U077,pattern_recall,medium,80,71.28,70,2,6,True,0.3333333333333333,33.333333333333336,67.95,medium
U077,memory_match,hard,52,60.1,57,6,15,True,0.4,43.00000000000001,54.68,medium
U077,pattern_recall,medium,100,96.06,51,0,9,True,0.0,51.42857142857142,91.34,hard
U077,pattern_recall,medium,90,87.53,54,1,5,True,0.2,48.57142857142858,81.42,hard
U077,memory_match,easy,68,67.19,42,4,11,True,0.36363636363636365,58.00000000000001,65.56,easy
U077,routine_order,easy,80,89.24,34,2,14,True,0.14285714285714285,67.3076923076923,82.19,medium
U077,memory_match,hard,84,71.95,76,2,8,True,0.25,24.0,69.43,hard
U077,routine_order,medium,60,75.51,32,4,15,True,0.26666666666666666,69.23076923076923,68.81,medium
U077,memory_match,medium,92,73.29,28,1,5,True,0.2,72.0,80.65,hard
U077,memory_match,medium,92,96.29,49,1,14,True,0.07142857142857142,51.0,87.48,hard
U077,pattern_recall,medium,90,87.36,60,1,7,True,0.14285714285714285,42.85714285714286,81.36,hard
U077,pattern_recall,hard,70,67.82,61,3,8,True,0.375,41.9047619047619,63.9,hard
U077,routine_order,medium,80,59.05,67,2,6,True,0.3333333333333333,35.57692307692307,64.0,medium
U077,memory_match,easy,76,74.31,45,3,11,True,0.2727272727272727,55.00000000000001,71.77,easy
U077,memory_match,medium,92,83.32,56,1,7,True,0.14285714285714285,43.99999999999999,80.82,hard
U077,pattern_recall,easy,90,95.68,30,1,14,True,0.07142857142857142,71.42857142857143,89.63,medium
U077,memory_match,medium,92,82.02,31,1,6,True,0.16666666666666666,69.0,83.76,hard
U077,memory_match,hard,92,89.49,79,1,13,True,0.07692307692307693,20.999999999999996,80.52,hard
U077,memory_match,medium,84,76.42,36,2,10,True,0.2,64.0,77.75,hard
U077,routine_order,hard,60,70.22,83,4,14,True,0.2857142857142857,20.192307692307686,59.32,hard
U077,routine_order,hard,70,69.96,56,3,11,True,0.2727272727272727,46.15384615384615,66.82,hard
U078,routine_order,easy,90,89.86,23,1,12,True,0.08333333333333333,77.88461538461539,88.38,medium
U078,routine_order,medium,60,70.0,36,4,12,True,0.3333333333333333,65.38461538461539,65.31,medium
U078,memory_match,easy,76,76.85,22,3,13,True,0.23076923076923078,78.0,76.74,easy
U078,routine_order,easy,100,92.7,32,0,6,True,0.0,69.23076923076923,92.83,medium
U078,memory_match,easy,60,58.64,24,5,11,True,0.45454545454545453,76.0,61.11,easy
U078,memory_match,medium,76,77.18,50,3,14,True,0.21428571428571427,50.0,72.9,medium
U078,memory_match,hard,92,88.82,91,1,6,True,0.16666666666666666,8.999999999999996,77.14,hard
U078,memory_match,medium,92,91.53,46,1,13,True,0.07692307692307693,54.0,86.18,hard
U078,pattern_recall,medium,70,81.69,63,3,15,True,0.2,40.0,71.09,medium
U078,memory_match,easy,92,94.44,40,1,14,True,0.07142857142857142,60.0,88.18,medium
U078,routine_order,medium,80,69.81,43,2,7,True,0.2857142857142857,58.65384615384615,71.95,medium
U078,pattern_recall,easy,80,73.75,46,2,6,True,0.3333333333333333,56.19047619047619,72.24,easy
U078,pattern_recall,hard,90,70.9,73,1,5,True,0.2,30.476190476190478,72.89,hard
U078,routine_order,hard,70,76.01,79,3,12,False,0.25,24.03846153846154,65.96,hard
U078,memory_match,medium,84,87.08,37,2,13,True,0.15384615384615385,63.0,82.02,hard
U078,routine_order,medium,70,68.05,54,3,8,True,0.375,48.07692307692307,64.9,medium
U078,memory_match,medium,68,64.4,54,4,12,True,0.3333333333333333,46.0,63.24,medium
U078,pattern_recall,medium,70,73.65,54,3,11,True,0.2727272727272727,48.57142857142858,68.47,medium
U078,pattern_recall,easy,70,75.39,37,3,14,True,0.21428571428571427,64.76190476190476,72.39,easy
U078,routine_order,medium,90,88.21,58,1,10,True,0.1,44.230769230769226,82.51,hard
U078,memory_match,hard,60,66.72,71,5,15,True,0.3333333333333333,29.000000000000004,58.7,hard
U078,memory_match,medium,68,73.12,53,4,15,True,0.26666666666666666,47.0,67.44,medium
U078,routine_order,hard,80,79.83,85,2,11,True,0.18181818181818182,18.26923076923077,70.95,hard
U078,routine_order,easy,70,73.76,16,3,12,True,0.25,84.61538461538461,74.26,easy
U078,pattern_recall,medium,70,77.47,40,3,15,True,0.2,61.904761904761905,72.9,medium
U078,memory_match,hard,68,55.78,68,4,9,True,0.4444444444444444,31.999999999999996,56.46,hard
U078,routine_order,easy,90,87.44,32,1,9,True,0.1111111111111111,69.23076923076923,85.82,medium
U078,memory_match,medium,84,85.01,35,2,13,True,0.15384615384615385,65.0,81.6,hard
U078,memory_match,hard,92,81.0,53,1,7,True,0.14285714285714285,47.0,80.46,hard
U078,routine_order,hard,80,82.9,67,2,11,True,0.18181818181818182,35.57692307692307,74.62,hard
U079,memory_match,medium,60,63.64,64,5,14,True,0.35714285714285715,36.0,58.32,medium
U079,pattern_recall,easy,70,78.89,24,3,12,True,0.25,77.14285714285715,74.93,easy
U079,routine_order,hard,80,82.23,79,2,9,True,0.2222222222222222,24.03846153846154,72.05,hard
U079,pattern_recall,easy,60,74.21,30,4,15,True,0.26666666666666666,71.42857142857143,68.69,easy
U079,routine_order,medium,80,76.77,54,2,8,True,0.25,48.07692307692307,73.33,medium
U079,pattern_recall,easy,90,85.19,42,1,8,True,0.125,60.0,83.44,medium
U079,pattern_recall,hard,70,81.97,61,3,15,True,0.2,41.9047619047619,71.48,hard
U079,pattern_recall,hard,60,70.24,63,4,12,True,0.3333333333333333,40.0,61.58,hard
U079,pattern_recall,hard,70,68.36,55,3,9,True,0.3333333333333333,47.61904761904761,65.57,hard
U079,pattern_recall,easy,70,74.06,33,3,12,True,0.25,68.57142857142857,71.96,easy
U079,routine_order,hard,60,60.68,57,4,9,True,0.4444444444444444,45.192307692307686,57.35,medium
U079,pattern_recall,medium,80,78.05,57,2,8,True,0.25,45.714285714285715,73.42,medium
U079,routine_order,hard,80,66.47,75,2,6,True,0.3333333333333333,27.884615384615387,65.45,hard
U079,memory_match,hard,76,82.15,82,3,15,True,0.2,18.000000000000004,70.05,hard
U079,pattern_recall,easy,100,99.86,28,0,10,True,0.0,73.33333333333334,95.95,medium
U079,pattern_recall,hard,80,66.17,75,2,5,True,0.4,28.57142857142857,64.45,hard
U079,memory_match,easy,92,90.49,41,1,12,True,0.08333333333333333,59.00000000000001,86.47,medium
U079,pattern_recall,hard,50,64.39,68,5,14,True,0.35714285714285715,35.238095238095234,54.97,medium
U079,memory_match,hard,84,71.64,73,2,7,True,0.2857142857142857,27.0,69.24,hard
U079,routine_order,easy,100,96.46,44,0,8,True,0.0,57.692307692307686,92.41,medium
U079,routine_order,easy,70,69.64,22,3,11,True,0.2727272727272727,78.84615384615384,71.61,easy
U079,routine_order,hard,70,74.75,79,3,11,True,0.2727272727272727,24.03846153846154,65.18,hard
U079,pattern_recall,medium,80,86.3,52,2,14,True,0.14285714285714285,50.476190476190474,78.63,hard
U079,routine_order,easy,70,78.24,41,3,15,False,0.2,60.57692307692308,72.97,easy
U079,routine_order,medium,80,60.89,39,2,5,False,0.4,62.5,67.69,medium
U079,memory_match,easy,92,84.69,19,1,6,True,0.16666666666666666,81.0,86.49,medium
U079,pattern_recall,easy,80,78.42,19,2,8,True,0.25,81.9047619047619,78.98,easy
U079,pattern_recall,hard,90,90.31,88,1,8,True,0.125,16.19047619047619,78.66,hard
U079,routine_order,medium,80,82.3,31,2,12,True,0.16666666666666666,70.1923076923077,79.83,hard
U079,memory_match,easy,84,86.66,50,2,15,True,0.13333333333333333,50.0,80.23,medium
U080,pattern_recall,medium,80,84.02,66,2,12,True,0.16666666666666666,37.142857142857146,75.48,hard
U080,routine_order,medium,50,53.19,43,5,10,True,0.5,58.65384615384615,52.41,easy
U080,pattern_recall,medium,70,81.55,23,3,14,True,0.21428571428571427,78.0952380952381,76.54,medium
U080,memory_match,medium,76,73.27,37,3,13,True,0.23076923076923078,63.0,73.23,medium
U080,routine_order,hard,50,67.36,61,5,15,True,0.3333333333333333,41.34615384615385,57.28,hard
U080,routine_order,easy,90,92.81,45,1,15,True,0.06666666666666667,56.730769230769226,86.49,medium
U080,pattern_recall,hard,60,58.59,56,4,10,False,0.4,46.666666666666664,57.51,medium
U080,memory_match,hard,76,64.25,60,3,9,True,0.3333333333333333,40.0,65.09,hard
U080,routine_order,medium,90,82.14,34,1,6,True,0.16666666666666666,67.3076923076923,82.85,hard
U080,routine_order,medium,90,91.73,66,1,8,True,0.125,36.53846153846154,82.21,hard
U080,routine_order,hard,60,66.32,68,4,11,True,0.36363636363636365,34.61538461538461,58.95,hard
U080,routine_order,medium,100,98.67,63,0,15,True,0.0,39.42307692307693,90.45,hard
U080,memory_match,easy,68,66.48,45,4,13,True,0.3076923076923077,55.00000000000001,65.7,easy
U080,memory_match,hard,76,61.82,80,3,7,True,0.42857142857142855,19.999999999999996,59.81,hard
U080,pattern_recall,easy,100,100.0,34,0,8,True,0.0,67.61904761904762,95.14,medium
U080,memory_match,medium,76,67.78,50,3,8,True,0.375,50.0,67.2,medium
U080,routine_order,medium,80,81.89,63,2,11,True,0.18181818181818182,39.42307692307693,74.85,hard
U080,memory_match,easy,100,95.43,38,0,8,True,0.0,62.0,92.7,medium
U080,routine_order,easy,80,84.41,32,2,15,True,0.13333333333333333,69.23076923076923,80.93,medium
U080,routine_order,medium,80,72.16,73,2,8,True,0.25,29.807692307692314,68.98,medium
U080,pattern_recall,medium,70,80.5,61,3,15,True,0.2,41.9047619047619,70.96,medium
U080,pattern_recall,medium,50,67.94,66,5,15,True,0.3333333333333333,37.142857142857146,56.85,medium
U080,routine_order,hard,80,68.88,86,2,6,True,0.3333333333333333,17.307692307692314,64.7,hard
U080,pattern_recall,hard,80,70.85,78,2,8,True,0.25,25.71428571428571,67.9,hard
U080,memory_match,hard,76,81.43,71,3,15,True,0.2,29.000000000000004,71.45,hard
U080,pattern_recall,medium,90,87.55,42,1,7,True,0.14285714285714285,60.0,84.0,hard
U080,memory_match,medium,76,73.14,58,3,13,True,0.23076923076923078,42.00000000000001,70.04,medium
U080,memory_match,medium,92,92.06,59,1,14,True,0.07142857142857142,41.0,84.5,hard
U080,routine_order,medium,80,75.53,53,2,10,True,0.2,49.03846153846154,73.79,medium
U080,pattern_recall,medium,80,83.2,34,2,9,True,0.2222222222222222,67.61904761904762,78.93,hard
U081,pattern_recall,easy,70,78.89,36,3,15,True,0.2,65.71428571428571,73.97,easy
U081,memory_match,easy,100,97.49,37,0,6,True,0.0,63.0,93.57,medium
U081,memory_match,hard,60,66.74,85,5,14,True,0.35714285714285715,15.000000000000002,56.25,hard
U081,memory_match,medium,68,70.17,34,4,15,True,0.26666666666666666,65.99999999999999,69.26,medium
U081,routine_order,easy,80,83.28,56,2,10,True,0.2,46.15384615384615,76.07,medium
U081,pattern_recall,hard,80,61.1,84,2,6,True,0.3333333333333333,19.999999999999996,62.38,hard
U081,pattern_recall,hard,60,71.91,79,4,14,False,0.2857142857142857,24.761904761904763,60.6,hard
U081,routine_order,medium,80,75.03,39,2,8,True,0.25,62.5,74.89,medium
U081,memory_match,hard,68,64.31,57,4,10,True,0.4,43.00000000000001,61.76,hard
U081,routine_order,easy,90,86.0,42,1,8,True,0.125,59.61538461538461,83.67,medium
U081,pattern_recall,medium,70,77.93,61,3,15,True,0.2,41.9047619047619,70.06,medium
U081,memory_match,easy,92,87.02,20,1,10,True,0.1,80.0,88.16,medium
U081,memory_match,easy,100,100.0,38,0,7,True,0.0,62.0,94.3,medium
U081,pattern_recall,easy,80,86.35,18,2,12,True,0.16666666666666666,82.85714285714285,83.15,medium
U081,memory_match,medium,84,78.22,39,2,8,True,0.25,61.0,77.18,medium
U081,memory_match,hard,84,86.08,81,2,13,True,0.15384615384615385,18.999999999999993,75.07,hard
U081,pattern_recall,hard,80,83.4,83,2,12,True,0.16666666666666666,20.952380952380956,72.83,hard
U081,routine_order,easy,80,85.3,36,2,11,True,0.18181818181818182,65.38461538461539,79.94,medium
U081,pattern_recall,hard,90,78.22,67,1,6,True,0.16666666666666666,36.1904761904762,76.81,hard
U081,routine_order,medium,80,67.29,42,2,7,True,0.2857142857142857,59.61538461538461,71.21,medium
U081,routine_order,medium,100,100.0,55,0,13,True,0.0,47.11538461538461,92.07,hard
U081,routine_order,hard,90,82.71,70,1,8,True,0.125,32.692307692307686,78.48,hard
U081,memory_match,medium,84,85.6,54,2,11,True,0.18181818181818182,46.0,78.53,hard
U081,pattern_recall,hard,60,74.3,80,4,15,True,0.26666666666666666,23.809523809523814,61.58,hard
U081,pattern_recall,easy,80,80.79,44,2,12,True,0.16666666666666666,58.09523809523809,77.49,medium
U081,pattern_recall,easy,90,82.81,15,1,7,True,0.14285714285714285,85.71428571428572,86.2,medium
U081,routine_order,easy,80,86.32,39,2,15,True,0.13333333333333333,62.5,80.59,medium
U081,pattern_recall,medium,70,79.83,55,3,15,True,0.2,47.61904761904761,71.58,medium
U081,routine_order,hard,90,78.48,69,1,6,True,0.16666666666666666,33.65384615384615,76.52,hard
U081,routine_order,hard,50,59.11,64,5,13,True,0.38461538461538464,38.46153846153846,53.19,medium
U082,pattern_recall,medium,70,82.68,46,3,15,True,0.2,56.19047619047619,73.87,medium
U082,pattern_recall,medium,80,82.91,66,2,13,False,0.15384615384615385,37.142857142857146,75.28,hard
U082,pattern_recall,hard,90,72.71,78,1,5,True,0.2,25.71428571428571,72.81,hard
U082,pattern_recall,medium,80,76.95,40,2,8,True,0.25,61.904761904761905,75.47,medium
U082,pattern_recall,hard,80,80.17,57,2,10,True,0.2,45.714285714285715,74.92,hard
U082,memory_match,hard,76,75.25,82,3,12,True,0.25,18.000000000000004,66.89,hard
U082,routine_order,hard,40,55.82,57,6,14,True,0.42857142857142855,45.192307692307686,48.89,medium
U082,memory_match,medium,76,71.38,62,3,10,True,0.3,38.0,67.78,medium
U082,memory_match,hard,84,72.63,71,2,8,True,0.25,29.000000000000004,70.42,hard
U082,pattern_recall,medium,70,75.73,62,3,11,True,0.2727272727272727,40.95238095238095,68.06,medium
U082,memory_match,medium,76,78.64,54,3,13,True,0.23076923076923078,46.0,72.56,medium
U082,routine_order,hard,60,62.76,67,4,12,True,0.3333333333333333,35.57692307692307,58.3,hard
U082,pattern_recall,easy,80,77.84,42,2,10,True,0.2,60.0,76.24,easy
U082,memory_match,easy,92,90.78,48,1,14,True,0.07142857142857142,52.0,85.7,medium
U082,pattern_recall,easy,90,89.74,42,1,5,True,0.2,60.0,83.91,medium
U082,pattern_recall,hard,70,72.18,80,3,9,True,0.3333333333333333,23.809523809523814,63.33,hard
U082,memory_match,medium,92,78.44,40,1,5,True,0.2,60.0,80.65,hard
U082,pattern_recall,easy,70,80.11,70,3,13,True,0.23076923076923078,33.333333333333336,69.08,easy
U082,routine_order,medium,70,77.89,44,3,13,True,0.23076923076923078,57.692307692307686,71.95,medium
U082,routine_order,easy,80,80.95,47,2,8,True,0.25,54.807692307692314,75.8,easy
U082,memory_match,easy,92,79.42,30,1,7,True,0.14285714285714285,70.0,83.35,medium
U082,pattern_recall,easy,90,86.48,42,1,8,True,0.125,60.0,83.89,medium
U082,pattern_recall,easy,90,90.66,35,1,7,False,0.14285714285714285,66.66666666666667,86.09,medium
U082,memory_match,medium,68,68.74,59,4,14,True,0.2857142857142857,41.0,64.72,medium
U082,memory_match,hard,68,59.15,60,4,11,True,0.36363636363636365,40.0,60.05,hard
U082,pattern_recall,medium,30,54.42,49,7,15,True,0.4666666666666667,53.333333333333336,45.55,easy
U082,pattern_recall,hard,70,72.37,64,3,10,False,0.3,39.047619047619044,66.19,hard
U082,pattern_recall,medium,50,66.76,64,5,15,True,0.3333333333333333,39.047619047619044,56.72,medium
U082,routine_order,easy,90,90.52,19,1,13,True,0.07692307692307693,81.73076923076923,89.29,medium
U082,pattern_recall,easy,80,83.2,34,2,10,True,0.2,67.61904761904762,79.26,medium
U083,pattern_recall,hard,60,60.14,79,4,10,True,0.4,24.761904761904763,54.76,hard
U083,routine_order,hard,50,59.59,52,5,12,True,0.4166666666666667,50.0,54.61,medium
U083,pattern_recall,hard,80,84.3,81,2,11,True,0.18181818181818182,22.857142857142854,73.21,hard
U083,routine_order,medium,80,77.11,50,2,7,True,0.2857142857142857,51.92307692307692,73.49,medium
U083,routine_order,medium,80,71.38,70,2,7,True,0.2857142857142857,32.692307692307686,68.6,medium
U083,pattern_recall,medium,60,58.14,46,4,10,True,0.4,56.19047619047619,58.78,easy
U083,memory_match,medium,68,68.21,36,4,12,True,0.3333333333333333,64.0,67.27,medium
U083,memory_match,medium,68,74.64,39,4,14,True,0.2857142857142857,61.0,69.79,medium
U083,pattern_recall,easy,90,79.11,54,1,7,False,0.14285714285714285,48.57142857142858,79.33,medium
U083,memory_match,easy,100,92.2,41,0,5,True,0.0,59.00000000000001,91.12,medium
U083,routine_order,hard,70,59.32,66,3,8,True,0.375,36.53846153846154,60.12,hard
U083,routine_order,easy,90,89.42,30,1,12,False,0.08333333333333333,71.15384615384616,87.22,medium
U083,routine_order,hard,60,66.89,80,4,12,True,0.3333333333333333,23.076923076923073,57.87,hard
U083,memory_match,hard,84,72.52,63,2,6,False,0.3333333333333333,37.0,70.33,hard
U083,pattern_recall,easy,90,80.55,19,1,7,True,0.14285714285714285,81.9047619047619,84.84,medium
U083,memory_match,hard,60,66.11,75,5,14,True,0.35714285714285715,25.0,57.53,hard
U083,pattern_recall,medium,60,68.75,58,4,13,False,0.3076923076923077,44.76190476190476,62.16,medium
U083,routine_order,easy,80,84.97,50,2,14,True,0.14285714285714285,51.92307692307692,78.39,medium
U083,routine_order,hard,50,67.11,64,5,15,True,0.3333333333333333,38.46153846153846,56.76,hard
U083,routine_order,hard,30,51.05,85,7,15,True,0.4666666666666667,18.26923076923077,39.11,medium
U083,memory_match,medium,68,72.95,69,4,13,True,0.3076923076923077,31.000000000000007,64.37,medium
U083,pattern_recall,medium,50,53.41,33,5,11,True,0.45454545454545453,68.57142857142857,54.66,easy
U083,pattern_recall,medium,80,74.96,31,2,8,True,0.25,70.47619047619047,76.06,medium
U083,routine_order,medium,90,91.45,57,1,6,True,0.16666666666666666,45.192307692307686,82.79,hard
U083,pattern_recall,easy,90,91.29,15,1,11,True,0.09090909090909091,85.71428571428572,89.95,medium
U083,pattern_recall,easy,80,84.89,56,2,11,True,0.18181818181818182,46.666666666666664,76.98,medium
U083,memory_match,hard,84,60.16,73,2,6,True,0.3333333333333333,27.0,64.51,hard
U083,memory_match,easy,76,78.04,45,3,14,True,0.21428571428571427,55.00000000000001,73.95,easy
U083,memory_match,hard,60,60.85,62,5,13,True,0.38461538461538464,38.0,57.23,hard
U083,routine_order,easy,90,93.5,55,1,13,True,0.07692307692307693,47.11538461538461,85.14,medium
U084,memory_match,medium,84,79.56,46,2,8,True,0.25,54.0,76.6,hard
U084,routine_order,easy,100,95.31,34,0,9,True,0.0,67.3076923076923,93.45,medium
U084,memory_match,easy,76,70.27,39,3,9,True,0.3333333333333333,61.0,70.34,easy
U084,memory_match,medium,68,67.97,60,4,14,True,0.2857142857142857,40.0,64.3,medium
U084,pattern_recall,medium,60,63.07,65,4,10,True,0.4,38.095238095238095,57.79,medium
U084,routine_order,medium,90,78.25,43,1,6,True,0.16666666666666666,58.65384615384615,80.19,hard
U084,pattern_recall,hard,50,61.96,79,5,13,True,0.38461538461538464,24.761904761904763,52.13,medium
U084,routine_order,easy,90,73.49,34,1,5,True,0.2,67.3076923076923,79.32,medium
U084,pattern_recall,easy,90,84.56,40,1,6,True,0.16666666666666666,61.904761904761905,82.88,medium
U084,routine_order,easy,80,84.07,13,2,14,True,0.14285714285714285,87.5,83.41,medium
U084,routine_order,medium,90,87.43,25,1,10,True,0.1,75.96153846153845,86.99,hard
U084,memory_match,medium,84,67.76,54,2,6,True,0.3333333333333333,46.0,70.02,medium
U084,pattern_recall,hard,60,57.75,70,4,9,True,0.4444444444444444,33.333333333333336,54.55,medium
U084,pattern_recall,easy,70,80.79,36,3,15,True,0.2,65.71428571428571,74.63,easy
U084,routine_order,medium,90,76.83,57,1,5,True,0.2,45.192307692307686,77.17,hard
U084,memory_match,hard,76,65.4,67,3,8,True,0.375,32.99999999999999,63.81,hard
U084,memory_match,hard,68,70.43,56,4,12,True,0.3333333333333333,43.99999999999999,65.05,hard
U084,memory_match,easy,100,94.67,19,0,7,True,0.0,81.0,95.28,medium
U084,routine_order,hard,80,65.82,69,2,7,False,0.2857142857142857,33.65384615384615,66.8,hard
U084,pattern_recall,medium,80,77.58,62,2,7,True,0.2857142857142857,40.95238095238095,72.01,medium
U084,memory_match,medium,84,68.79,55,2,7,True,0.2857142857142857,44.99999999999999,70.94,medium
U084,pattern_recall,medium,80,72.98,59,2,8,True,0.25,43.80952380952381,71.36,medium
U084,memory_match,medium,92,78.11,29,1,5,True,0.2,71.0,82.19,hard
U084,memory_match,medium,76,80.38,55,3,13,True,0.23076923076923078,44.99999999999999,73.02,medium
U084,routine_order,easy,80,71.27,44,2,8,True,0.25,57.692307692307686,72.85,easy
U084,memory_match,hard,92,76.46,71,1,6,True,0.16666666666666666,29.000000000000004,75.81,hard
U084,pattern_recall,medium,90,86.88,58,1,5,True,0.2,44.76190476190476,80.62,hard
U084,memory_match,easy,92,77.92,10,1,5,True,0.2,90.0,84.97,medium
U084,routine_order,hard,70,72.01,43,3,10,False,0.3,58.65384615384615,69.0,hard
U084,pattern_recall,easy,80,73.4,18,2,6,True,0.3333333333333333,82.85714285714285,76.12,easy
U085,pattern_recall,easy,90,77.51,20,1,6,True,0.16666666666666666,80.95238095238095,83.27,medium
U085,memory_match,easy,76,73.24,37,3,12,True,0.25,63.0,72.93,easy
U085,routine_order,easy,90,85.27,37,1,8,True,0.125,64.42307692307692,84.13,medium
U085,pattern_recall,medium,90,79.75,44,1,5,True,0.2,58.09523809523809,80.13,hard
U085,pattern_recall,easy,90,89.5,43,1,9,True,0.1111111111111111,59.04761904761905,85.02,medium
U085,routine_order,hard,70,75.05,65,3,14,True,0.21428571428571427,37.5,68.18,hard
U085,pattern_recall,easy,90,89.64,42,1,11,True,0.09090909090909091,60.0,85.51,medium
U085,memory_match,medium,68,70.1,59,4,13,True,0.3076923076923077,41.0,64.87,medium
U085,routine_order,easy,80,71.01,52,2,7,True,0.2857142857142857,50.0,71.07,easy
U085,memory_match,hard,52,57.92,47,6,15,False,0.4,53.0,55.42,medium
U085,memory_match,medium,68,70.56,40,4,13,True,0.3076923076923077,60.0,67.88,medium
U085,pattern_recall,easy,80,83.51,20,2,13,True,0.15384615384615385,80.95238095238095,82.06,medium
U085,pattern_recall,hard,80,82.22,69,2,10,True,0.2,34.285714285714285,73.92,hard
U085,memory_match,medium,92,86.83,38,1,10,True,0.1,62.0,85.39,hard
U085,pattern_recall,medium,60,71.94,49,4,14,True,0.2857142857142857,53.333333333333336,64.89,medium
U085,pattern_recall,hard,90,70.18,83,1,5,True,0.2,20.952380952380956,71.21,hard
U085,memory_match,medium,92,87.15,62,1,5,True,0.2,38.0,80.4,hard
U085,pattern_recall,medium,90,82.7,50,1,5,True,0.2,52.38095238095239,80.3,hard
U085,routine_order,medium,70,77.93,73,3,12,True,0.25,29.807692307692314,67.5,medium
U085,memory_match,medium,84,74.46,59,2,8,True,0.25,41.0,72.86,medium
U085,memory_match,hard,84,69.54,56,2,8,True,0.25,43.99999999999999,71.59,hard
U085,routine_order,hard,70,75.34,75,3,14,True,0.21428571428571427,27.884615384615387,66.84,hard
U085,routine_order,easy,60,73.54,26,4,14,True,0.2857142857142857,75.0,68.7,easy
U085,pattern_recall,hard,70,65.27,60,3,9,True,0.3333333333333333,42.85714285714286,63.77,hard
U085,memory_match,easy,76,77.62,33,3,14,True,0.21428571428571427,67.0,75.6,easy
U085,pattern_recall,medium,60,64.57,37,4,10,True,0.4,64.76190476190476,62.31,medium
U085,pattern_recall,medium,70,67.47,61,3,9,True,0.3333333333333333,41.9047619047619,64.4,medium
U085,routine_order,easy,100,97.09,24,0,10,True,0.0,76.92307692307692,95.52,medium
U085,pattern_recall,easy,70,79.78,48,3,14,True,0.21428571428571427,54.28571428571429,72.35,easy
U085,pattern_recall,medium,80,72.39,47,2,7,True,0.2857142857142857,55.23809523809524,72.34,medium
U086,routine_order,hard,80,74.14,51,2,9,True,0.2222222222222222,50.96153846153846,73.26,hard
U086,pattern_recall,hard,40,62.96,66,6,15,True,0.4,37.142857142857146,50.61,medium
U086,routine_order,medium,90,92.07,41,1,10,True,0.1,60.57692307692308,86.31,hard
U086,memory_match,easy,84,83.18,39,2,14,False,0.14285714285714285,61.0,80.52,medium
U086,pattern_recall,hard,40,54.6,68,6,14,True,0.42857142857142855,35.238095238095234,46.97,medium
U086,pattern_recall,easy,90,83.89,32,1,9,True,0.1111111111111111,69.52380952380952,84.62,medium
U086,pattern_recall,easy,90,91.5,28,1,8,True,0.125,73.33333333333334,87.65,medium
U086,memory_match,hard,84,82.73,55,2,12,True,0.16666666666666666,44.99999999999999,77.61,hard
U086,pattern_recall,medium,60,62.09,45,4,11,True,0.36363636363636365,57.14285714285714,60.85,medium
U086,pattern_recall,easy,90,83.09,15,1,8,True,0.125,85.71428571428572,86.56,medium
U086,memory_match,hard,60,60.21,69,5,12,True,0.4166666666666667,31.000000000000007,55.47,medium
U086,pattern_recall,medium,80,69.12,44,2,7,True,0.2857142857142857,58.09523809523809,71.62,medium
U086,routine_order,medium,60,71.7,49,4,13,True,0.3076923076923077,52.88461538461539,64.41,medium
U086,pattern_recall,hard,40,54.14,75,6,13,True,0.46153846153846156,28.57142857142857,45.31,medium
U086,pattern_recall,medium,100,98.43,47,0,15,True,0.0,55.23809523809524,92.74,hard
U086,routine_order,medium,70,70.92,47,3,12,True,0.25,54.807692307692314,68.79,medium
U086,routine_order,medium,80,81.42,40,2,10,True,0.2,61.53846153846154,77.73,hard
U086,routine_order,medium,90,94.68,66,1,12,True,0.08333333333333333,36.53846153846154,83.87,hard
U086,routine_order,easy,70,71.81,12,3,9,True,0.3333333333333333,88.46153846153845,72.9,easy
U086,pattern_recall,hard,60,58.86,60,4,9,True,0.4444444444444444,42.85714285714286,56.36,medium
U086,memory_match,medium,68,70.89,60,4,15,True,0.26666666666666666,40.0,65.61,medium
U086,routine_order,easy,70,77.61,45,3,13,True,0.23076923076923078,56.730769230769226,71.71,easy
U086,routine_order,hard,50,57.85,70,5,12,True,0.4166666666666667,32.692307692307686,51.4,medium
U086,routine_order,medium,80,81.38,56,2,13,True,0.15384615384615385,46.15384615384615,76.1,hard
U086,pattern_recall,easy,80,88.14,27,2,14,True,0.14285714285714285,74.28571428571429,82.85,medium
U086,routine_order,hard,80,61.03,50,2,5,False,0.4,51.92307692307692,66.15,hard
U086,pattern_recall,easy,80,77.46,36,2,8,True,0.25,65.71428571428571,76.22,easy
U086,memory_match,medium,84,68.21,41,2,5,True,0.4,59.00000000000001,71.12,medium
U086,pattern_recall,hard,70,65.77,83,3,9,True,0.3333333333333333,20.952380952380956,60.66,hard
U086,routine_order,medium,60,67.47,67,4,11,True,0.36363636363636365,35.57692307692307,59.5,medium
U087,routine_order,easy,80,87.34,28,2,13,True,0.15384615384615385,73.07692307692308,82.22,medium
U087,memory_match,easy,100,100.0,39,0,11,True,0.0,61.0,94.15,medium
U087,pattern_recall,easy,80,85.11,34,2,11,True,0.18181818181818182,67.61904761904762,80.2,medium
U087,memory_match,medium,76,74.08,38,3,12,True,0.25,62.0,73.08,medium
U087,memory_match,easy,92,91.0,31,1,13,True,0.07692307692307693,69.0,88.25,medium
U087,pattern_recall,easy,100,100.0,45,0,8,True,0.0,57.14285714285714,93.57,medium
U087,memory_match,hard,84,87.66,66,2,14,True,0.14285714285714285,34.0,78.04,hard
U087,routine_order,easy,90,89.59,46,1,10,True,0.1,55.769230769230774,84.72,medium
U087,pattern_recall,hard,70,72.34,65,3,12,True,0.25,38.095238095238095,66.78,hard
U087,memory_match,medium,84,79.8,33,2,11,True,0.18181818181818182,67.0,79.65,hard
U087,memory_match,medium,92,92.08,56,1,9,True,0.1111111111111111,43.99999999999999,84.36,hard
U087,memory_match,medium,84,80.37,63,2,9,True,0.2222222222222222,37.0,74.75,hard
U087,memory_match,medium,76,76.9,28,3,13,True,0.23076923076923078,72.0,75.85,medium
U087,routine_order,easy,80,78.5,19,2,9,False,0.2222222222222222,81.73076923076923,79.4,easy
U087,memory_match,hard,76,68.58,74,3,9,False,0.3333333333333333,26.0,64.5,hard
U087,memory_match,easy,92,86.43,26,1,8,True,0.125,74.0,86.68,medium
U087,memory_match,medium,92,93.62,50,1,11,True,0.09090909090909091,50.0,86.1,hard
U087,routine_order,medium,40,60.54,52,6,15,True,0.4,50.0,51.69,easy
U087,routine_order,easy,90,86.5,26,1,9,True,0.1111111111111111,75.0,86.36,medium
U087,pattern_recall,hard,80,74.57,59,2,6,True,0.3333333333333333,43.80952380952381,70.67,hard
U087,pattern_recall,easy,80,65.55,17,2,5,True,0.4,83.80952380952381,72.51,easy
U087,memory_match,medium,76,69.29,46,3,9,True,0.3333333333333333,54.0,68.95,medium
U087,memory_match,easy,92,75.65,49,1,6,True,0.16666666666666666,51.0,78.83,medium
U087,memory_match,easy,84,72.84,32,2,9,True,0.2222222222222222,68.0,76.76,easy
U087,routine_order,medium,70,70.36,71,3,9,True,0.3333333333333333,31.73076923076923,63.89,medium
U087,memory_match,medium,84,70.85,72,2,8,False,0.25,28.000000000000004,69.65,medium
U087,memory_match,easy,100,100.0,27,0,10,True,0.0,73.0,95.95,medium
U087,routine_order,medium,70,78.19,50,3,15,True,0.2,51.92307692307692,71.65,medium
U087,routine_order,easy,100,99.5,22,0,5,True,0.0,78.84615384615384,96.65,medium
U087,memory_match,easy,76,74.13,33,3,10,True,0.3,67.0,73.1,easy
U088,routine_order,medium,50,64.62,66,5,13,True,0.38461538461538464,36.53846153846154,54.83,easy
U088,memory_match,easy,92,86.02,17,1,8,True,0.125,83.0,87.88,medium
U088,memory_match,hard,84,79.25,51,2,10,True,0.2,49.0,76.49,hard
U088,routine_order,easy,70,66.46,50,3,9,True,0.3333333333333333,51.92307692307692,65.55,easy
U088,pattern_recall,easy,90,91.99,43,1,9,True,0.1111111111111111,59.04761904761905,85.89,medium
U088,pattern_recall,hard,70,57.98,81,3,8,True,0.375,22.857142857142854,57.6,hard
U088,routine_order,easy,80,84.63,35,2,10,True,0.2,66.34615384615384,79.57,medium
U088,pattern_recall,hard,50,64.02,68,5,15,True,0.3333333333333333,35.238095238095234,55.19,medium
U088,routine_order,easy,90,79.6,45,1,6,True,0.16666666666666666,56.730769230769226,80.37,medium
U088,memory_match,hard,84,61.16,50,2,5,True,0.4,50.0,67.31,hard
U088,memory_match,hard,84,58.62,72,2,6,True,0.3333333333333333,28.000000000000004,64.12,hard
U088,memory_match,hard,92,87.04,56,1,10,True,0.1,43.99999999999999,82.76,hard
U088,routine_order,easy,80,74.29,45,2,6,True,0.3333333333333333,56.730769230769226,72.51,easy
U088,memory_match,medium,84,76.48,40,2,10,True,0.2,60.0,77.17,hard
U088,routine_order,easy,90,83.32,37,1,5,True,0.2,64.42307692307692,82.33,medium
U088,routine_order,easy,100,93.33,60,0,6,True,0.0,42.307692307692314,89.01,medium
U088,memory_match,hard,68,69.57,96,4,14,True,0.2857142857142857,4.0000000000000036,59.46,hard
U088,pattern_recall,hard,70,49.77,63,3,6,True,0.5,40.0,55.42,medium
U088,routine_order,medium,90,71.05,63,1,5,True,0.2,39.42307692307693,74.28,hard
U088,pattern_recall,easy,80,72.93,52,2,7,True,0.2857142857142857,50.476190476190474,71.81,easy
U088,routine_order,hard,70,61.9,78,3,7,True,0.42857142857142855,25.0,58.49,hard
U088,routine_order,easy,80,85.3,54,2,13,True,0.15384615384615385,48.07692307692307,77.76,medium
U088,pattern_recall,hard,70,52.98,65,3,7,True,0.42857142857142855,38.095238095238095,57.33,hard
U088,routine_order,medium,80,81.68,52,2,13,True,0.15384615384615385,50.0,76.78,hard
U088,routine_order,easy,80,81.89,27,2,9,True,0.2222222222222222,74.03846153846155,79.43,medium
U088,memory_match,hard,84,82.35,81,2,14,True,0.14285714285714285,18.999999999999993,73.93,hard
U088,routine_order,hard,70,70.35,91,3,11,True,0.2727272727272727,12.5,61.91,hard
U088,routine_order,medium,80,74.81,50,2,8,True,0.25,51.92307692307692,73.22,medium
U088,routine_order,medium,70,74.69,32,3,10,True,0.3,69.23076923076923,71.53,medium
U088,pattern_recall,medium,70,79.62,50,3,15,True,0.2,52.38095238095239,72.22,medium
U089,memory_match,hard,84,80.83,51,2,8,True,0.25,49.0,76.29,hard
U089,memory_match,easy,76,80.2,28,3,13,True,0.23076923076923078,72.0,77.01,easy
U089,routine_order,hard,70,67.63,80,3,8,True,0.375,23.076923076923073,61.01,hard
U089,pattern_recall,medium,80,78.46,35,2,9,True,0.2222222222222222,66.66666666666667,77.13,medium
U089,pattern_recall,hard,70,78.0,61,3,13,False,0.23076923076923078,41.9047619047619,69.62,hard
U089,memory_match,hard,76,69.13,81,3,9,True,0.3333333333333333,18.999999999999993,63.65,hard
U089,pattern_recall,easy,90,91.48,44,1,9,True,0.1111111111111111,58.09523809523809,85.57,medium
U089,routine_order,easy,90,84.36,10,1,8,True,0.125,90.38461538461539,87.71,medium
U089,memory_match,hard,60,61.92,65,5,13,True,0.38461538461538464,35.0,57.15,hard
U089,pattern_recall,easy,90,93.75,33,1,13,True,0.07692307692307693,68.57142857142857,88.44,medium
U089,routine_order,hard,80,71.45,90,2,6,True,0.3333333333333333,13.461538461538458,65.03,hard
U089,memory_match,medium,68,64.9,60,4,10,True,0.4,40.0,61.52,medium
U089,pattern_recall,medium,70,76.27,56,3,11,True,0.2727272727272727,46.666666666666664,69.1,medium
U089,memory_match,hard,68,71.73,88,4,13,True,0.3076923076923077,12.0,61.09,hard
U089,memory_match,hard,68,64.6,84,4,10,True,0.4,16.000000000000004,57.81,hard
U089,memory_match,medium,84,74.91,44,2,8,True,0.25,56.00000000000001,75.27,medium
U089,routine_order,hard,50,62.35,63,5,12,True,0.4166666666666667,39.42307692307693,53.99,medium
U089,pattern_recall,medium,80,74.12,37,2,9,True,0.2222222222222222,64.76190476190476,75.32,medium
U089,routine_order,hard,80,79.29,59,2,11,False,0.18181818181818182,43.269230769230774,74.51,hard
U089,memory_match,medium,84,78.91,49,2,10,True,0.2,51.0,76.67,hard
U089,routine_order,medium,60,44.5,75,4,7,True,0.5714285714285714,27.884615384615387,47.19,easy
U089,pattern_recall,medium,90,79.67,56,1,7,True,0.14285714285714285,46.666666666666664,79.24,hard
U089,routine_order,hard,70,77.28,80,3,12,True,0.25,23.076923076923073,66.26,hard
U089,memory_match,medium,84,81.18,42,2,10,True,0.2,58.00000000000001,78.51,hard
U089,routine_order,easy,100,99.15,45,0,6,True,0.0,56.730769230769226,93.21,medium
U089,routine_order,easy,80,84.71,27,2,12,True,0.16666666666666666,74.03846153846155,81.25,medium
U089,routine_order,easy,80,80.34,28,2,11,True,0.18181818181818182,73.07692307692308,79.35,medium
U089,memory_match,easy,76,75.74,20,3,11,True,0.2727272727272727,80.0,76.02,easy
U089,routine_order,easy,80,82.65,35,2,11,True,0.18181818181818182,66.34615384615384,79.15,medium
U089,routine_order,hard,80,73.65,54,2,6,True,0.3333333333333333,48.07692307692307,70.99,hard
U090,memory_match,hard,84,69.62,78,2,6,True,0.3333333333333333,21.999999999999996,67.07,hard
U090,memory_match,easy,92,88.03,31,1,12,True,0.08333333333333333,69.0,87.11,medium
U090,pattern_recall,hard,50,64.51,81,5,14,True,0.35714285714285715,22.857142857142854,53.15,medium
U090,pattern_recall,easy,90,88.74,39,1,12,True,0.08333333333333333,62.857142857142854,85.74,medium
U090,routine_order,medium,90,80.2,52,1,6,True,0.16666666666666666,50.0,79.57,hard
U090,routine_order,hard,60,58.24,85,4,10,True,0.4,18.26923076923077,53.12,medium
U090,routine_order,easy,100,95.72,40,0,7,False,0.0,61.53846153846154,92.73,medium
U090,pattern_recall,medium,90,77.84,46,1,5,True,0.2,56.19047619047619,79.17,hard
U090,pattern_recall,hard,90,79.46,55,1,5,True,0.2,47.61904761904761,78.45,hard
U090,pattern_recall,hard,80,79.17,78,2,9,True,0.2222222222222222,25.71428571428571,71.23,hard
U090,routine_order,hard,70,78.39,59,3,12,True,0.25,43.269230769230774,69.68,hard
U090,routine_order,easy,80,69.53,39,2,5,True,0.4,62.5,70.71,easy
U090,memory_match,easy,84,83.77,29,2,11,True,0.18181818181818182,71.0,81.64,medium
U090,routine_order,medium,80,75.4,44,2,9,True,0.2222222222222222,57.692307692307686,74.71,medium
U090,routine_order,easy,70,71.53,20,3,12,True,0.25,80.76923076923077,72.9,easy
U090,routine_order,hard,50,64.69,76,5,13,True,0.38461538461538464,26.923076923076927,53.41,medium
U090,pattern_recall,hard,80,75.67,72,2,8,True,0.25,31.428571428571427,70.45,hard
U090,routine_order,easy,90,85.74,10,1,8,True,0.125,90.38461538461539,88.19,medium
U090,memory_match,hard,68,67.94,80,4,14,True,0.2857142857142857,19.999999999999996,61.29,hard
U090,memory_match,medium,68,69.7,45,4,13,True,0.3076923076923077,55.00000000000001,66.83,medium
U090,routine_order,easy,100,100.0,47,0,12,True,0.0,54.807692307692314,93.22,medium
U090,pattern_recall,medium,90,82.85,39,1,5,True,0.2,62.857142857142854,81.93,hard
U090,routine_order,medium,90,83.96,60,1,8,True,0.125,42.307692307692314,80.36,hard
U090,routine_order,easy,90,90.04,41,1,11,True,0.09090909090909091,60.57692307692308,85.74,medium
U090,routine_order,hard,50,67.51,58,5,15,True,0.3333333333333333,44.230769230769226,57.76,hard
U090,routine_order,medium,100,96.79,33,0,15,True,0.0,68.26923076923077,94.12,hard
U090,pattern_recall,medium,80,66.28,49,2,6,True,0.3333333333333333,53.333333333333336,69.2,medium
U090,pattern_recall,hard,60,66.32,85,4,12,True,0.3333333333333333,19.047619047619047,57.07,hard
U090,routine_order,medium,80,81.37,51,2,11,True,0.18181818181818182,50.96153846153846,76.4,hard
U090,memory_match,hard,60,64.03,62,5,13,True,0.38461538461538464,38.0,58.34,hard
U091,memory_match,hard,76,74.03,58,3,13,True,0.23076923076923078,42.00000000000001,70.35,hard
U091,pattern_recall,easy,80,65.33,37,2,7,True,0.2857142857142857,64.76190476190476,71.29,easy
U091,pattern_recall,easy,90,93.79,24,1,11,True,0.09090909090909091,77.14285714285715,89.53,medium
U091,pattern_recall,easy,90,79.92,22,1,5,True,0.2,79.04761904761905,83.33,medium
U091,memory_match,easy,92,93.91,49,1,14,True,0.07142857142857142,51.0,86.65,medium
U091,pattern_recall,easy,70,75.31,45,3,11,True,0.2727272727272727,57.14285714285714,70.34,easy
U091,pattern_recall,medium,80,81.53,42,2,12,True,0.16666666666666666,60.0,78.04,hard
U091,routine_order,easy,90,87.09,19,1,11,True,0.09090909090909091,81.73076923076923,87.88,medium
U091,memory_match,hard,84,72.64,57,2,6,True,0.3333333333333333,43.00000000000001,71.27,hard
U091,routine_order,hard,40,54.35,84,6,14,True,0.42857142857142855,19.23076923076923,44.48,medium
U091,memory_match,medium,76,74.17,44,3,10,True,0.3,56.00000000000001,71.46,medium
U091,memory_match,medium,76,58.46,55,3,8,True,0.375,44.99999999999999,63.19,medium
U091,pattern_recall,hard,80,67.96,95,2,6,True,0.3333333333333333,9.523809523809524,63.21,hard
U091,memory_match,medium,92,89.83,47,1,8,True,0.125,53.0,84.72,hard
U091,pattern_recall,medium,90,90.68,62,1,14,True,0.07142857142857142,40.95238095238095,83.31,hard
U091,routine_order,medium,70,76.86,52,3,11,True,0.2727272727272727,50.0,69.81,medium
U091,routine_order,easy,100,97.97,25,0,11,True,0.0,75.96153846153845,95.68,medium
U091,memory_match,easy,92,85.07,33,1,6,True,0.16666666666666666,67.0,84.52,medium
U091,pattern_recall,medium,90,96.05,43,1,13,True,0.07692307692307693,59.04761904761905,87.82,hard
U091,routine_order,easy,90,85.99,33,1,10,True,0.1,68.26923076923077,85.34,medium
U091,pattern_recall,hard,70,72.12,78,3,10,True,0.3,25.71428571428571,64.1,hard
U091,routine_order,medium,80,87.55,46,2,15,True,0.13333333333333333,55.769230769230774,80.01,hard
U091,pattern_recall,medium,60,72.18,33,4,15,True,0.26666666666666666,68.57142857142857,67.55,medium
U091,routine_order,hard,80,71.34,63,2,7,True,0.2857142857142857,39.42307692307693,69.6,hard
U091,routine_order,medium,50,64.84,61,5,15,True,0.3333333333333333,41.34615384615385,56.4,easy
U091,memory_match,easy,92,76.16,33,1,5,True,0.2,67.0,80.91,medium
U091,pattern_recall,easy,90,92.69,40,1,9,True,0.1111111111111111,61.904761904761905,86.56,medium
U091,memory_match,medium,68,76.16,51,4,15,True,0.26666666666666666,49.0,68.81,medium
U091,memory_match,easy,92,93.2,46,1,14,True,0.07142857142857142,54.0,86.85,medium
U091,pattern_recall,medium,70,78.58,42,3,15,True,0.2,60.0,73.0,medium
U092,pattern_recall,medium,100,100.0,70,0,13,True,0.0,33.333333333333336,90.0,hard
U092,routine_order,hard,70,76.48,85,3,11,True,0.2727272727272727,18.26923076923077,64.92,hard
U092,memory_match,easy,76,74.96,29,3,11,True,0.2727272727272727,71.0,74.4,easy
U092,memory_match,easy,68,68.06,25,4,11,True,0.36363636363636365,75.0,68.42,easy
U092,pattern_recall,medium,90,77.77,44,1,5,True,0.2,58.09523809523809,79.43,hard
U092,pattern_recall,hard,60,69.72,96,4,12,True,0.3333333333333333,8.571428571428575,56.69,hard
U092,memory_match,medium,84,85.78,35,2,11,True,0.18181818181818182,65.0,81.45,hard
U092,routine_order,hard,20,44.19,56,8,14,True,0.5714285714285714,46.15384615384615,35.82,medium
U092,memory_match,easy,100,94.01,50,0,7,True,0.0,50.0,90.4,medium
U092,memory_match,medium,84,78.54,52,2,11,True,0.18181818181818182,48.0,76.36,hard
U092,pattern_recall,easy,90,88.98,18,1,8,True,0.125,82.85714285714285,88.2,medium
U092,routine_order,hard,80,59.73,49,2,6,True,0.3333333333333333,52.88461538461539,66.84,hard
U092,routine_order,medium,70,67.81,34,3,10,False,0.3,67.3076923076923,68.83,medium
U092,memory_match,hard,76,46.7,79,3,6,True,0.5,20.999999999999996,53.59,medium
U092,pattern_recall,hard,70,62.85,70,3,8,True,0.375,33.333333333333336,60.87,hard
U092,pattern_recall,easy,90,91.99,37,1,14,True,0.07142857142857142,64.76190476190476,87.34,medium
U092,routine_order,hard,60,55.77,88,4,9,True,0.4444444444444444,15.384615384615385,51.16,medium
U092,routine_order,easy,100,94.72,49,0,6,False,0.0,52.88461538461539,91.08,medium
U092,routine_order,easy,100,100.0,37,0,5,True,0.0,64.42307692307692,94.66,medium
U092,routine_order,hard,50,63.88,73,5,15,True,0.3333333333333333,29.807692307692314,54.33,medium
U092,routine_order,hard,70,76.11,63,3,12,True,0.25,39.42307692307693,68.3,hard
U092,pattern_recall,medium,70,66.41,61,3,10,True,0.3,41.9047619047619,64.53,medium
U092,routine_order,easy,80,88.59,56,2,15,True,0.13333333333333333,46.15384615384615,78.93,medium
U092,pattern_recall,medium,90,91.2,57,1,15,True,0.06666666666666667,45.714285714285715,84.28,hard
U092,pattern_recall,easy,100,96.82,47,0,7,True,0.0,55.23809523809524,92.17,medium
U092,routine_order,medium,40,56.95,62,6,15,True,0.4,40.38461538461539,48.99,easy
U092,routine_order,hard,60,75.25,78,4,15,False,0.26666666666666666,25.0,62.09,hard
U092,routine_order,hard,60,62.63,74,4,12,True,0.3333333333333333,28.846153846153843,57.25,hard
U092,memory_match,easy,92,92.07,31,1,13,True,0.07692307692307693,69.0,88.62,medium
U092,memory_match,medium,92,81.42,57,1,8,True,0.125,43.00000000000001,80.27,hard
U093,pattern_recall,hard,90,77.23,82,1,6,True,0.16666666666666666,21.904761904761905,74.32,hard
U093,routine_order,hard,40,57.66,71,6,15,True,0.4,31.73076923076923,47.94,medium
U093,pattern_recall,hard,80,81.46,76,2,11,True,0.18181818181818182,27.61904761904762,72.93,hard
U093,memory_match,medium,92,86.56,48,1,11,True,0.09090909090909091,52.0,83.93,hard
U093,routine_order,easy,90,87.56,59,1,11,True,0.09090909090909091,43.269230769230774,82.27,medium
U093,pattern_recall,medium,80,74.82,46,2,7,True,0.2857142857142857,56.19047619047619,73.33,medium
U093,routine_order,easy,80,82.13,49,2,10,True,0.2,52.88461538461539,76.68,medium
U093,pattern_recall,hard,60,75.37,66,4,15,True,0.26666666666666666,37.142857142857146,63.95,hard
U093,memory_match,hard,44,56.1,78,7,15,True,0.4666666666666667,21.999999999999996,46.33,medium
U093,pattern_recall,medium,70,76.98,35,3,15,True,0.2,66.66666666666667,73.44,medium
U093,routine_order,hard,80,78.36,64,2,9,True,0.2222222222222222,38.46153846153846,72.86,hard
U093,pattern_recall,hard,50,54.2,86,5,11,True,0.45454545454545453,18.0952380952381,47.37,medium
U093,routine_order,easy,100,96.98,39,0,9,True,0.0,62.5,93.32,medium
U093,pattern_recall,hard,60,68.92,72,4,14,True,0.2857142857142857,31.428571428571427,60.55,hard
U093,memory_match,medium,76,63.25,60,3,9,True,0.3333333333333333,40.0,64.74,medium
U093,memory_match,easy,92,93.57,37,1,11,True,0.09090909090909091,63.0,88.04,medium
U093,pattern_recall,easy,100,100.0,19,0,7,True,0.0,81.9047619047619,97.29,medium
U093,memory_match,hard,68,70.26,55,4,15,True,0.26666666666666666,44.99999999999999,66.14,hard
U093,routine_order,easy,100,96.97,30,0,13,True,0.0,71.15384615384616,94.61,medium
U093,pattern_recall,hard,70,75.62,50,3,13,True,0.23076923076923078,52.38095238095239,70.36,hard
U093,routine_order,easy,90,79.42,43,1,7,True,0.14285714285714285,58.65384615384615,80.95,medium
U093,routine_order,hard,30,44.92,73,7,13,True,0.5384615384615384,29.807692307692314,37.62,medium
U093,pattern_recall,medium,90,77.93,52,1,6,True,0.16666666666666666,50.476190476190474,78.85,hard
U093,routine_order,easy,80,85.64,36,2,12,False,0.16666666666666666,65.38461538461539,80.28,medium
U093,routine_order,hard,50,57.83,90,5,11,True,0.45454545454545453,13.461538461538458,47.94,medium
U093,memory_match,easy,92,77.7,46,1,5,True,0.2,54.0,79.49,medium
U093,pattern_recall,easy,80,85.15,27,2,15,True,0.13333333333333333,74.28571428571429,81.95,medium
U093,routine_order,medium,90,82.19,53,1,6,True,0.16666666666666666,49.03846153846154,80.12,hard
U093,pattern_recall,medium,80,82.48,56,2,11,True,0.18181818181818182,46.666666666666664,76.14,hard
U093,memory_match,easy,84,86.24,42,2,15,True,0.13333333333333333,58.00000000000001,81.28,medium
U094,memory_match,hard,68,64.06,63,4,11,True,0.36363636363636365,37.0,61.32,hard
U094,pattern_recall,medium,60,69.96,41,4,12,True,0.3333333333333333,60.952380952380956,64.63,medium
U094,routine_order,medium,100,92.16,33,0,5,True,0.0,68.26923076923077,92.5,hard
U094,routine_order,hard,60,65.39,67,4,12,True,0.3333333333333333,35.57692307692307,59.22,hard
U094,routine_order,medium,90,83.09,46,1,7,True,0.14285714285714285,55.769230769230774,81.8,hard
U094,routine_order,easy,70,72.17,21,3,9,True,0.3333333333333333,79.8076923076923,71.73,easy
U094,memory_match,medium,84,73.22,60,2,7,True,0.2857142857142857,40.0,71.74,medium
U094,routine_order,medium,80,79.92,36,2,12,True,0.16666666666666666,65.38461538461539,78.28,hard
U094,memory_match,medium,76,71.31,62,3,9,True,0.3333333333333333,38.0,67.26,medium
U094,pattern_recall,medium,100,95.13,39,0,8,True,0.0,62.857142857142854,92.72,hard
U094,routine_order,medium,80,78.71,52,2,11,True,0.18181818181818182,50.0,75.32,medium
U094,pattern_recall,hard,70,53.07,65,3,6,True,0.5,38.095238095238095,56.29,medium
U094,memory_match,hard,76,65.35,69,3,8,True,0.375,31.000000000000007,63.5,hard
U094,memory_match,easy,92,89.19,33,1,12,False,0.08333333333333333,67.0,87.22,medium
U094,pattern_recall,medium,40,47.69,74,6,11,True,0.5454545454545454,29.52380952380952,41.94,easy
U094,pattern_recall,hard,60,63.72,68,4,11,True,0.36363636363636365,35.238095238095234,58.13,hard
U094,pattern_recall,hard,70,68.03,70,3,8,True,0.375,33.333333333333336,62.69,hard
U094,memory_match,hard,84,67.76,76,2,5,True,0.4,24.0,65.72,hard
U094,memory_match,easy,92,78.73,30,1,6,True,0.16666666666666666,70.0,82.76,medium
U094,memory_match,easy,92,91.59,24,1,6,True,0.16666666666666666,76.0,88.16,medium
U094,pattern_recall,hard,50,61.31,71,5,13,True,0.38461538461538464,32.38095238095238,53.05,medium
U094,memory_match,hard,76,70.01,90,3,11,True,0.2727272727272727,9.999999999999998,63.51,hard
U094,pattern_recall,hard,90,81.06,60,1,6,True,0.16666666666666666,42.85714285714286,78.8,hard
U094,routine_order,hard,70,76.32,64,3,13,True,0.23076923076923078,38.46153846153846,68.52,hard
U094,routine_order,hard,70,69.79,95,3,9,True,0.3333333333333333,8.653846153846157,60.22,hard
U094,memory_match,hard,76,63.19,72,3,9,True,0.3333333333333333,28.000000000000004,62.92,hard
U094,memory_match,easy,68,69.52,44,4,14,True,0.2857142857142857,56.00000000000001,67.25,easy
U094,memory_match,medium,84,85.72,43,2,15,True,0.13333333333333333,57.00000000000001,80.95,hard
U094,memory_match,hard,76,77.1,86,3,11,True,0.2727272727272727,14.000000000000002,66.59,hard
U094,memory_match,easy,84,72.16,39,2,6,True,0.3333333333333333,61.0,73.81,easy
U095,pattern_recall,medium,80,77.76,62,2,11,True,0.18181818181818182,40.95238095238095,73.63,medium
U095,routine_order,medium,60,73.99,66,4,15,True,0.26666666666666666,36.53846153846154,63.38,medium
U095,routine_order,medium,80,79.17,31,2,10,True,0.2,70.1923076923077,78.24,medium
U095,memory_match,medium,92,89.74,43,1,8,True,0.125,57.00000000000001,85.28,hard
U095,memory_match,medium,92,79.78,47,1,7,True,0.14285714285714285,53.0,80.93,hard
U095,routine_order,medium,80,75.96,47,2,8,False,0.25,54.807692307692314,74.06,medium
U095,memory_match,medium,36,45.87,53,8,15,True,0.5333333333333333,47.0,42.7,easy
U095,memory_match,hard,84,84.98,62,2,13,True,0.15384615384615385,38.0,77.54,hard
U095,routine_order,hard,90,85.34,81,1,7,True,0.14285714285714285,22.115384615384613,77.54,hard
U095,memory_match,medium,84,80.85,35,2,11,True,0.18181818181818182,65.0,79.72,hard
U095,routine_order,medium,80,79.63,50,2,8,True,0.25,51.92307692307692,74.91,medium
U095,pattern_recall,easy,100,100.0,31,0,10,True,0.0,70.47619047619047,95.57,medium
U095,pattern_recall,easy,80,79.73,27,2,12,True,0.16666666666666666,74.28571428571429,79.55,medium
U095,pattern_recall,hard,70,68.93,40,3,11,True,0.2727272727272727,61.904761904761905,68.82,hard
U095,memory_match,hard,76,65.58,56,3,9,True,0.3333333333333333,43.99999999999999,66.15,hard
U095,routine_order,medium,90,80.57,51,1,5,True,0.2,50.96153846153846,79.34,hard
U095,memory_match,medium,76,57.29,49,3,7,True,0.42857142857142855,51.0,62.87,medium
U095,memory_match,easy,92,81.93,42,1,6,True,0.16666666666666666,58.00000000000001,82.08,medium
U095,routine_order,medium,60,70.35,66,4,12,True,0.3333333333333333,36.53846153846154,61.1,medium
U095,pattern_recall,easy,90,87.66,32,1,6,True,0.16666666666666666,69.52380952380952,85.11,medium
U095,memory_match,hard,76,61.29,73,3,7,True,0.42857142857142855,27.0,60.67,hard
U095,routine_order,hard,50,63.1,76,5,13,True,0.38461538461538464,26.923076923076927,52.85,medium
U095,routine_order,hard,70,60.44,82,3,7,True,0.42857142857142855,21.153846153846157,57.4,hard
U095,memory_match,easy,100,100.0,31,0,13,True,0.0,69.0,95.35,medium
U095,pattern_recall,hard,70,67.06,100,3,9,True,0.3333333333333333,4.761904761904767,58.69,hard
U095,pattern_recall,hard,70,61.72,54,3,9,True,0.3333333333333333,48.57142857142858,63.39,hard
U095,memory_match,easy,68,75.23,54,4,15,True,0.26666666666666666,46.0,68.03,easy
U095,routine_order,medium,70,81.5,59,3,15,True,0.2,43.269230769230774,71.52,medium
U095,routine_order,hard,50,58.04,66,5,12,True,0.4166666666666667,36.53846153846154,52.04,medium
U095,memory_match,easy,76,78.31,43,3,15,True,0.2,57.00000000000001,74.56,easy
U096,memory_match,medium,84,81.75,68,2,11,True,0.18181818181818182,31.999999999999996,75.09,hard
U096,memory_match,hard,84,87.41,87,2,14,True,0.14285714285714285,13.0,74.8,hard
U096,routine_order,medium,70,68.69,66,3,9,True,0.3333333333333333,36.53846153846154,64.02,medium
U096,routine_order,hard,70,66.7,62,3,10,True,0.3,40.38461538461539,64.4,hard
U096,pattern_recall,hard,70,75.48,70,3,13,True,0.23076923076923078,33.333333333333336,67.46,hard
U096,memory_match,medium,92,83.82,79,1,5,True,0.2,20.999999999999996,76.69,hard
U096,routine_order,easy,90,81.63,36,1,6,True,0.16666666666666666,65.38461538461539,82.38,medium
U096,memory_match,hard,84,76.84,53,2,9,True,0.2222222222222222,47.0,75.01,hard
U096,memory_match,hard,84,73.4,62,2,8,True,0.25,38.0,72.04,hard
U096,routine_order,easy,80,80.01,29,2,10,True,0.2,72.11538461538461,78.82,medium
U096,memory_match,hard,84,66.69,65,2,6,True,0.3333333333333333,35.0,67.99,hard
U096,memory_match,easy,100,100.0,42,0,7,True,0.0,58.00000000000001,93.7,medium
U096,routine_order,easy,90,76.94,44,1,6,True,0.16666666666666666,57.692307692307686,79.58,medium
U096,pattern_recall,medium,60,71.93,63,4,14,True,0.2857142857142857,40.0,62.89,medium
U096,pattern_recall,hard,70,57.91,62,3,8,True,0.375,40.95238095238095,60.29,hard
U096,routine_order,easy,100,100.0,10,0,7,True,0.0,90.38461538461539,98.56,medium
U096,pattern_recall,easy,90,89.16,51,1,13,True,0.07692307692307693,51.42857142857142,84.27,medium
U096,routine_order,easy,80,79.81,38,2,10,True,0.2,63.46153846153846,77.45,easy
U096,routine_order,hard,60,60.08,81,4,9,True,0.4444444444444444,22.115384615384613,53.68,medium
U096,routine_order,easy,90,90.12,39,1,14,True,0.07142857142857142,62.5,86.35,medium
U096,memory_match,medium,92,93.39,53,1,8,True,0.125,47.0,85.06,hard
U096,pattern_recall,hard,40,50.5,59,6,12,True,0.5,43.80952380952381,45.75,medium
U096,routine_order,hard,80,78.39,70,2,10,True,0.2,32.692307692307686,72.34,hard
U096,pattern_recall,medium,80,83.88,56,2,11,True,0.18181818181818182,46.666666666666664,76.63,hard
U096,memory_match,medium,92,80.52,42,1,5,True,0.2,58.00000000000001,81.08,hard
U096,routine_order,hard,70,74.93,63,3,11,True,0.2727272727272727,39.42307692307693,67.55,hard
U096,pattern_recall,easy,80,77.34,21,2,11,False,0.18181818181818182,80.0,79.34,easy
U096,routine_order,hard,60,68.98,58,4,13,True,0.3076923076923077,44.230769230769226,62.16,hard
U096,routine_order,medium,70,80.33,43,3,13,True,0.23076923076923078,58.65384615384615,72.95,medium
U096,pattern_recall,medium,90,85.31,62,1,5,True,0.2,40.95238095238095,79.5,hard
U097,routine_order,easy,90,93.87,35,1,9,True,0.1111111111111111,66.34615384615384,87.64,medium
U097,routine_order,easy,90,91.21,24,1,6,True,0.16666666666666666,76.92307692307692,87.46,medium
U097,pattern_recall,easy,90,90.67,55,1,15,True,0.06666666666666667,47.61904761904761,84.38,medium
U097,routine_order,easy,70,78.82,27,3,15,True,0.2,74.03846153846155,75.19,easy
U097,pattern_recall,hard,50,54.79,68,5,11,True,0.45454545454545453,35.238095238095234,50.14,medium
U097,pattern_recall,medium,70,70.77,69,3,10,True,0.3,34.285714285714285,64.91,medium
U097,pattern_recall,easy,80,84.22,62,2,13,True,0.15384615384615385,40.95238095238095,76.31,medium
U097,memory_match,medium,92,84.43,49,1,9,True,0.1111111111111111,51.0,82.73,hard
U097,memory_match,hard,68,68.99,78,4,13,False,0.3076923076923077,21.999999999999996,61.63,hard
U097,pattern_recall,easy,60,72.87,40,4,15,True,0.26666666666666666,61.904761904761905,66.79,easy
U097,routine_order,easy,90,79.86,46,1,5,True,0.2,55.769230769230774,79.82,medium
U097,memory_match,easy,84,77.9,48,2,8,False,0.25,52.0,75.71,easy
U097,pattern_recall,hard,70,80.12,90,3,14,True,0.21428571428571427,14.28571428571429,66.47,hard
U097,pattern_recall,easy,90,91.42,20,1,15,False,0.06666666666666667,80.95238095238095,89.64,medium
U097,routine_order,medium,80,81.9,53,2,10,True,0.2,49.03846153846154,76.02,hard
U097,routine_order,easy,80,71.2,25,2,6,True,0.3333333333333333,75.96153846153845,74.31,easy
U097,memory_match,hard,92,83.04,77,1,5,False,0.2,23.0,76.71,hard
U097,routine_order,hard,60,64.2,71,4,12,True,0.3333333333333333,31.73076923076923,58.23,hard
U097,pattern_recall,medium,90,83.28,53,1,6,True,0.16666666666666666,49.523809523809526,80.58,hard
U097,pattern_recall,easy,90,86.33,28,1,9,True,0.1111111111111111,73.33333333333334,86.05,medium
U097,pattern_recall,medium,80,75.5,43,2,10,True,0.2,59.04761904761905,75.28,medium
U097,routine_order,easy,90,91.65,48,1,7,True,0.14285714285714285,53.84615384615385,84.51,medium
U097,pattern_recall,hard,50,50.43,51,5,11,True,0.45454545454545453,51.42857142857142,51.05,medium
U097,pattern_recall,hard,60,66.82,80,4,12,True,0.3333333333333333,23.809523809523814,57.96,hard
U097,routine_order,easy,100,94.71,29,0,7,True,0.0,72.11538461538461,93.97,medium
U097,pattern_recall,easy,80,83.17,43,2,12,True,0.16666666666666666,59.04761904761905,78.47,medium
U097,pattern_recall,easy,90,86.62,16,1,7,True,0.14285714285714285,84.76190476190476,87.39,medium
U097,memory_match,easy,84,74.83,26,2,8,True,0.25,74.0,77.94,easy
U097,memory_match,medium,92,78.0,57,1,6,True,0.16666666666666666,43.00000000000001,78.45,hard
U097,routine_order,hard,30,51.93,84,7,14,True,0.5,19.23076923076923,39.06,medium
U098,routine_order,hard,70,66.72,55,3,8,True,0.375,47.11538461538461,64.29,hard
U098,routine_order,easy,90,87.75,33,1,5,True,0.2,68.26923076923077,84.45,medium
U098,memory_match,medium,84,78.46,52,2,9,True,0.2222222222222222,48.0,75.73,hard
U098,routine_order,easy,90,89.86,25,1,12,True,0.08333333333333333,75.96153846153845,88.1,medium
U098,pattern_recall,easy,70,81.41,63,3,14,True,0.21428571428571427,40.0,70.78,easy
U098,pattern_recall,medium,80,68.47,39,2,7,True,0.2857142857142857,62.857142857142854,72.11,medium
U098,pattern_recall,easy,70,77.72,40,3,15,True,0.2,61.904761904761905,72.99,easy
U098,pattern_recall,medium,60,74.49,55,4,15,True,0.26666666666666666,47.61904761904761,65.21,medium
U098,pattern_recall,easy,70,71.75,41,3,11,True,0.2727272727272727,60.952380952380956,69.66,easy
U098,routine_order,medium,80,89.37,41,2,15,True,0.13333333333333333,60.57692307692308,81.37,hard
U098,pattern_recall,medium,80,81.5,41,2,11,True,0.18181818181818182,60.952380952380956,77.94,hard
U098,pattern_recall,hard,60,51.01,73,4,8,True,0.5,30.476190476190478,50.92,medium
U098,memory_match,medium,68,75.73,64,4,15,True,0.26666666666666666,36.0,66.71,medium
U098,pattern_recall,hard,70,67.78,73,3,8,True,0.375,30.476190476190478,62.17,hard
U098,routine_order,easy,80,79.18,11,2,11,True,0.18181818181818182,89.42307692307693,81.4,medium
U098,pattern_recall,hard,50,61.32,67,5,14,True,0.35714285714285715,36.1904761904762,54.03,medium
U098,pattern_recall,hard,80,76.84,72,2,9,True,0.2222222222222222,31.428571428571427,71.27,hard
U098,pattern_recall,medium,80,76.16,48,2,7,True,0.2857142857142857,54.28571428571429,73.51,medium
U098,pattern_recall,easy,80,87.64,19,2,13,True,0.15384615384615385,81.9047619047619,83.65,medium
U098,pattern_recall,easy,90,92.27,53,1,8,True,0.125,49.523809523809526,84.35,medium
U098,pattern_recall,medium,70,52.88,36,3,6,True,0.5,65.71428571428571,60.37,easy
U098,pattern_recall,hard,80,81.24,105,2,10,True,0.2,0.0,68.43,hard
U098,memory_match,easy,100,97.05,34,0,13,True,0.0,65.99999999999999,93.87,medium
U098,memory_match,medium,84,78.13,79,2,7,True,0.2857142857142857,20.999999999999996,70.61,medium
U098,pattern_recall,easy,80,76.3,25,2,8,True,0.25,76.19047619047619,77.38,easy
U098,pattern_recall,hard,80,82.34,84,2,13,True,0.15384615384615385,19.999999999999996,72.51,hard
U098,memory_match,medium,84,80.34,60,2,12,True,0.16666666666666666,40.0,76.02,hard
U098,memory_match,hard,84,73.93,66,2,9,True,0.2222222222222222,34.0,72.04,hard
U098,pattern_recall,easy,100,98.43,32,0,15,True,0.0,69.52380952380952,94.88,medium
U098,pattern_recall,easy,90,82.53,52,1,8,True,0.125,50.476190476190474,81.08,medium
U099,pattern_recall,easy,90,91.4,43,1,11,True,0.09090909090909091,59.04761904761905,85.98,medium
U099,pattern_recall,medium,70,75.05,41,3,11,True,0.2727272727272727,60.952380952380956,70.82,medium
U099,memory_match,medium,76,82.1,38,3,14,True,0.21428571428571427,62.0,76.42,medium
U099,routine_order,hard,70,78.73,61,3,13,True,0.23076923076923078,41.34615384615385,69.8,hard
U099,routine_order,easy,50,66.77,38,5,15,True,0.3333333333333333,63.46153846153846,60.39,easy
U099,pattern_recall,medium,70,74.54,40,3,12,True,0.25,61.904761904761905,71.12,medium
U099,memory_match,hard,76,83.01,75,3,15,True,0.2,25.0,71.4,hard
U099,pattern_recall,medium,100,94.14,38,0,6,True,0.0,63.8095238095238,92.52,hard
U099,routine_order,easy,100,99.3,37,0,7,True,0.0,64.42307692307692,94.42,medium
U099,memory_match,easy,92,70.91,22,1,5,True,0.2,78.0,80.72,medium
U099,memory_match,hard,84,66.55,71,2,6,True,0.3333333333333333,29.000000000000004,67.04,hard
U099,memory_match,medium,76,70.17,36,3,10,True,0.3,64.0,71.26,medium
U099,memory_match,easy,84,84.7,26,2,13,True,0.15384615384615385,74.0,82.84,medium
U099,pattern_recall,medium,70,75.53,67,3,11,True,0.2727272727272727,36.1904761904762,67.27,medium
U099,pattern_recall,easy,80,85.68,35,2,13,True,0.15384615384615385,66.66666666666667,80.68,medium
U099,memory_match,hard,68,57.97,66,4,9,True,0.4444444444444444,34.0,57.52,hard
U099,pattern_recall,hard,80,56.16,90,2,5,True,0.4,14.28571428571429,58.8,hard
U099,routine_order,medium,80,74.36,44,2,8,True,0.25,57.692307692307686,73.93,medium
U099,routine_order,hard,60,74.66,82,4,15,True,0.26666666666666666,21.153846153846157,61.3,hard
U099,memory_match,easy,100,93.91,31,0,8,True,0.0,69.0,93.22,medium
U099,memory_match,medium,76,75.4,51,3,11,True,0.2727272727272727,49.0,71.25,medium
U099,pattern_recall,medium,90,89.74,46,1,13,True,0.07692307692307693,56.19047619047619,85.18,hard
U099,pattern_recall,easy,90,84.59,21,1,5,True,0.2,80.0,85.11,medium
U099,pattern_recall,medium,100,99.08,41,0,8,True,0.0,60.952380952380956,93.82,hard
U099,pattern_recall,hard,50,67.29,72,5,14,True,0.35714285714285715,31.428571428571427,55.41,medium
U099,memory_match,hard,76,73.33,52,3,13,True,0.23076923076923078,48.0,71.0,hard
U099,memory_match,hard,76,49.03,71,3,5,True,0.6,29.000000000000004,54.11,medium
U099,pattern_recall,hard,70,76.96,72,3,13,True,0.23076923076923078,31.428571428571427,67.69,hard
U099,routine_order,medium,80,78.86,41,2,11,True,0.18181818181818182,60.57692307692308,76.96,medium
U099,memory_match,easy,92,91.98,10,1,12,True,0.08333333333333333,90.0,91.64,medium
U100,memory_match,hard,76,67.52,87,3,8,True,0.375,13.0,61.56,hard
U100,routine_order,medium,90,80.65,56,1,6,True,0.16666666666666666,46.15384615384615,79.15,hard
U100,memory_match,hard,52,35.69,77,6,10,True,0.6,23.0,40.14,medium
U100,memory_match,easy,76,74.92,21,3,10,True,0.3,79.0,75.17,easy
U100,routine_order,hard,40,59.42,63,6,14,True,0.42857142857142855,39.42307692307693,49.28,medium
U100,routine_order,easy,90,95.17,25,1,12,True,0.08333333333333333,75.96153846153845,89.95,medium
U100,routine_order,easy,90,92.31,30,1,14,True,0.07142857142857142,71.15384615384616,88.41,medium
U100,routine_order,medium,70,81.72,63,3,14,True,0.21428571428571427,39.42307692307693,70.8,medium
U100,pattern_recall,easy,100,100.0,30,0,13,True,0.0,71.42857142857143,95.71,medium
U100,routine_order,medium,70,79.24,33,3,13,True,0.23076923076923078,68.26923076923077,74.01,medium
U100,pattern_recall,hard,60,74.34,86,4,15,True,0.26666666666666666,18.0952380952381,60.73,hard
U100,memory_match,medium,92,85.94,69,1,6,True,0.16666666666666666,31.000000000000007,79.43,hard
U100,pattern_recall,medium,70,63.92,52,3,8,True,0.375,50.476190476190474,63.82,medium
U100,pattern_recall,hard,90,90.01,49,1,8,True,0.125,53.333333333333336,84.13,hard
U100,pattern_recall,easy,80,73.13,46,2,8,True,0.25,56.19047619047619,73.27,easy
U100,pattern_recall,medium,60,70.18,61,4,12,False,0.3333333333333333,41.9047619047619,61.85,medium
U100,routine_order,hard,80,56.18,56,2,5,True,0.4,46.15384615384615,63.59,hard
U100,memory_match,medium,100,98.03,56,0,9,True,0.0,43.99999999999999,90.91,hard
U100,pattern_recall,easy,90,86.76,17,1,5,False,0.2,83.80952380952381,86.44,medium
U100,routine_order,hard,60,72.06,42,4,13,True,0.3076923076923077,59.61538461538461,65.55,hard
U100,pattern_recall,easy,90,78.19,39,1,5,True,0.2,62.857142857142854,80.3,medium
U100,routine_order,easy,80,77.63,36,2,9,True,0.2222222222222222,65.38461538461539,76.64,easy
U100,pattern_recall,easy,90,95.6,22,1,13,True,0.07692307692307693,79.04761904761905,90.66,medium
U100,routine_order,medium,80,75.13,43,2,9,True,0.2222222222222222,58.65384615384615,74.76,medium
U100,pattern_recall,medium,70,68.9,40,3,10,True,0.3,61.904761904761905,68.4,medium
U100,routine_order,easy,100,100.0,40,0,13,True,0.0,61.53846153846154,94.23,medium
U100,routine_order,hard,70,67.26,54,3,9,True,0.3333333333333333,48.07692307692307,65.25,hard
U100,routine_order,easy,100,100.0,46,0,15,False,0.0,55.769230769230774,93.37,medium
U100,pattern_recall,easy,90,90.47,32,1,6,True,0.16666666666666666,69.52380952380952,86.09,medium
U100,pattern_recall,easy,90,87.51,43,1,7,True,0.14285714285714285,59.04761904761905,83.84,medium
